Record Length,20000,Points,-32.00000000,-512.000024319E-3,
Sample Interval,3.20000015E-3,s,-31.99679947,-512.000024319E-3,
Trigger Point,10.0000000E3,Samples,-31.99360085,-512.000024319E-3,
,,,-31.99040031,-512.000024319E-3,
,,,-31.98719978,-512.000024319E-3,
,,,-31.98399925,-512.000024319E-3,
Source,CH1,,-31.98080063,-512.000024319E-3,
Vertical Units,V,,-31.97760010,-512.000024319E-3,
Vertical Scale,100.0000047E-3,,-31.97439957,-512.000024319E-3,
Vertical Offset,0,,-31.97120094,-512.000024319E-3,
Horizontal Units,s,,-31.96800041,-512.000024319E-3,
Horizontal Scale,6.40000030,,-31.96479988,-512.000024319E-3,
Pt Fmt,Y,,-31.96159935,-512.000024319E-3,
Yzero,0.0,,-31.95840073,-512.000024319E-3,
,,,-31.95520020,-512.000024319E-3,
,,,-31.95199966,-512.000024319E-3,
Note,TBS1102X - ÏÂÎç 4:15:40   13/7/26,,-31.94879913,-512.000024319E-3,
,,,-31.94560051,-512.000024319E-3,
,,,-31.94239998,-512.000024319E-3,
,,,-31.93919945,-512.000024319E-3,
,,,-31.93600082,-512.000024319E-3,
,,,-31.93280029,-512.000024319E-3,
,,,-31.92959976,-512.000024319E-3,
,,,-31.92639923,-512.000024319E-3,
,,,-31.92320061,-512.000024319E-3,
,,,-31.92000008,-512.000024319E-3,
,,,-31.91679955,-512.000024319E-3,
,,,-31.91360092,-512.000024319E-3,
,,,-31.91040039,-512.000024319E-3,
,,,-31.90719986,-512.000024319E-3,
,,,-31.90399933,-512.000024319E-3,
,,,-31.90080070,-512.000024319E-3,
,,,-31.89760017,-512.000024319E-3,
,,,-31.89439964,-512.000024319E-3,
,,,-31.89119911,-512.000024319E-3,
,,,-31.88800049,-512.000024319E-3,
,,,-31.88479996,-512.000024319E-3,
,,,-31.88159943,-512.000024319E-3,
,,,-31.87840080,-512.000024319E-3,
,,,-31.87520027,-512.000024319E-3,
,,,-31.87199974,-512.000024319E-3,
,,,-31.86879921,-512.000024319E-3,
,,,-31.86560059,-512.000024319E-3,
,,,-31.86240005,-512.000024319E-3,
,,,-31.85919952,-512.000024319E-3,
,,,-31.85600090,-512.000024319E-3,
,,,-31.85280037,-512.000024319E-3,
,,,-31.84959984,-512.000024319E-3,
,,,-31.84639931,-512.000024319E-3,
,,,-31.84320068,-512.000024319E-3,
,,,-31.84000015,-512.000024319E-3,
,,,-31.83679962,-512.000024319E-3,
,,,-31.83359909,-512.000024319E-3,
,,,-31.83040047,-512.000024319E-3,
,,,-31.82719994,-512.000024319E-3,
,,,-31.82399940,-512.000024319E-3,
,,,-31.82080078,-512.000024319E-3,
,,,-31.81760025,-512.000024319E-3,
,,,-31.81439972,-512.000024319E-3,
,,,-31.81119919,-512.000024319E-3,
,,,-31.80800056,-512.000024319E-3,
,,,-31.80480003,-512.000024319E-3,
,,,-31.80159950,-512.000024319E-3,
,,,-31.79840088,-512.000024319E-3,
,,,-31.79520035,-512.000024319E-3,
,,,-31.79199982,-512.000024319E-3,
,,,-31.78879929,-512.000024319E-3,
,,,-31.78560066,-512.000024319E-3,
,,,-31.78240013,-512.000024319E-3,
,,,-31.77919960,-512.000024319E-3,
,,,-31.77599907,-512.000024319E-3,
,,,-31.77280045,-512.000024319E-3,
,,,-31.76959991,-512.000024319E-3,
,,,-31.76639938,-512.000024319E-3,
,,,-31.76320076,-512.000024319E-3,
,,,-31.76000023,-512.000024319E-3,
,,,-31.75679970,-512.000024319E-3,
,,,-31.75359917,-512.000024319E-3,
,,,-31.75040054,-512.000024319E-3,
,,,-31.74720001,-512.000024319E-3,
,,,-31.74399948,-512.000024319E-3,
,,,-31.74080086,-512.000024319E-3,
,,,-31.73760033,-512.000024319E-3,
,,,-31.73439980,-512.000024319E-3,
,,,-31.73119926,-512.000024319E-3,
,,,-31.72800064,-512.000024319E-3,
,,,-31.72480011,-512.000024319E-3,
,,,-31.72159958,-512.000024319E-3,
,,,-31.71839905,-512.000024319E-3,
,,,-31.71520042,-512.000024319E-3,
,,,-31.71199989,-512.000024319E-3,
,,,-31.70879936,-512.000024319E-3,
,,,-31.70560074,-512.000024319E-3,
,,,-31.70240021,-512.000024319E-3,
,,,-31.69919968,-512.000024319E-3,
,,,-31.69599915,-512.000024319E-3,
,,,-31.69280052,-512.000024319E-3,
,,,-31.68959999,-512.000024319E-3,
,,,-31.68639946,-512.000024319E-3,
,,,-31.68320084,-512.000024319E-3,
,,,-31.68000031,-512.000024319E-3,
,,,-31.67679977,-512.000024319E-3,
,,,-31.67359924,-512.000024319E-3,
,,,-31.67040062,-512.000024319E-3,
,,,-31.66720009,-512.000024319E-3,
,,,-31.66399956,-512.000024319E-3,
,,,-31.66080093,-512.000024319E-3,
,,,-31.65760040,-512.000024319E-3,
,,,-31.65439987,-512.000024319E-3,
,,,-31.65119934,-512.000024319E-3,
,,,-31.64800072,-512.000024319E-3,
,,,-31.64480019,-512.000024319E-3,
,,,-31.64159966,-512.000024319E-3,
,,,-31.63839912,-512.000024319E-3,
,,,-31.63520050,-512.000024319E-3,
,,,-31.63199997,-512.000024319E-3,
,,,-31.62879944,-512.000024319E-3,
,,,-31.62560081,-512.000024319E-3,
,,,-31.62240028,-512.000024319E-3,
,,,-31.61919975,-512.000024319E-3,
,,,-31.61599922,-512.000024319E-3,
,,,-31.61280060,-512.000024319E-3,
,,,-31.60960007,-512.000024319E-3,
,,,-31.60639954,-512.000024319E-3,
,,,-31.60320091,-512.000024319E-3,
,,,-31.60000038,-512.000024319E-3,
,,,-31.59679985,-512.000024319E-3,
,,,-31.59359932,-512.000024319E-3,
,,,-31.59040070,-512.000024319E-3,
,,,-31.58720016,-512.000024319E-3,
,,,-31.58399963,-512.000024319E-3,
,,,-31.58079910,-512.000024319E-3,
,,,-31.57760048,-512.000024319E-3,
,,,-31.57439995,-512.000024319E-3,
,,,-31.57119942,-512.000024319E-3,
,,,-31.56800079,-512.000024319E-3,
,,,-31.56480026,-512.000024319E-3,
,,,-31.56159973,-512.000024319E-3,
,,,-31.55839920,-512.000024319E-3,
,,,-31.55520058,-512.000024319E-3,
,,,-31.55200005,-512.000024319E-3,
,,,-31.54879951,-512.000024319E-3,
,,,-31.54560089,-512.000024319E-3,
,,,-31.54240036,-512.000024319E-3,
,,,-31.53919983,-512.000024319E-3,
,,,-31.53599930,-512.000024319E-3,
,,,-31.53280067,-512.000024319E-3,
,,,-31.52960014,-512.000024319E-3,
,,,-31.52639961,-512.000024319E-3,
,,,-31.52319908,-512.000024319E-3,
,,,-31.52000046,-512.000024319E-3,
,,,-31.51679993,-512.000024319E-3,
,,,-31.51359940,-512.000024319E-3,
,,,-31.51040077,-512.000024319E-3,
,,,-31.50720024,-512.000024319E-3,
,,,-31.50399971,-512.000024319E-3,
,,,-31.50079918,-512.000024319E-3,
,,,-31.49760056,-512.000024319E-3,
,,,-31.49440002,-512.000024319E-3,
,,,-31.49119949,-512.000024319E-3,
,,,-31.48800087,-512.000024319E-3,
,,,-31.48480034,-512.000024319E-3,
,,,-31.48159981,-512.000024319E-3,
,,,-31.47839928,-512.000024319E-3,
,,,-31.47520065,-512.000024319E-3,
,,,-31.47200012,-512.000024319E-3,
,,,-31.46879959,-512.000024319E-3,
,,,-31.46559906,-512.000024319E-3,
,,,-31.46240044,-512.000024319E-3,
,,,-31.45919991,-512.000024319E-3,
,,,-31.45599937,-512.000024319E-3,
,,,-31.45280075,-512.000024319E-3,
,,,-31.44960022,-512.000024319E-3,
,,,-31.44639969,-512.000024319E-3,
,,,-31.44319916,-512.000024319E-3,
,,,-31.44000053,-512.000024319E-3,
,,,-31.43680000,-512.000024319E-3,
,,,-31.43359947,-512.000024319E-3,
,,,-31.43040085,-512.000024319E-3,
,,,-31.42720032,-512.000024319E-3,
,,,-31.42399979,-512.000024319E-3,
,,,-31.42079926,-512.000024319E-3,
,,,-31.41760063,-512.000024319E-3,
,,,-31.41440010,-512.000024319E-3,
,,,-31.41119957,-512.000024319E-3,
,,,-31.40799904,-512.000024319E-3,
,,,-31.40480042,-512.000024319E-3,
,,,-31.40159988,-512.000024319E-3,
,,,-31.39839935,-512.000024319E-3,
,,,-31.39520073,-512.000024319E-3,
,,,-31.39200020,-512.000024319E-3,
,,,-31.38879967,-512.000024319E-3,
,,,-31.38559914,-512.000024319E-3,
,,,-31.38240051,-512.000024319E-3,
,,,-31.37919998,-512.000024319E-3,
,,,-31.37599945,-512.000024319E-3,
,,,-31.37280083,-512.000024319E-3,
,,,-31.36960030,-512.000024319E-3,
,,,-31.36639977,-512.000024319E-3,
,,,-31.36319923,-512.000024319E-3,
,,,-31.36000061,-512.000024319E-3,
,,,-31.35680008,-512.000024319E-3,
,,,-31.35359955,-512.000024319E-3,
,,,-31.35039902,-512.000024319E-3,
,,,-31.34720039,-512.000024319E-3,
,,,-31.34399986,-512.000024319E-3,
,,,-31.34079933,-512.000024319E-3,
,,,-31.33760071,-512.000024319E-3,
,,,-31.33440018,-512.000024319E-3,
,,,-31.33119965,-512.000024319E-3,
,,,-31.32799911,-512.000024319E-3,
,,,-31.32480049,-512.000024319E-3,
,,,-31.32159996,-512.000024319E-3,
,,,-31.31839943,-512.000024319E-3,
,,,-31.31520081,-512.000024319E-3,
,,,-31.31200027,-512.000024319E-3,
,,,-31.30879974,-512.000024319E-3,
,,,-31.30559921,-512.000024319E-3,
,,,-31.30240059,-512.000024319E-3,
,,,-31.29920006,-512.000024319E-3,
,,,-31.29599953,-512.000024319E-3,
,,,-31.29280090,-512.000024319E-3,
,,,-31.28960037,-512.000024319E-3,
,,,-31.28639984,-512.000024319E-3,
,,,-31.28319931,-512.000024319E-3,
,,,-31.28000069,-512.000024319E-3,
,,,-31.27680016,-512.000024319E-3,
,,,-31.27359962,-512.000024319E-3,
,,,-31.27039909,-512.000024319E-3,
,,,-31.26720047,-512.000024319E-3,
,,,-31.26399994,-512.000024319E-3,
,,,-31.26079941,-512.000024319E-3,
,,,-31.25760078,-512.000024319E-3,
,,,-31.25440025,-512.000024319E-3,
,,,-31.25119972,-512.000024319E-3,
,,,-31.24799919,-512.000024319E-3,
,,,-31.24480057,-512.000024319E-3,
,,,-31.24160004,-512.000024319E-3,
,,,-31.23839951,-512.000024319E-3,
,,,-31.23520088,-512.000024319E-3,
,,,-31.23200035,-512.000024319E-3,
,,,-31.22879982,-512.000024319E-3,
,,,-31.22559929,-512.000024319E-3,
,,,-31.22240067,-512.000024319E-3,
,,,-31.21920013,-512.000024319E-3,
,,,-31.21599960,-512.000024319E-3,
,,,-31.21279907,-512.000024319E-3,
,,,-31.20960045,-512.000024319E-3,
,,,-31.20639992,-512.000024319E-3,
,,,-31.20319939,-512.000024319E-3,
,,,-31.20000076,-512.000024319E-3,
,,,-31.19680023,-512.000024319E-3,
,,,-31.19359970,-512.000024319E-3,
,,,-31.19039917,-512.000024319E-3,
,,,-31.18720055,-512.000024319E-3,
,,,-31.18400002,-512.000024319E-3,
,,,-31.18079948,-512.000024319E-3,
,,,-31.17760086,-512.000024319E-3,
,,,-31.17440033,-512.000024319E-3,
,,,-31.17119980,-512.000024319E-3,
,,,-31.16799927,-512.000024319E-3,
,,,-31.16480064,-512.000024319E-3,
,,,-31.16160011,-512.000024319E-3,
,,,-31.15839958,-512.000024319E-3,
,,,-31.15519905,-512.000024319E-3,
,,,-31.15200043,-512.000024319E-3,
,,,-31.14879990,-512.000024319E-3,
,,,-31.14559937,-512.000024319E-3,
,,,-31.14240074,-512.000024319E-3,
,,,-31.13920021,-512.000024319E-3,
,,,-31.13599968,-512.000024319E-3,
,,,-31.13279915,-512.000024319E-3,
,,,-31.12960052,-512.000024319E-3,
,,,-31.12639999,-512.000024319E-3,
,,,-31.12319946,-512.000024319E-3,
,,,-31.12000084,-512.000024319E-3,
,,,-31.11680031,-512.000024319E-3,
,,,-31.11359978,-512.000024319E-3,
,,,-31.11039925,-512.000024319E-3,
,,,-31.10720062,-512.000024319E-3,
,,,-31.10400009,-512.000024319E-3,
,,,-31.10079956,-512.000024319E-3,
,,,-31.09759903,-512.000024319E-3,
,,,-31.09440041,-512.000024319E-3,
,,,-31.09119987,-512.000024319E-3,
,,,-31.08799934,-512.000024319E-3,
,,,-31.08480072,-512.000024319E-3,
,,,-31.08160019,-512.000024319E-3,
,,,-31.07839966,-512.000024319E-3,
,,,-31.07519913,-512.000024319E-3,
,,,-31.07200050,-512.000024319E-3,
,,,-31.06879997,-512.000024319E-3,
,,,-31.06559944,-512.000024319E-3,
,,,-31.06240082,-512.000024319E-3,
,,,-31.05920029,-512.000024319E-3,
,,,-31.05599976,-512.000024319E-3,
,,,-31.05279922,-512.000024319E-3,
,,,-31.04960060,-512.000024319E-3,
,,,-31.04640007,-512.000024319E-3,
,,,-31.04319954,-512.000024319E-3,
,,,-31.03999901,-512.000024319E-3,
,,,-31.03680038,-512.000024319E-3,
,,,-31.03359985,-512.000024319E-3,
,,,-31.03039932,-512.000024319E-3,
,,,-31.02720070,-512.000024319E-3,
,,,-31.02400017,-512.000024319E-3,
,,,-31.02079964,-512.000024319E-3,
,,,-31.01759911,-512.000024319E-3,
,,,-31.01440048,-512.000024319E-3,
,,,-31.01119995,-512.000024319E-3,
,,,-31.00799942,-512.000024319E-3,
,,,-31.00480080,-512.000024319E-3,
,,,-31.00160027,-512.000024319E-3,
,,,-30.99839973,-512.000024319E-3,
,,,-30.99519920,-512.000024319E-3,
,,,-30.99200058,-512.000024319E-3,
,,,-30.98880005,-512.000024319E-3,
,,,-30.98559952,-512.000024319E-3,
,,,-30.98240089,-512.000024319E-3,
,,,-30.97920036,-512.000024319E-3,
,,,-30.97599983,-512.000024319E-3,
,,,-30.97279930,-512.000024319E-3,
,,,-30.96960068,-512.000024319E-3,
,,,-30.96640015,-512.000024319E-3,
,,,-30.96319962,-512.000024319E-3,
,,,-30.95999908,-512.000024319E-3,
,,,-30.95680046,-512.000024319E-3,
,,,-30.95359993,-512.000024319E-3,
,,,-30.95039940,-512.000024319E-3,
,,,-30.94720078,-512.000024319E-3,
,,,-30.94400024,-512.000024319E-3,
,,,-30.94079971,-512.000024319E-3,
,,,-30.93759918,-512.000024319E-3,
,,,-30.93440056,-512.000024319E-3,
,,,-30.93120003,-512.000024319E-3,
,,,-30.92799950,-512.000024319E-3,
,,,-30.92480087,-512.000024319E-3,
,,,-30.92160034,-512.000024319E-3,
,,,-30.91839981,-512.000024319E-3,
,,,-30.91519928,-512.000024319E-3,
,,,-30.91200066,-512.000024319E-3,
,,,-30.90880013,-512.000024319E-3,
,,,-30.90559959,-512.000024319E-3,
,,,-30.90239906,-512.000024319E-3,
,,,-30.89920044,-512.000024319E-3,
,,,-30.89599991,-512.000024319E-3,
,,,-30.89279938,-512.000024319E-3,
,,,-30.88960075,-512.000024319E-3,
,,,-30.88640022,-512.000024319E-3,
,,,-30.88319969,-512.000024319E-3,
,,,-30.87999916,-512.000024319E-3,
,,,-30.87680054,-512.000024319E-3,
,,,-30.87360001,-512.000024319E-3,
,,,-30.87039948,-512.000024319E-3,
,,,-30.86720085,-512.000024319E-3,
,,,-30.86400032,-512.000024319E-3,
,,,-30.86079979,-512.000024319E-3,
,,,-30.85759926,-512.000024319E-3,
,,,-30.85440063,-512.000024319E-3,
,,,-30.85120010,-512.000024319E-3,
,,,-30.84799957,-512.000024319E-3,
,,,-30.84479904,-512.000024319E-3,
,,,-30.84160042,-512.000024319E-3,
,,,-30.83839989,-512.000024319E-3,
,,,-30.83519936,-512.000024319E-3,
,,,-30.83200073,-512.000024319E-3,
,,,-30.82880020,-512.000024319E-3,
,,,-30.82559967,-512.000024319E-3,
,,,-30.82239914,-512.000024319E-3,
,,,-30.81920052,-512.000024319E-3,
,,,-30.81599998,-512.000024319E-3,
,,,-30.81279945,-512.000024319E-3,
,,,-30.80960083,-512.000024319E-3,
,,,-30.80640030,-512.000024319E-3,
,,,-30.80319977,-512.000024319E-3,
,,,-30.79999924,-512.000024319E-3,
,,,-30.79680061,-512.000024319E-3,
,,,-30.79360008,-512.000024319E-3,
,,,-30.79039955,-512.000024319E-3,
,,,-30.78719902,-512.000024319E-3,
,,,-30.78400040,-512.000024319E-3,
,,,-30.78079987,-512.000024319E-3,
,,,-30.77759933,-512.000024319E-3,
,,,-30.77440071,-512.000024319E-3,
,,,-30.77120018,-512.000024319E-3,
,,,-30.76799965,-512.000024319E-3,
,,,-30.76479912,-512.000024319E-3,
,,,-30.76160049,-512.000024319E-3,
,,,-30.75839996,-512.000024319E-3,
,,,-30.75519943,-512.000024319E-3,
,,,-30.75200081,-512.000024319E-3,
,,,-30.74880028,-512.000024319E-3,
,,,-30.74559975,-512.000024319E-3,
,,,-30.74239922,-512.000024319E-3,
,,,-30.73920059,-512.000024319E-3,
,,,-30.73600006,-512.000024319E-3,
,,,-30.73279953,-512.000024319E-3,
,,,-30.72959900,-512.000024319E-3,
,,,-30.72640038,-512.000024319E-3,
,,,-30.72319984,-512.000024319E-3,
,,,-30.71999931,-512.000024319E-3,
,,,-30.71680069,-512.000024319E-3,
,,,-30.71360016,-512.000024319E-3,
,,,-30.71039963,-512.000024319E-3,
,,,-30.70719910,-512.000024319E-3,
,,,-30.70400047,-512.000024319E-3,
,,,-30.70079994,-512.000024319E-3,
,,,-30.69759941,-512.000024319E-3,
,,,-30.69440079,-512.000024319E-3,
,,,-30.69120026,-512.000024319E-3,
,,,-30.68799973,-512.000024319E-3,
,,,-30.68479919,-512.000024319E-3,
,,,-30.68160057,-512.000024319E-3,
,,,-30.67840004,-512.000024319E-3,
,,,-30.67519951,-512.000024319E-3,
,,,-30.67200089,-512.000024319E-3,
,,,-30.66880035,-512.000024319E-3,
,,,-30.66559982,-512.000024319E-3,
,,,-30.66239929,-512.000024319E-3,
,,,-30.65920067,-512.000024319E-3,
,,,-30.65600014,-512.000024319E-3,
,,,-30.65279961,-512.000024319E-3,
,,,-30.64959908,-512.000024319E-3,
,,,-30.64640045,-512.000024319E-3,
,,,-30.64319992,-512.000024319E-3,
,,,-30.63999939,-512.000024319E-3,
,,,-30.63680077,-512.000024319E-3,
,,,-30.63360023,-512.000024319E-3,
,,,-30.63039970,-512.000024319E-3,
,,,-30.62719917,-512.000024319E-3,
,,,-30.62400055,-512.000024319E-3,
,,,-30.62080002,-512.000024319E-3,
,,,-30.61759949,-512.000024319E-3,
,,,-30.61440086,-512.000024319E-3,
,,,-30.61120033,-512.000024319E-3,
,,,-30.60799980,-512.000024319E-3,
,,,-30.60479927,-512.000024319E-3,
,,,-30.60160065,-512.000024319E-3,
,,,-30.59840012,-512.000024319E-3,
,,,-30.59519958,-512.000024319E-3,
,,,-30.59199905,-512.000024319E-3,
,,,-30.58880043,-512.000024319E-3,
,,,-30.58559990,-512.000024319E-3,
,,,-30.58239937,-512.000024319E-3,
,,,-30.57920074,-512.000024319E-3,
,,,-30.57600021,-512.000024319E-3,
,,,-30.57279968,-512.000024319E-3,
,,,-30.56959915,-512.000024319E-3,
,,,-30.56640053,-512.000024319E-3,
,,,-30.56320000,-512.000024319E-3,
,,,-30.55999947,-512.000024319E-3,
,,,-30.55680084,-512.000024319E-3,
,,,-30.55360031,-512.000024319E-3,
,,,-30.55039978,-512.000024319E-3,
,,,-30.54719925,-512.000024319E-3,
,,,-30.54400063,-512.000024319E-3,
,,,-30.54080009,-512.000024319E-3,
,,,-30.53759956,-512.000024319E-3,
,,,-30.53439903,-512.000024319E-3,
,,,-30.53120041,-512.000024319E-3,
,,,-30.52799988,-512.000024319E-3,
,,,-30.52479935,-512.000024319E-3,
,,,-30.52160072,-512.000024319E-3,
,,,-30.51840019,-512.000024319E-3,
,,,-30.51519966,-512.000024319E-3,
,,,-30.51199913,-512.000024319E-3,
,,,-30.50880051,-512.000024319E-3,
,,,-30.50559998,-512.000024319E-3,
,,,-30.50239944,-512.000024319E-3,
,,,-30.49920082,-512.000024319E-3,
,,,-30.49600029,-512.000024319E-3,
,,,-30.49279976,-512.000024319E-3,
,,,-30.48959923,-512.000024319E-3,
,,,-30.48640060,-512.000024319E-3,
,,,-30.48320007,-512.000024319E-3,
,,,-30.47999954,-512.000024319E-3,
,,,-30.47679901,-512.000024319E-3,
,,,-30.47360039,-512.000024319E-3,
,,,-30.47039986,-512.000024319E-3,
,,,-30.46719933,-512.000024319E-3,
,,,-30.46400070,-512.000024319E-3,
,,,-30.46080017,-512.000024319E-3,
,,,-30.45759964,-512.000024319E-3,
,,,-30.45439911,-512.000024319E-3,
,,,-30.45120049,-512.000024319E-3,
,,,-30.44799995,-512.000024319E-3,
,,,-30.44479942,-512.000024319E-3,
,,,-30.44160080,-512.000024319E-3,
,,,-30.43840027,-512.000024319E-3,
,,,-30.43519974,-512.000024319E-3,
,,,-30.43199921,-512.000024319E-3,
,,,-30.42880058,-512.000024319E-3,
,,,-30.42560005,-512.000024319E-3,
,,,-30.42239952,-512.000024319E-3,
,,,-30.41919899,-512.000024319E-3,
,,,-30.41600037,-512.000024319E-3,
,,,-30.41279984,-512.000024319E-3,
,,,-30.40959930,-512.000024319E-3,
,,,-30.40640068,-512.000024319E-3,
,,,-30.40320015,-512.000024319E-3,
,,,-30.39999962,-512.000024319E-3,
,,,-30.39679909,-512.000024319E-3,
,,,-30.39360046,-512.000024319E-3,
,,,-30.39039993,-512.000024319E-3,
,,,-30.38719940,-512.000024319E-3,
,,,-30.38400078,-512.000024319E-3,
,,,-30.38080025,-512.000024319E-3,
,,,-30.37759972,-512.000024319E-3,
,,,-30.37439919,-512.000024319E-3,
,,,-30.37120056,-512.000024319E-3,
,,,-30.36800003,-512.000024319E-3,
,,,-30.36479950,-512.000024319E-3,
,,,-30.36159897,-512.000024319E-3,
,,,-30.35840034,-512.000024319E-3,
,,,-30.35519981,-512.000024319E-3,
,,,-30.35199928,-512.000024319E-3,
,,,-30.34880066,-512.000024319E-3,
,,,-30.34560013,-512.000024319E-3,
,,,-30.34239960,-512.000024319E-3,
,,,-30.33919907,-512.000024319E-3,
,,,-30.33600044,-512.000024319E-3,
,,,-30.33279991,-512.000024319E-3,
,,,-30.32959938,-512.000024319E-3,
,,,-30.32640076,-512.000024319E-3,
,,,-30.32320023,-512.000024319E-3,
,,,-30.31999969,-512.000024319E-3,
,,,-30.31679916,-512.000024319E-3,
,,,-30.31360054,-512.000024319E-3,
,,,-30.31040001,-512.000024319E-3,
,,,-30.30719948,-512.000024319E-3,
,,,-30.30400085,-512.000024319E-3,
,,,-30.30080032,-512.000024319E-3,
,,,-30.29759979,-512.000024319E-3,
,,,-30.29439926,-512.000024319E-3,
,,,-30.29120064,-512.000024319E-3,
,,,-30.28800011,-512.000024319E-3,
,,,-30.28479958,-512.000024319E-3,
,,,-30.28159904,-512.000024319E-3,
,,,-30.27840042,-512.000024319E-3,
,,,-30.27519989,-512.000024319E-3,
,,,-30.27199936,-512.000024319E-3,
,,,-30.26880074,-512.000024319E-3,
,,,-30.26560020,-512.000024319E-3,
,,,-30.26239967,-512.000024319E-3,
,,,-30.25919914,-512.000024319E-3,
,,,-30.25600052,-512.000024319E-3,
,,,-30.25279999,-512.000024319E-3,
,,,-30.24959946,-512.000024319E-3,
,,,-30.24640083,-512.000024319E-3,
,,,-30.24320030,-512.000024319E-3,
,,,-30.23999977,-512.000024319E-3,
,,,-30.23679924,-512.000024319E-3,
,,,-30.23360062,-512.000024319E-3,
,,,-30.23040009,-512.000024319E-3,
,,,-30.22719955,-512.000024319E-3,
,,,-30.22399902,-512.000024319E-3,
,,,-30.22080040,-512.000024319E-3,
,,,-30.21759987,-512.000024319E-3,
,,,-30.21439934,-512.000024319E-3,
,,,-30.21120071,-512.000024319E-3,
,,,-30.20800018,-512.000024319E-3,
,,,-30.20479965,-512.000024319E-3,
,,,-30.20159912,-512.000024319E-3,
,,,-30.19840050,-512.000024319E-3,
,,,-30.19519997,-512.000024319E-3,
,,,-30.19199944,-512.000024319E-3,
,,,-30.18880081,-512.000024319E-3,
,,,-30.18560028,-512.000024319E-3,
,,,-30.18239975,-512.000024319E-3,
,,,-30.17919922,-512.000024319E-3,
,,,-30.17600060,-512.000024319E-3,
,,,-30.17280006,-512.000024319E-3,
,,,-30.16959953,-512.000024319E-3,
,,,-30.16639900,-512.000024319E-3,
,,,-30.16320038,-512.000024319E-3,
,,,-30.15999985,-512.000024319E-3,
,,,-30.15679932,-512.000024319E-3,
,,,-30.15360069,-512.000024319E-3,
,,,-30.15040016,-512.000024319E-3,
,,,-30.14719963,-512.000024319E-3,
,,,-30.14399910,-512.000024319E-3,
,,,-30.14080048,-512.000024319E-3,
,,,-30.13759995,-512.000024319E-3,
,,,-30.13439941,-512.000024319E-3,
,,,-30.13120079,-512.000024319E-3,
,,,-30.12800026,-512.000024319E-3,
,,,-30.12479973,-512.000024319E-3,
,,,-30.12159920,-512.000024319E-3,
,,,-30.11840057,-512.000024319E-3,
,,,-30.11520004,-512.000024319E-3,
,,,-30.11199951,-512.000024319E-3,
,,,-30.10879898,-512.000024319E-3,
,,,-30.10560036,-512.000024319E-3,
,,,-30.10239983,-512.000024319E-3,
,,,-30.09919930,-512.000024319E-3,
,,,-30.09600067,-512.000024319E-3,
,,,-30.09280014,-512.000024319E-3,
,,,-30.08959961,-512.000024319E-3,
,,,-30.08639908,-512.000024319E-3,
,,,-30.08320045,-512.000024319E-3,
,,,-30.07999992,-512.000024319E-3,
,,,-30.07679939,-512.000024319E-3,
,,,-30.07360077,-512.000024319E-3,
,,,-30.07040024,-512.000024319E-3,
,,,-30.06719971,-512.000024319E-3,
,,,-30.06399918,-512.000024319E-3,
,,,-30.06080055,-512.000024319E-3,
,,,-30.05760002,-512.000024319E-3,
,,,-30.05439949,-512.000024319E-3,
,,,-30.05119896,-512.000024319E-3,
,,,-30.04800034,-512.000024319E-3,
,,,-30.04479980,-512.000024319E-3,
,,,-30.04159927,-512.000024319E-3,
,,,-30.03840065,-512.000024319E-3,
,,,-30.03520012,-512.000024319E-3,
,,,-30.03199959,-512.000024319E-3,
,,,-30.02879906,-512.000024319E-3,
,,,-30.02560043,-512.000024319E-3,
,,,-30.02239990,-512.000024319E-3,
,,,-30.01919937,-512.000024319E-3,
,,,-30.01600075,-512.000024319E-3,
,,,-30.01280022,-512.000024319E-3,
,,,-30.00959969,-512.000024319E-3,
,,,-30.00639915,-512.000024319E-3,
,,,-30.00320053,-512.000024319E-3,
,,,-30.00000000,-512.000024319E-3,
,,,-29.99679947,-512.000024319E-3,
,,,-29.99360085,-512.000024319E-3,
,,,-29.99040031,-512.000024319E-3,
,,,-29.98719978,-512.000024319E-3,
,,,-29.98399925,-512.000024319E-3,
,,,-29.98080063,-512.000024319E-3,
,,,-29.97760010,-512.000024319E-3,
,,,-29.97439957,-512.000024319E-3,
,,,-29.97119904,-512.000024319E-3,
,,,-29.96800041,-512.000024319E-3,
,,,-29.96479988,-512.000024319E-3,
,,,-29.96159935,-512.000024319E-3,
,,,-29.95840073,-512.000024319E-3,
,,,-29.95520020,-512.000024319E-3,
,,,-29.95199966,-512.000024319E-3,
,,,-29.94879913,-512.000024319E-3,
,,,-29.94560051,-512.000024319E-3,
,,,-29.94239998,-512.000024319E-3,
,,,-29.93919945,-512.000024319E-3,
,,,-29.93600082,-512.000024319E-3,
,,,-29.93280029,-512.000024319E-3,
,,,-29.92959976,-512.000024319E-3,
,,,-29.92639923,-512.000024319E-3,
,,,-29.92320061,-512.000024319E-3,
,,,-29.92000008,-512.000024319E-3,
,,,-29.91679955,-512.000024319E-3,
,,,-29.91359901,-512.000024319E-3,
,,,-29.91040039,-512.000024319E-3,
,,,-29.90719986,-512.000024319E-3,
,,,-29.90399933,-512.000024319E-3,
,,,-29.90080070,-512.000024319E-3,
,,,-29.89760017,-512.000024319E-3,
,,,-29.89439964,-512.000024319E-3,
,,,-29.89119911,-512.000024319E-3,
,,,-29.88800049,-512.000024319E-3,
,,,-29.88479996,-512.000024319E-3,
,,,-29.88159943,-512.000024319E-3,
,,,-29.87840080,-512.000024319E-3,
,,,-29.87520027,-512.000024319E-3,
,,,-29.87199974,-512.000024319E-3,
,,,-29.86879921,-512.000024319E-3,
,,,-29.86560059,-512.000024319E-3,
,,,-29.86240005,-512.000024319E-3,
,,,-29.85919952,-512.000024319E-3,
,,,-29.85599899,-512.000024319E-3,
,,,-29.85280037,-512.000024319E-3,
,,,-29.84959984,-512.000024319E-3,
,,,-29.84639931,-512.000024319E-3,
,,,-29.84320068,-512.000024319E-3,
,,,-29.84000015,-512.000024319E-3,
,,,-29.83679962,-512.000024319E-3,
,,,-29.83359909,-512.000024319E-3,
,,,-29.83040047,-512.000024319E-3,
,,,-29.82719994,-512.000024319E-3,
,,,-29.82399940,-512.000024319E-3,
,,,-29.82080078,-512.000024319E-3,
,,,-29.81760025,-512.000024319E-3,
,,,-29.81439972,-512.000024319E-3,
,,,-29.81119919,-512.000024319E-3,
,,,-29.80800056,-512.000024319E-3,
,,,-29.80480003,-512.000024319E-3,
,,,-29.80159950,-512.000024319E-3,
,,,-29.79839897,-512.000024319E-3,
,,,-29.79520035,-512.000024319E-3,
,,,-29.79199982,-512.000024319E-3,
,,,-29.78879929,-512.000024319E-3,
,,,-29.78560066,-512.000024319E-3,
,,,-29.78240013,-512.000024319E-3,
,,,-29.77919960,-512.000024319E-3,
,,,-29.77599907,-512.000024319E-3,
,,,-29.77280045,-512.000024319E-3,
,,,-29.76959991,-512.000024319E-3,
,,,-29.76639938,-512.000024319E-3,
,,,-29.76320076,-512.000024319E-3,
,,,-29.76000023,-512.000024319E-3,
,,,-29.75679970,-512.000024319E-3,
,,,-29.75359917,-512.000024319E-3,
,,,-29.75040054,-512.000024319E-3,
,,,-29.74720001,-512.000024319E-3,
,,,-29.74399948,-512.000024319E-3,
,,,-29.74079895,-512.000024319E-3,
,,,-29.73760033,-512.000024319E-3,
,,,-29.73439980,-512.000024319E-3,
,,,-29.73119926,-512.000024319E-3,
,,,-29.72800064,-512.000024319E-3,
,,,-29.72480011,-512.000024319E-3,
,,,-29.72159958,-512.000024319E-3,
,,,-29.71839905,-512.000024319E-3,
,,,-29.71520042,-512.000024319E-3,
,,,-29.71199989,-512.000024319E-3,
,,,-29.70879936,-512.000024319E-3,
,,,-29.70560074,-512.000024319E-3,
,,,-29.70240021,-512.000024319E-3,
,,,-29.69919968,-512.000024319E-3,
,,,-29.69599915,-512.000024319E-3,
,,,-29.69280052,-512.000024319E-3,
,,,-29.68959999,-512.000024319E-3,
,,,-29.68639946,-512.000024319E-3,
,,,-29.68320084,-512.000024319E-3,
,,,-29.68000031,-512.000024319E-3,
,,,-29.67679977,-512.000024319E-3,
,,,-29.67359924,-512.000024319E-3,
,,,-29.67040062,-512.000024319E-3,
,,,-29.66720009,-512.000024319E-3,
,,,-29.66399956,-512.000024319E-3,
,,,-29.66079903,-512.000024319E-3,
,,,-29.65760040,-512.000024319E-3,
,,,-29.65439987,-512.000024319E-3,
,,,-29.65119934,-512.000024319E-3,
,,,-29.64800072,-512.000024319E-3,
,,,-29.64480019,-512.000024319E-3,
,,,-29.64159966,-512.000024319E-3,
,,,-29.63839912,-512.000024319E-3,
,,,-29.63520050,-512.000024319E-3,
,,,-29.63199997,-512.000024319E-3,
,,,-29.62879944,-512.000024319E-3,
,,,-29.62560081,-512.000024319E-3,
,,,-29.62240028,-512.000024319E-3,
,,,-29.61919975,-512.000024319E-3,
,,,-29.61599922,-512.000024319E-3,
,,,-29.61280060,-512.000024319E-3,
,,,-29.60960007,-512.000024319E-3,
,,,-29.60639954,-512.000024319E-3,
,,,-29.60319901,-512.000024319E-3,
,,,-29.60000038,-512.000024319E-3,
,,,-29.59679985,-512.000024319E-3,
,,,-29.59359932,-512.000024319E-3,
,,,-29.59040070,-512.000024319E-3,
,,,-29.58720016,-512.000024319E-3,
,,,-29.58399963,-512.000024319E-3,
,,,-29.58079910,-512.000024319E-3,
,,,-29.57760048,-512.000024319E-3,
,,,-29.57439995,-512.000024319E-3,
,,,-29.57119942,-512.000024319E-3,
,,,-29.56800079,-512.000024319E-3,
,,,-29.56480026,-512.000024319E-3,
,,,-29.56159973,-512.000024319E-3,
,,,-29.55839920,-512.000024319E-3,
,,,-29.55520058,-512.000024319E-3,
,,,-29.55200005,-512.000024319E-3,
,,,-29.54879951,-512.000024319E-3,
,,,-29.54559898,-512.000024319E-3,
,,,-29.54240036,-512.000024319E-3,
,,,-29.53919983,-512.000024319E-3,
,,,-29.53599930,-512.000024319E-3,
,,,-29.53280067,-512.000024319E-3,
,,,-29.52960014,-512.000024319E-3,
,,,-29.52639961,-512.000024319E-3,
,,,-29.52319908,-512.000024319E-3,
,,,-29.52000046,-512.000024319E-3,
,,,-29.51679993,-512.000024319E-3,
,,,-29.51359940,-512.000024319E-3,
,,,-29.51040077,-512.000024319E-3,
,,,-29.50720024,-512.000024319E-3,
,,,-29.50399971,-512.000024319E-3,
,,,-29.50079918,-512.000024319E-3,
,,,-29.49760056,-512.000024319E-3,
,,,-29.49440002,-512.000024319E-3,
,,,-29.49119949,-512.000024319E-3,
,,,-29.48799896,-512.000024319E-3,
,,,-29.48480034,-512.000024319E-3,
,,,-29.48159981,-512.000024319E-3,
,,,-29.47839928,-512.000024319E-3,
,,,-29.47520065,-512.000024319E-3,
,,,-29.47200012,-512.000024319E-3,
,,,-29.46879959,-512.000024319E-3,
,,,-29.46559906,-512.000024319E-3,
,,,-29.46240044,-512.000024319E-3,
,,,-29.45919991,-512.000024319E-3,
,,,-29.45599937,-512.000024319E-3,
,,,-29.45280075,-512.000024319E-3,
,,,-29.44960022,-512.000024319E-3,
,,,-29.44639969,-512.000024319E-3,
,,,-29.44319916,-512.000024319E-3,
,,,-29.44000053,-512.000024319E-3,
,,,-29.43680000,-512.000024319E-3,
,,,-29.43359947,-512.000024319E-3,
,,,-29.43039894,-512.000024319E-3,
,,,-29.42720032,-512.000024319E-3,
,,,-29.42399979,-512.000024319E-3,
,,,-29.42079926,-512.000024319E-3,
,,,-29.41760063,-512.000024319E-3,
,,,-29.41440010,-512.000024319E-3,
,,,-29.41119957,-512.000024319E-3,
,,,-29.40799904,-512.000024319E-3,
,,,-29.40480042,-512.000024319E-3,
,,,-29.40159988,-512.000024319E-3,
,,,-29.39839935,-512.000024319E-3,
,,,-29.39520073,-512.000024319E-3,
,,,-29.39200020,-512.000024319E-3,
,,,-29.38879967,-512.000024319E-3,
,,,-29.38559914,-512.000024319E-3,
,,,-29.38240051,-512.000024319E-3,
,,,-29.37919998,-512.000024319E-3,
,,,-29.37599945,-512.000024319E-3,
,,,-29.37280083,-512.000024319E-3,
,,,-29.36960030,-512.000024319E-3,
,,,-29.36639977,-512.000024319E-3,
,,,-29.36319923,-512.000024319E-3,
,,,-29.36000061,-512.000024319E-3,
,,,-29.35680008,-512.000024319E-3,
,,,-29.35359955,-512.000024319E-3,
,,,-29.35039902,-512.000024319E-3,
,,,-29.34720039,-512.000024319E-3,
,,,-29.34399986,-512.000024319E-3,
,,,-29.34079933,-512.000024319E-3,
,,,-29.33760071,-512.000024319E-3,
,,,-29.33440018,-512.000024319E-3,
,,,-29.33119965,-512.000024319E-3,
,,,-29.32799911,-512.000024319E-3,
,,,-29.32480049,-512.000024319E-3,
,,,-29.32159996,-512.000024319E-3,
,,,-29.31839943,-512.000024319E-3,
,,,-29.31520081,-512.000024319E-3,
,,,-29.31200027,-512.000024319E-3,
,,,-29.30879974,-512.000024319E-3,
,,,-29.30559921,-512.000024319E-3,
,,,-29.30240059,-512.000024319E-3,
,,,-29.29920006,-512.000024319E-3,
,,,-29.29599953,-512.000024319E-3,
,,,-29.29279900,-512.000024319E-3,
,,,-29.28960037,-512.000024319E-3,
,,,-29.28639984,-512.000024319E-3,
,,,-29.28319931,-512.000024319E-3,
,,,-29.28000069,-512.000024319E-3,
,,,-29.27680016,-512.000024319E-3,
,,,-29.27359962,-512.000024319E-3,
,,,-29.27039909,-512.000024319E-3,
,,,-29.26720047,-512.000024319E-3,
,,,-29.26399994,-512.000024319E-3,
,,,-29.26079941,-512.000024319E-3,
,,,-29.25760078,-512.000024319E-3,
,,,-29.25440025,-512.000024319E-3,
,,,-29.25119972,-512.000024319E-3,
,,,-29.24799919,-512.000024319E-3,
,,,-29.24480057,-512.000024319E-3,
,,,-29.24160004,-512.000024319E-3,
,,,-29.23839951,-512.000024319E-3,
,,,-29.23519897,-512.000024319E-3,
,,,-29.23200035,-512.000024319E-3,
,,,-29.22879982,-512.000024319E-3,
,,,-29.22559929,-512.000024319E-3,
,,,-29.22240067,-512.000024319E-3,
,,,-29.21920013,-512.000024319E-3,
,,,-29.21599960,-512.000024319E-3,
,,,-29.21279907,-512.000024319E-3,
,,,-29.20960045,-512.000024319E-3,
,,,-29.20639992,-512.000024319E-3,
,,,-29.20319939,-512.000024319E-3,
,,,-29.20000076,-512.000024319E-3,
,,,-29.19680023,-512.000024319E-3,
,,,-29.19359970,-512.000024319E-3,
,,,-29.19039917,-512.000024319E-3,
,,,-29.18720055,-512.000024319E-3,
,,,-29.18400002,-512.000024319E-3,
,,,-29.18079948,-512.000024319E-3,
,,,-29.17759895,-512.000024319E-3,
,,,-29.17440033,-512.000024319E-3,
,,,-29.17119980,-512.000024319E-3,
,,,-29.16799927,-512.000024319E-3,
,,,-29.16480064,-512.000024319E-3,
,,,-29.16160011,-512.000024319E-3,
,,,-29.15839958,-512.000024319E-3,
,,,-29.15519905,-512.000024319E-3,
,,,-29.15200043,-512.000024319E-3,
,,,-29.14879990,-512.000024319E-3,
,,,-29.14559937,-512.000024319E-3,
,,,-29.14240074,-512.000024319E-3,
,,,-29.13920021,-512.000024319E-3,
,,,-29.13599968,-512.000024319E-3,
,,,-29.13279915,-512.000024319E-3,
,,,-29.12960052,-512.000024319E-3,
,,,-29.12639999,-512.000024319E-3,
,,,-29.12319946,-512.000024319E-3,
,,,-29.11999893,-512.000024319E-3,
,,,-29.11680031,-512.000024319E-3,
,,,-29.11359978,-512.000024319E-3,
,,,-29.11039925,-512.000024319E-3,
,,,-29.10720062,-512.000024319E-3,
,,,-29.10400009,-512.000024319E-3,
,,,-29.10079956,-512.000024319E-3,
,,,-29.09759903,-512.000024319E-3,
,,,-29.09440041,-512.000024319E-3,
,,,-29.09119987,-512.000024319E-3,
,,,-29.08799934,-512.000024319E-3,
,,,-29.08480072,-512.000024319E-3,
,,,-29.08160019,-512.000024319E-3,
,,,-29.07839966,-512.000024319E-3,
,,,-29.07519913,-512.000024319E-3,
,,,-29.07200050,-512.000024319E-3,
,,,-29.06879997,-512.000024319E-3,
,,,-29.06559944,-512.000024319E-3,
,,,-29.06239891,-512.000024319E-3,
,,,-29.05920029,-512.000024319E-3,
,,,-29.05599976,-512.000024319E-3,
,,,-29.05279922,-512.000024319E-3,
,,,-29.04960060,-512.000024319E-3,
,,,-29.04640007,-512.000024319E-3,
,,,-29.04319954,-512.000024319E-3,
,,,-29.03999901,-512.000024319E-3,
,,,-29.03680038,-512.000024319E-3,
,,,-29.03359985,-512.000024319E-3,
,,,-29.03039932,-512.000024319E-3,
,,,-29.02720070,-512.000024319E-3,
,,,-29.02400017,-512.000024319E-3,
,,,-29.02079964,-512.000024319E-3,
,,,-29.01759911,-512.000024319E-3,
,,,-29.01440048,-512.000024319E-3,
,,,-29.01119995,-512.000024319E-3,
,,,-29.00799942,-512.000024319E-3,
,,,-29.00480080,-512.000024319E-3,
,,,-29.00160027,-512.000024319E-3,
,,,-28.99839973,-512.000024319E-3,
,,,-28.99519920,-512.000024319E-3,
,,,-28.99200058,-512.000024319E-3,
,,,-28.98880005,-512.000024319E-3,
,,,-28.98559952,-512.000024319E-3,
,,,-28.98239899,-512.000024319E-3,
,,,-28.97920036,-512.000024319E-3,
,,,-28.97599983,-512.000024319E-3,
,,,-28.97279930,-512.000024319E-3,
,,,-28.96960068,-512.000024319E-3,
,,,-28.96640015,-512.000024319E-3,
,,,-28.96319962,-512.000024319E-3,
,,,-28.95999908,-512.000024319E-3,
,,,-28.95680046,-512.000024319E-3,
,,,-28.95359993,-512.000024319E-3,
,,,-28.95039940,-512.000024319E-3,
,,,-28.94720078,-512.000024319E-3,
,,,-28.94400024,-512.000024319E-3,
,,,-28.94079971,-512.000024319E-3,
,,,-28.93759918,-512.000024319E-3,
,,,-28.93440056,-512.000024319E-3,
,,,-28.93120003,-512.000024319E-3,
,,,-28.92799950,-512.000024319E-3,
,,,-28.92479897,-512.000024319E-3,
,,,-28.92160034,-512.000024319E-3,
,,,-28.91839981,-512.000024319E-3,
,,,-28.91519928,-512.000024319E-3,
,,,-28.91200066,-512.000024319E-3,
,,,-28.90880013,-512.000024319E-3,
,,,-28.90559959,-512.000024319E-3,
,,,-28.90239906,-512.000024319E-3,
,,,-28.89920044,-512.000024319E-3,
,,,-28.89599991,-512.000024319E-3,
,,,-28.89279938,-512.000024319E-3,
,,,-28.88960075,-512.000024319E-3,
,,,-28.88640022,-512.000024319E-3,
,,,-28.88319969,-512.000024319E-3,
,,,-28.87999916,-512.000024319E-3,
,,,-28.87680054,-512.000024319E-3,
,,,-28.87360001,-512.000024319E-3,
,,,-28.87039948,-512.000024319E-3,
,,,-28.86719894,-512.000024319E-3,
,,,-28.86400032,-512.000024319E-3,
,,,-28.86079979,-512.000024319E-3,
,,,-28.85759926,-512.000024319E-3,
,,,-28.85440063,-512.000024319E-3,
,,,-28.85120010,-512.000024319E-3,
,,,-28.84799957,-512.000024319E-3,
,,,-28.84479904,-512.000024319E-3,
,,,-28.84160042,-512.000024319E-3,
,,,-28.83839989,-512.000024319E-3,
,,,-28.83519936,-512.000024319E-3,
,,,-28.83200073,-512.000024319E-3,
,,,-28.82880020,-512.000024319E-3,
,,,-28.82559967,-512.000024319E-3,
,,,-28.82239914,-512.000024319E-3,
,,,-28.81920052,-512.000024319E-3,
,,,-28.81599998,-512.000024319E-3,
,,,-28.81279945,-512.000024319E-3,
,,,-28.80959892,-512.000024319E-3,
,,,-28.80640030,-512.000024319E-3,
,,,-28.80319977,-512.000024319E-3,
,,,-28.79999924,-512.000024319E-3,
,,,-28.79680061,-512.000024319E-3,
,,,-28.79360008,-512.000024319E-3,
,,,-28.79039955,-512.000024319E-3,
,,,-28.78719902,-512.000024319E-3,
,,,-28.78400040,-512.000024319E-3,
,,,-28.78079987,-512.000024319E-3,
,,,-28.77759933,-512.000024319E-3,
,,,-28.77440071,-512.000024319E-3,
,,,-28.77120018,-512.000024319E-3,
,,,-28.76799965,-512.000024319E-3,
,,,-28.76479912,-512.000024319E-3,
,,,-28.76160049,-512.000024319E-3,
,,,-28.75839996,-512.000024319E-3,
,,,-28.75519943,-512.000024319E-3,
,,,-28.75199890,-512.000024319E-3,
,,,-28.74880028,-512.000024319E-3,
,,,-28.74559975,-512.000024319E-3,
,,,-28.74239922,-512.000024319E-3,
,,,-28.73920059,-512.000024319E-3,
,,,-28.73600006,-512.000024319E-3,
,,,-28.73279953,-512.000024319E-3,
,,,-28.72959900,-512.000024319E-3,
,,,-28.72640038,-512.000024319E-3,
,,,-28.72319984,-512.000024319E-3,
,,,-28.71999931,-512.000024319E-3,
,,,-28.71680069,-512.000024319E-3,
,,,-28.71360016,-512.000024319E-3,
,,,-28.71039963,-512.000024319E-3,
,,,-28.70719910,-512.000024319E-3,
,,,-28.70400047,-512.000024319E-3,
,,,-28.70079994,-512.000024319E-3,
,,,-28.69759941,-512.000024319E-3,
,,,-28.69440079,-512.000024319E-3,
,,,-28.69120026,-512.000024319E-3,
,,,-28.68799973,-512.000024319E-3,
,,,-28.68479919,-512.000024319E-3,
,,,-28.68160057,-512.000024319E-3,
,,,-28.67840004,-512.000024319E-3,
,,,-28.67519951,-512.000024319E-3,
,,,-28.67199898,-512.000024319E-3,
,,,-28.66880035,-512.000024319E-3,
,,,-28.66559982,-512.000024319E-3,
,,,-28.66239929,-512.000024319E-3,
,,,-28.65920067,-512.000024319E-3,
,,,-28.65600014,-512.000024319E-3,
,,,-28.65279961,-512.000024319E-3,
,,,-28.64959908,-512.000024319E-3,
,,,-28.64640045,-512.000024319E-3,
,,,-28.64319992,-512.000024319E-3,
,,,-28.63999939,-512.000024319E-3,
,,,-28.63680077,-512.000024319E-3,
,,,-28.63360023,-512.000024319E-3,
,,,-28.63039970,-512.000024319E-3,
,,,-28.62719917,-512.000024319E-3,
,,,-28.62400055,-512.000024319E-3,
,,,-28.62080002,-512.000024319E-3,
,,,-28.61759949,-512.000024319E-3,
,,,-28.61439896,-512.000024319E-3,
,,,-28.61120033,-512.000024319E-3,
,,,-28.60799980,-512.000024319E-3,
,,,-28.60479927,-512.000024319E-3,
,,,-28.60160065,-512.000024319E-3,
,,,-28.59840012,-512.000024319E-3,
,,,-28.59519958,-512.000024319E-3,
,,,-28.59199905,-512.000024319E-3,
,,,-28.58880043,-512.000024319E-3,
,,,-28.58559990,-512.000024319E-3,
,,,-28.58239937,-512.000024319E-3,
,,,-28.57920074,-512.000024319E-3,
,,,-28.57600021,-512.000024319E-3,
,,,-28.57279968,-512.000024319E-3,
,,,-28.56959915,-512.000024319E-3,
,,,-28.56640053,-512.000024319E-3,
,,,-28.56320000,-512.000024319E-3,
,,,-28.55999947,-512.000024319E-3,
,,,-28.55679893,-512.000024319E-3,
,,,-28.55360031,-512.000024319E-3,
,,,-28.55039978,-512.000024319E-3,
,,,-28.54719925,-512.000024319E-3,
,,,-28.54400063,-512.000024319E-3,
,,,-28.54080009,-512.000024319E-3,
,,,-28.53759956,-512.000024319E-3,
,,,-28.53439903,-512.000024319E-3,
,,,-28.53120041,-512.000024319E-3,
,,,-28.52799988,-512.000024319E-3,
,,,-28.52479935,-512.000024319E-3,
,,,-28.52160072,-512.000024319E-3,
,,,-28.51840019,-512.000024319E-3,
,,,-28.51519966,-512.000024319E-3,
,,,-28.51199913,-512.000024319E-3,
,,,-28.50880051,-512.000024319E-3,
,,,-28.50559998,-512.000024319E-3,
,,,-28.50239944,-512.000024319E-3,
,,,-28.49919891,-512.000024319E-3,
,,,-28.49600029,-512.000024319E-3,
,,,-28.49279976,-512.000024319E-3,
,,,-28.48959923,-512.000024319E-3,
,,,-28.48640060,-512.000024319E-3,
,,,-28.48320007,-512.000024319E-3,
,,,-28.47999954,-512.000024319E-3,
,,,-28.47679901,-512.000024319E-3,
,,,-28.47360039,-512.000024319E-3,
,,,-28.47039986,-512.000024319E-3,
,,,-28.46719933,-512.000024319E-3,
,,,-28.46400070,-512.000024319E-3,
,,,-28.46080017,-512.000024319E-3,
,,,-28.45759964,-512.000024319E-3,
,,,-28.45439911,-512.000024319E-3,
,,,-28.45120049,-512.000024319E-3,
,,,-28.44799995,-512.000024319E-3,
,,,-28.44479942,-512.000024319E-3,
,,,-28.44159889,-512.000024319E-3,
,,,-28.43840027,-512.000024319E-3,
,,,-28.43519974,-512.000024319E-3,
,,,-28.43199921,-512.000024319E-3,
,,,-28.42880058,-512.000024319E-3,
,,,-28.42560005,-512.000024319E-3,
,,,-28.42239952,-512.000024319E-3,
,,,-28.41919899,-512.000024319E-3,
,,,-28.41600037,-512.000024319E-3,
,,,-28.41279984,-512.000024319E-3,
,,,-28.40959930,-512.000024319E-3,
,,,-28.40640068,-512.000024319E-3,
,,,-28.40320015,-512.000024319E-3,
,,,-28.39999962,-512.000024319E-3,
,,,-28.39679909,-512.000024319E-3,
,,,-28.39360046,-512.000024319E-3,
,,,-28.39039993,-512.000024319E-3,
,,,-28.38719940,-512.000024319E-3,
,,,-28.38400078,-512.000024319E-3,
,,,-28.38080025,-512.000024319E-3,
,,,-28.37759972,-512.000024319E-3,
,,,-28.37439919,-512.000024319E-3,
,,,-28.37120056,-512.000024319E-3,
,,,-28.36800003,-512.000024319E-3,
,,,-28.36479950,-512.000024319E-3,
,,,-28.36159897,-512.000024319E-3,
,,,-28.35840034,-512.000024319E-3,
,,,-28.35519981,-512.000024319E-3,
,,,-28.35199928,-512.000024319E-3,
,,,-28.34880066,-512.000024319E-3,
,,,-28.34560013,-512.000024319E-3,
,,,-28.34239960,-512.000024319E-3,
,,,-28.33919907,-512.000024319E-3,
,,,-28.33600044,-512.000024319E-3,
,,,-28.33279991,-512.000024319E-3,
,,,-28.32959938,-512.000024319E-3,
,,,-28.32640076,-512.000024319E-3,
,,,-28.32320023,-512.000024319E-3,
,,,-28.31999969,-512.000024319E-3,
,,,-28.31679916,-512.000024319E-3,
,,,-28.31360054,-512.000024319E-3,
,,,-28.31040001,-4.00000019E-3,
,,,-28.30719948,0.0,
,,,-28.30399895,-4.00000019E-3,
,,,-28.30080032,-16.0000008E-3,
,,,-28.29759979,-4.00000019E-3,
,,,-28.29439926,-8.000000380E-3,
,,,-28.29120064,-4.00000019E-3,
,,,-28.28800011,-4.00000019E-3,
,,,-28.28479958,-8.000000380E-3,
,,,-28.28159904,-4.00000019E-3,
,,,-28.27840042,0.0,
,,,-28.27519989,20.0000014E-3,
,,,-28.27199936,-4.00000019E-3,
,,,-28.26880074,-8.000000380E-3,
,,,-28.26560020,0.0,
,,,-28.26239967,-4.00000019E-3,
,,,-28.25919914,-4.00000019E-3,
,,,-28.25600052,-8.000000380E-3,
,,,-28.25279999,-4.00000019E-3,
,,,-28.24959946,-4.00000019E-3,
,,,-28.24639893,-8.000000380E-3,
,,,-28.24320030,4.00000019E-3,
,,,-28.23999977,-4.00000019E-3,
,,,-28.23679924,-4.00000019E-3,
,,,-28.23360062,-4.00000019E-3,
,,,-28.23040009,16.0000008E-3,
,,,-28.22719955,-60.000002384E-3,
,,,-28.22399902,0.0,
,,,-28.22080040,-4.00000019E-3,
,,,-28.21759987,-12.0000001E-3,
,,,-28.21439934,-8.000000380E-3,
,,,-28.21120071,-12.0000001E-3,
,,,-28.20800018,4.00000019E-3,
,,,-28.20479965,-4.00000019E-3,
,,,-28.20159912,-12.0000001E-3,
,,,-28.19840050,-12.0000001E-3,
,,,-28.19519997,-4.00000019E-3,
,,,-28.19199944,-4.00000019E-3,
,,,-28.18879890,0.0,
,,,-28.18560028,0.0,
,,,-28.18239975,-8.000000380E-3,
,,,-28.17919922,0.0,
,,,-28.17600060,-8.000000380E-3,
,,,-28.17280006,-4.00000019E-3,
,,,-28.16959953,-4.00000019E-3,
,,,-28.16639900,-4.00000019E-3,
,,,-28.16320038,-4.00000019E-3,
,,,-28.15999985,4.00000019E-3,
,,,-28.15679932,-4.00000019E-3,
,,,-28.15360069,0.0,
,,,-28.15040016,0.0,
,,,-28.14719963,4.00000019E-3,
,,,-28.14399910,4.00000019E-3,
,,,-28.14080048,-4.00000019E-3,
,,,-28.13759995,0.0,
,,,-28.13439941,-4.00000019E-3,
,,,-28.13119888,0.0,
,,,-28.12800026,-8.000000380E-3,
,,,-28.12479973,-4.00000019E-3,
,,,-28.12159920,4.00000019E-3,
,,,-28.11840057,-4.00000019E-3,
,,,-28.11520004,-4.00000019E-3,
,,,-28.11199951,-4.00000019E-3,
,,,-28.10879898,-4.00000019E-3,
,,,-28.10560036,-16.0000008E-3,
,,,-28.10239983,-4.00000019E-3,
,,,-28.09919930,0.0,
,,,-28.09600067,-4.00000019E-3,
,,,-28.09280014,-12.0000001E-3,
,,,-28.08959961,0.0,
,,,-28.08639908,0.0,
,,,-28.08320045,0.0,
,,,-28.07999992,0.0,
,,,-28.07679939,-8.000000380E-3,
,,,-28.07359886,0.0,
,,,-28.07040024,-8.000000380E-3,
,,,-28.06719971,-4.00000019E-3,
,,,-28.06399918,-16.0000008E-3,
,,,-28.06080055,-12.0000001E-3,
,,,-28.05760002,0.0,
,,,-28.05439949,4.00000019E-3,
,,,-28.05119896,0.0,
,,,-28.04800034,0.0,
,,,-28.04479980,-4.00000019E-3,
,,,-28.04159927,-8.000000380E-3,
,,,-28.03840065,0.0,
,,,-28.03520012,-4.00000019E-3,
,,,-28.03199959,-8.000000380E-3,
,,,-28.02879906,-4.00000019E-3,
,,,-28.02560043,-8.000000380E-3,
,,,-28.02239990,-4.00000019E-3,
,,,-28.01919937,-8.000000380E-3,
,,,-28.01600075,-8.000000380E-3,
,,,-28.01280022,-20.0000014E-3,
,,,-28.00959969,68.000003695E-3,
,,,-28.00639915,-4.00000019E-3,
,,,-28.00320053,0.0,
,,,-28.00000000,0.0,
,,,-27.99679947,-4.00000019E-3,
,,,-27.99359894,-4.00000019E-3,
,,,-27.99040031,0.0,
,,,-27.98719978,-4.00000019E-3,
,,,-27.98399925,0.0,
,,,-27.98080063,-4.00000019E-3,
,,,-27.97760010,-8.000000380E-3,
,,,-27.97439957,0.0,
,,,-27.97119904,-32.00000152E-3,
,,,-27.96800041,0.0,
,,,-27.96479988,0.0,
,,,-27.96159935,-4.00000019E-3,
,,,-27.95840073,-8.000000380E-3,
,,,-27.95520020,0.0,
,,,-27.95199966,0.0,
,,,-27.94879913,-32.00000152E-3,
,,,-27.94560051,0.0,
,,,-27.94239998,0.0,
,,,-27.93919945,0.0,
,,,-27.93599892,4.00000019E-3,
,,,-27.93280029,-4.00000019E-3,
,,,-27.92959976,0.0,
,,,-27.92639923,-8.000000380E-3,
,,,-27.92320061,0.0,
,,,-27.92000008,20.0000014E-3,
,,,-27.91679955,-4.00000019E-3,
,,,-27.91359901,0.0,
,,,-27.91040039,4.00000019E-3,
,,,-27.90719986,0.0,
,,,-27.90399933,0.0,
,,,-27.90080070,-4.00000019E-3,
,,,-27.89760017,4.00000019E-3,
,,,-27.89439964,0.0,
,,,-27.89119911,4.00000019E-3,
,,,-27.88800049,0.0,
,,,-27.88479996,-4.00000019E-3,
,,,-27.88159943,0.0,
,,,-27.87839890,-4.00000019E-3,
,,,-27.87520027,4.00000019E-3,
,,,-27.87199974,0.0,
,,,-27.86879921,0.0,
,,,-27.86560059,-12.0000001E-3,
,,,-27.86240005,-8.000000380E-3,
,,,-27.85919952,-4.00000019E-3,
,,,-27.85599899,-8.000000380E-3,
,,,-27.85280037,0.0,
,,,-27.84959984,-4.00000019E-3,
,,,-27.84639931,0.0,
,,,-27.84320068,-4.00000019E-3,
,,,-27.84000015,28.00000086E-3,
,,,-27.83679962,0.0,
,,,-27.83359909,-4.00000019E-3,
,,,-27.83040047,-4.00000019E-3,
,,,-27.82719994,0.0,
,,,-27.82399940,0.0,
,,,-27.82079887,-4.00000019E-3,
,,,-27.81760025,0.0,
,,,-27.81439972,0.0,
,,,-27.81119919,0.0,
,,,-27.80800056,4.00000019E-3,
,,,-27.80480003,8.000000380E-3,
,,,-27.80159950,4.00000019E-3,
,,,-27.79839897,0.0,
,,,-27.79520035,0.0,
,,,-27.79199982,4.00000019E-3,
,,,-27.78879929,-4.00000019E-3,
,,,-27.78560066,-4.00000019E-3,
,,,-27.78240013,0.0,
,,,-27.77919960,0.0,
,,,-27.77599907,0.0,
,,,-27.77280045,0.0,
,,,-27.76959991,-4.00000019E-3,
,,,-27.76639938,0.0,
,,,-27.76319885,-4.00000019E-3,
,,,-27.76000023,0.0,
,,,-27.75679970,4.00000019E-3,
,,,-27.75359917,-4.00000019E-3,
,,,-27.75040054,76.000005007E-3,
,,,-27.74720001,-4.00000019E-3,
,,,-27.74399948,0.0,
,,,-27.74079895,-4.00000019E-3,
,,,-27.73760033,-4.00000019E-3,
,,,-27.73439980,0.0,
,,,-27.73119926,4.00000019E-3,
,,,-27.72800064,0.0,
,,,-27.72480011,0.0,
,,,-27.72159958,-4.00000019E-3,
,,,-27.71839905,8.000000380E-3,
,,,-27.71520042,-4.00000019E-3,
,,,-27.71199989,0.0,
,,,-27.70879936,-4.00000019E-3,
,,,-27.70560074,0.0,
,,,-27.70240021,4.00000019E-3,
,,,-27.69919968,-12.0000001E-3,
,,,-27.69599915,-8.000000380E-3,
,,,-27.69280052,-4.00000019E-3,
,,,-27.68959999,4.00000019E-3,
,,,-27.68639946,-4.00000019E-3,
,,,-27.68319893,0.0,
,,,-27.68000031,-48.00000042E-3,
,,,-27.67679977,-4.00000019E-3,
,,,-27.67359924,0.0,
,,,-27.67040062,0.0,
,,,-27.66720009,-4.00000019E-3,
,,,-27.66399956,-4.00000019E-3,
,,,-27.66079903,0.0,
,,,-27.65760040,-4.00000019E-3,
,,,-27.65439987,4.00000019E-3,
,,,-27.65119934,-4.00000019E-3,
,,,-27.64800072,-4.00000019E-3,
,,,-27.64480019,-12.0000001E-3,
,,,-27.64159966,0.0,
,,,-27.63839912,12.0000001E-3,
,,,-27.63520050,-4.00000019E-3,
,,,-27.63199997,0.0,
,,,-27.62879944,-8.000000380E-3,
,,,-27.62559891,-4.00000019E-3,
,,,-27.62240028,-8.000000380E-3,
,,,-27.61919975,24.00000021E-3,
,,,-27.61599922,0.0,
,,,-27.61280060,-4.00000019E-3,
,,,-27.60960007,0.0,
,,,-27.60639954,-4.00000019E-3,
,,,-27.60319901,-4.00000019E-3,
,,,-27.60000038,-4.00000019E-3,
,,,-27.59679985,0.0,
,,,-27.59359932,4.00000019E-3,
,,,-27.59040070,0.0,
,,,-27.58720016,-8.000000380E-3,
,,,-27.58399963,0.0,
,,,-27.58079910,0.0,
,,,-27.57760048,0.0,
,,,-27.57439995,-4.00000019E-3,
,,,-27.57119942,-4.00000019E-3,
,,,-27.56799889,-4.00000019E-3,
,,,-27.56480026,4.00000019E-3,
,,,-27.56159973,8.000000380E-3,
,,,-27.55839920,-12.0000001E-3,
,,,-27.55520058,-4.00000019E-3,
,,,-27.55200005,-4.00000019E-3,
,,,-27.54879951,-16.0000008E-3,
,,,-27.54559898,0.0,
,,,-27.54240036,-4.00000019E-3,
,,,-27.53919983,-4.00000019E-3,
,,,-27.53599930,-4.00000019E-3,
,,,-27.53280067,4.00000019E-3,
,,,-27.52960014,-4.00000019E-3,
,,,-27.52639961,-4.00000019E-3,
,,,-27.52319908,4.00000019E-3,
,,,-27.52000046,-8.000000380E-3,
,,,-27.51679993,-8.000000380E-3,
,,,-27.51359940,12.0000001E-3,
,,,-27.51039886,0.0,
,,,-27.50720024,0.0,
,,,-27.50399971,0.0,
,,,-27.50079918,0.0,
,,,-27.49760056,4.00000019E-3,
,,,-27.49440002,-8.000000380E-3,
,,,-27.49119949,8.000000380E-3,
,,,-27.48799896,-16.0000008E-3,
,,,-27.48480034,4.00000019E-3,
,,,-27.48159981,4.00000019E-3,
,,,-27.47839928,0.0,
,,,-27.47520065,-4.00000019E-3,
,,,-27.47200012,-8.000000380E-3,
,,,-27.46879959,-4.00000019E-3,
,,,-27.46559906,-4.00000019E-3,
,,,-27.46240044,-8.000000380E-3,
,,,-27.45919991,-4.00000019E-3,
,,,-27.45599937,-4.00000019E-3,
,,,-27.45279884,0.0,
,,,-27.44960022,-16.0000008E-3,
,,,-27.44639969,0.0,
,,,-27.44319916,4.00000019E-3,
,,,-27.44000053,0.0,
,,,-27.43680000,8.000000380E-3,
,,,-27.43359947,-8.000000380E-3,
,,,-27.43039894,-4.00000019E-3,
,,,-27.42720032,0.0,
,,,-27.42399979,-4.00000019E-3,
,,,-27.42079926,4.00000019E-3,
,,,-27.41760063,80.000005662E-3,
,,,-27.41440010,-4.00000019E-3,
,,,-27.41119957,0.0,
,,,-27.40799904,-4.00000019E-3,
,,,-27.40480042,0.0,
,,,-27.40159988,0.0,
,,,-27.39839935,4.00000019E-3,
,,,-27.39520073,-8.000000380E-3,
,,,-27.39200020,4.00000019E-3,
,,,-27.38879967,-8.000000380E-3,
,,,-27.38559914,0.0,
,,,-27.38240051,0.0,
,,,-27.37919998,0.0,
,,,-27.37599945,0.0,
,,,-27.37279892,-4.00000019E-3,
,,,-27.36960030,-4.00000019E-3,
,,,-27.36639977,-4.00000019E-3,
,,,-27.36319923,0.0,
,,,-27.36000061,0.0,
,,,-27.35680008,0.0,
,,,-27.35359955,0.0,
,,,-27.35039902,0.0,
,,,-27.34720039,-8.000000380E-3,
,,,-27.34399986,0.0,
,,,-27.34079933,-4.00000019E-3,
,,,-27.33760071,8.000000380E-3,
,,,-27.33440018,-4.00000019E-3,
,,,-27.33119965,0.0,
,,,-27.32799911,-4.00000019E-3,
,,,-27.32480049,0.0,
,,,-27.32159996,0.0,
,,,-27.31839943,-4.00000019E-3,
,,,-27.31519890,0.0,
,,,-27.31200027,0.0,
,,,-27.30879974,-4.00000019E-3,
,,,-27.30559921,0.0,
,,,-27.30240059,-4.00000019E-3,
,,,-27.29920006,-4.00000019E-3,
,,,-27.29599953,-4.00000019E-3,
,,,-27.29279900,0.0,
,,,-27.28960037,0.0,
,,,-27.28639984,0.0,
,,,-27.28319931,0.0,
,,,-27.28000069,-4.00000019E-3,
,,,-27.27680016,4.00000019E-3,
,,,-27.27359962,-8.000000380E-3,
,,,-27.27039909,4.00000019E-3,
,,,-27.26720047,-28.00000086E-3,
,,,-27.26399994,0.0,
,,,-27.26079941,-4.00000019E-3,
,,,-27.25759888,12.0000001E-3,
,,,-27.25440025,4.00000019E-3,
,,,-27.25119972,16.0000008E-3,
,,,-27.24799919,-4.00000019E-3,
,,,-27.24480057,0.0,
,,,-27.24160004,4.00000019E-3,
,,,-27.23839951,0.0,
,,,-27.23519897,0.0,
,,,-27.23200035,8.000000380E-3,
,,,-27.22879982,-104.0000021E-3,
,,,-27.22559929,0.0,
,,,-27.22240067,-4.00000019E-3,
,,,-27.21920013,0.0,
,,,-27.21599960,0.0,
,,,-27.21279907,4.00000019E-3,
,,,-27.20960045,-12.0000001E-3,
,,,-27.20639992,0.0,
,,,-27.20319939,0.0,
,,,-27.19999886,4.00000019E-3,
,,,-27.19680023,4.00000019E-3,
,,,-27.19359970,-4.00000019E-3,
,,,-27.19039917,-12.0000001E-3,
,,,-27.18720055,-12.0000001E-3,
,,,-27.18400002,-8.000000380E-3,
,,,-27.18079948,0.0,
,,,-27.17759895,-4.00000019E-3,
,,,-27.17440033,-4.00000019E-3,
,,,-27.17119980,-4.00000019E-3,
,,,-27.16799927,-4.00000019E-3,
,,,-27.16480064,4.00000019E-3,
,,,-27.16160011,0.0,
,,,-27.15839958,0.0,
,,,-27.15519905,-4.00000019E-3,
,,,-27.15200043,0.0,
,,,-27.14879990,-28.00000086E-3,
,,,-27.14559937,-12.0000001E-3,
,,,-27.14239883,0.0,
,,,-27.13920021,4.00000019E-3,
,,,-27.13599968,0.0,
,,,-27.13279915,4.00000019E-3,
,,,-27.12960052,4.00000019E-3,
,,,-27.12639999,-4.00000019E-3,
,,,-27.12319946,0.0,
,,,-27.11999893,0.0,
,,,-27.11680031,-4.00000019E-3,
,,,-27.11359978,-4.00000019E-3,
,,,-27.11039925,-8.000000380E-3,
,,,-27.10720062,0.0,
,,,-27.10400009,0.0,
,,,-27.10079956,4.00000019E-3,
,,,-27.09759903,12.0000001E-3,
,,,-27.09440041,0.0,
,,,-27.09119987,0.0,
,,,-27.08799934,-4.00000019E-3,
,,,-27.08480072,-4.00000019E-3,
,,,-27.08160019,-16.0000008E-3,
,,,-27.07839966,12.0000001E-3,
,,,-27.07519913,0.0,
,,,-27.07200050,0.0,
,,,-27.06879997,0.0,
,,,-27.06559944,-4.00000019E-3,
,,,-27.06239891,0.0,
,,,-27.05920029,-4.00000019E-3,
,,,-27.05599976,-4.00000019E-3,
,,,-27.05279922,-4.00000019E-3,
,,,-27.04960060,0.0,
,,,-27.04640007,-8.000000380E-3,
,,,-27.04319954,4.00000019E-3,
,,,-27.03999901,0.0,
,,,-27.03680038,-4.00000019E-3,
,,,-27.03359985,4.00000019E-3,
,,,-27.03039932,0.0,
,,,-27.02720070,-4.00000019E-3,
,,,-27.02400017,-4.00000019E-3,
,,,-27.02079964,0.0,
,,,-27.01759911,0.0,
,,,-27.01440048,-4.00000019E-3,
,,,-27.01119995,0.0,
,,,-27.00799942,0.0,
,,,-27.00479889,-4.00000019E-3,
,,,-27.00160027,12.0000001E-3,
,,,-26.99839973,4.00000019E-3,
,,,-26.99519920,-4.00000019E-3,
,,,-26.99200058,0.0,
,,,-26.98880005,4.00000019E-3,
,,,-26.98559952,-4.00000019E-3,
,,,-26.98239899,-4.00000019E-3,
,,,-26.97920036,-4.00000019E-3,
,,,-26.97599983,0.0,
,,,-26.97279930,0.0,
,,,-26.96960068,-4.00000019E-3,
,,,-26.96640015,-4.00000019E-3,
,,,-26.96319962,0.0,
,,,-26.95999908,-12.0000001E-3,
,,,-26.95680046,-24.00000021E-3,
,,,-26.95359993,0.0,
,,,-26.95039940,0.0,
,,,-26.94719887,-4.00000019E-3,
,,,-26.94400024,0.0,
,,,-26.94079971,-4.00000019E-3,
,,,-26.93759918,0.0,
,,,-26.93440056,0.0,
,,,-26.93120003,-4.00000019E-3,
,,,-26.92799950,0.0,
,,,-26.92479897,0.0,
,,,-26.92160034,-4.00000019E-3,
,,,-26.91839981,0.0,
,,,-26.91519928,40.00000283E-3,
,,,-26.91200066,4.00000019E-3,
,,,-26.90880013,0.0,
,,,-26.90559959,0.0,
,,,-26.90239906,-4.00000019E-3,
,,,-26.89920044,-8.000000380E-3,
,,,-26.89599991,16.0000008E-3,
,,,-26.89279938,0.0,
,,,-26.88959885,0.0,
,,,-26.88640022,0.0,
,,,-26.88319969,0.0,
,,,-26.87999916,0.0,
,,,-26.87680054,-4.00000019E-3,
,,,-26.87360001,-4.00000019E-3,
,,,-26.87039948,0.0,
,,,-26.86719894,0.0,
,,,-26.86400032,4.00000019E-3,
,,,-26.86079979,0.0,
,,,-26.85759926,-4.00000019E-3,
,,,-26.85440063,-8.000000380E-3,
,,,-26.85120010,4.00000019E-3,
,,,-26.84799957,8.000000380E-3,
,,,-26.84479904,-8.000000380E-3,
,,,-26.84160042,-4.00000019E-3,
,,,-26.83839989,0.0,
,,,-26.83519936,-4.00000019E-3,
,,,-26.83199883,-4.00000019E-3,
,,,-26.82880020,0.0,
,,,-26.82559967,4.00000019E-3,
,,,-26.82239914,-8.000000380E-3,
,,,-26.81920052,0.0,
,,,-26.81599998,4.00000019E-3,
,,,-26.81279945,-4.00000019E-3,
,,,-26.80959892,-4.00000019E-3,
,,,-26.80640030,8.000000380E-3,
,,,-26.80319977,0.0,
,,,-26.79999924,4.00000019E-3,
,,,-26.79680061,-8.000000380E-3,
,,,-26.79360008,-4.00000019E-3,
,,,-26.79039955,0.0,
,,,-26.78719902,-4.00000019E-3,
,,,-26.78400040,0.0,
,,,-26.78079987,-4.00000019E-3,
,,,-26.77759933,0.0,
,,,-26.77439880,0.0,
,,,-26.77120018,-4.00000019E-3,
,,,-26.76799965,0.0,
,,,-26.76479912,4.00000019E-3,
,,,-26.76160049,0.0,
,,,-26.75839996,4.00000019E-3,
,,,-26.75519943,0.0,
,,,-26.75199890,0.0,
,,,-26.74880028,-4.00000019E-3,
,,,-26.74559975,-64.000003040E-3,
,,,-26.74239922,0.0,
,,,-26.73920059,4.00000019E-3,
,,,-26.73600006,0.0,
,,,-26.73279953,0.0,
,,,-26.72959900,0.0,
,,,-26.72640038,0.0,
,,,-26.72319984,20.0000014E-3,
,,,-26.71999931,0.0,
,,,-26.71680069,0.0,
,,,-26.71360016,-4.00000019E-3,
,,,-26.71039963,0.0,
,,,-26.70719910,0.0,
,,,-26.70400047,0.0,
,,,-26.70079994,0.0,
,,,-26.69759941,0.0,
,,,-26.69439888,-4.00000019E-3,
,,,-26.69120026,-4.00000019E-3,
,,,-26.68799973,0.0,
,,,-26.68479919,0.0,
,,,-26.68160057,-4.00000019E-3,
,,,-26.67840004,-12.0000001E-3,
,,,-26.67519951,0.0,
,,,-26.67199898,-8.000000380E-3,
,,,-26.66880035,16.0000008E-3,
,,,-26.66559982,0.0,
,,,-26.66239929,-4.00000019E-3,
,,,-26.65920067,-8.000000380E-3,
,,,-26.65600014,-4.00000019E-3,
,,,-26.65279961,0.0,
,,,-26.64959908,4.00000019E-3,
,,,-26.64640045,0.0,
,,,-26.64319992,4.00000019E-3,
,,,-26.63999939,-4.00000019E-3,
,,,-26.63679886,4.00000019E-3,
,,,-26.63360023,0.0,
,,,-26.63039970,-8.000000380E-3,
,,,-26.62719917,-4.00000019E-3,
,,,-26.62400055,-4.00000019E-3,
,,,-26.62080002,0.0,
,,,-26.61759949,-4.00000019E-3,
,,,-26.61439896,0.0,
,,,-26.61120033,0.0,
,,,-26.60799980,-8.000000380E-3,
,,,-26.60479927,0.0,
,,,-26.60160065,0.0,
,,,-26.59840012,-4.00000019E-3,
,,,-26.59519958,0.0,
,,,-26.59199905,0.0,
,,,-26.58880043,-4.00000019E-3,
,,,-26.58559990,0.0,
,,,-26.58239937,-4.00000019E-3,
,,,-26.57919884,-8.000000380E-3,
,,,-26.57600021,-4.00000019E-3,
,,,-26.57279968,-4.00000019E-3,
,,,-26.56959915,4.00000019E-3,
,,,-26.56640053,24.00000021E-3,
,,,-26.56320000,0.0,
,,,-26.55999947,-4.00000019E-3,
,,,-26.55679893,-4.00000019E-3,
,,,-26.55360031,-4.00000019E-3,
,,,-26.55039978,4.00000019E-3,
,,,-26.54719925,-4.00000019E-3,
,,,-26.54400063,-4.00000019E-3,
,,,-26.54080009,8.000000380E-3,
,,,-26.53759956,-4.00000019E-3,
,,,-26.53439903,-4.00000019E-3,
,,,-26.53120041,0.0,
,,,-26.52799988,4.00000019E-3,
,,,-26.52479935,4.00000019E-3,
,,,-26.52159882,4.00000019E-3,
,,,-26.51840019,-4.00000019E-3,
,,,-26.51519966,-60.000002384E-3,
,,,-26.51199913,0.0,
,,,-26.50880051,4.00000019E-3,
,,,-26.50559998,0.0,
,,,-26.50239944,0.0,
,,,-26.49919891,8.000000380E-3,
,,,-26.49600029,4.00000019E-3,
,,,-26.49279976,0.0,
,,,-26.48959923,4.00000019E-3,
,,,-26.48640060,0.0,
,,,-26.48320007,-20.0000014E-3,
,,,-26.47999954,0.0,
,,,-26.47679901,0.0,
,,,-26.47360039,4.00000019E-3,
,,,-26.47039986,-4.00000019E-3,
,,,-26.46719933,0.0,
,,,-26.46399879,0.0,
,,,-26.46080017,0.0,
,,,-26.45759964,-4.00000019E-3,
,,,-26.45439911,-4.00000019E-3,
,,,-26.45120049,0.0,
,,,-26.44799995,-4.00000019E-3,
,,,-26.44479942,-4.00000019E-3,
,,,-26.44159889,0.0,
,,,-26.43840027,0.0,
,,,-26.43519974,-4.00000019E-3,
,,,-26.43199921,-4.00000019E-3,
,,,-26.42880058,4.00000019E-3,
,,,-26.42560005,8.000000380E-3,
,,,-26.42239952,4.00000019E-3,
,,,-26.41919899,-4.00000019E-3,
,,,-26.41600037,0.0,
,,,-26.41279984,0.0,
,,,-26.40959930,4.00000019E-3,
,,,-26.40640068,0.0,
,,,-26.40320015,-4.00000019E-3,
,,,-26.39999962,4.00000019E-3,
,,,-26.39679909,0.0,
,,,-26.39360046,0.0,
,,,-26.39039993,0.0,
,,,-26.38719940,0.0,
,,,-26.38399887,0.0,
,,,-26.38080025,-4.00000019E-3,
,,,-26.37759972,0.0,
,,,-26.37439919,0.0,
,,,-26.37120056,4.00000019E-3,
,,,-26.36800003,0.0,
,,,-26.36479950,0.0,
,,,-26.36159897,0.0,
,,,-26.35840034,-8.000000380E-3,
,,,-26.35519981,-48.00000042E-3,
,,,-26.35199928,0.0,
,,,-26.34880066,-8.000000380E-3,
,,,-26.34560013,4.00000019E-3,
,,,-26.34239960,-4.00000019E-3,
,,,-26.33919907,-4.00000019E-3,
,,,-26.33600044,-4.00000019E-3,
,,,-26.33279991,-4.00000019E-3,
,,,-26.32959938,-4.00000019E-3,
,,,-26.32639885,-4.00000019E-3,
,,,-26.32320023,0.0,
,,,-26.31999969,0.0,
,,,-26.31679916,4.00000019E-3,
,,,-26.31360054,0.0,
,,,-26.31040001,0.0,
,,,-26.30719948,4.00000019E-3,
,,,-26.30399895,0.0,
,,,-26.30080032,4.00000019E-3,
,,,-26.29759979,0.0,
,,,-26.29439926,4.00000019E-3,
,,,-26.29120064,-4.00000019E-3,
,,,-26.28800011,0.0,
,,,-26.28479958,-4.00000019E-3,
,,,-26.28159904,0.0,
,,,-26.27840042,0.0,
,,,-26.27519989,0.0,
,,,-26.27199936,0.0,
,,,-26.26879883,4.00000019E-3,
,,,-26.26560020,-8.000000380E-3,
,,,-26.26239967,-4.00000019E-3,
,,,-26.25919914,0.0,
,,,-26.25600052,12.0000001E-3,
,,,-26.25279999,-12.0000001E-3,
,,,-26.24959946,0.0,
,,,-26.24639893,52.00000107E-3,
,,,-26.24320030,-4.00000019E-3,
,,,-26.23999977,16.0000008E-3,
,,,-26.23679924,0.0,
,,,-26.23360062,0.0,
,,,-26.23040009,-4.00000019E-3,
,,,-26.22719955,-8.000000380E-3,
,,,-26.22399902,-4.00000019E-3,
,,,-26.22080040,4.00000019E-3,
,,,-26.21759987,4.00000019E-3,
,,,-26.21439934,-4.00000019E-3,
,,,-26.21119881,-4.00000019E-3,
,,,-26.20800018,0.0,
,,,-26.20479965,0.0,
,,,-26.20159912,4.00000019E-3,
,,,-26.19840050,0.0,
,,,-26.19519997,-4.00000019E-3,
,,,-26.19199944,0.0,
,,,-26.18879890,0.0,
,,,-26.18560028,0.0,
,,,-26.18239975,0.0,
,,,-26.17919922,4.00000019E-3,
,,,-26.17600060,-4.00000019E-3,
,,,-26.17280006,4.00000019E-3,
,,,-26.16959953,4.00000019E-3,
,,,-26.16639900,4.00000019E-3,
,,,-26.16320038,-4.00000019E-3,
,,,-26.15999985,8.000000380E-3,
,,,-26.15679932,0.0,
,,,-26.15359879,0.0,
,,,-26.15040016,0.0,
,,,-26.14719963,-4.00000019E-3,
,,,-26.14399910,0.0,
,,,-26.14080048,-4.00000019E-3,
,,,-26.13759995,-8.000000380E-3,
,,,-26.13439941,-4.00000019E-3,
,,,-26.13119888,4.00000019E-3,
,,,-26.12800026,4.00000019E-3,
,,,-26.12479973,0.0,
,,,-26.12159920,0.0,
,,,-26.11840057,0.0,
,,,-26.11520004,0.0,
,,,-26.11199951,20.0000014E-3,
,,,-26.10879898,4.00000019E-3,
,,,-26.10560036,0.0,
,,,-26.10239983,0.0,
,,,-26.09919930,0.0,
,,,-26.09600067,0.0,
,,,-26.09280014,0.0,
,,,-26.08959961,-4.00000019E-3,
,,,-26.08639908,-12.0000001E-3,
,,,-26.08320045,0.0,
,,,-26.07999992,0.0,
,,,-26.07679939,-4.00000019E-3,
,,,-26.07359886,0.0,
,,,-26.07040024,0.0,
,,,-26.06719971,0.0,
,,,-26.06399918,4.00000019E-3,
,,,-26.06080055,0.0,
,,,-26.05760002,0.0,
,,,-26.05439949,-4.00000019E-3,
,,,-26.05119896,0.0,
,,,-26.04800034,0.0,
,,,-26.04479980,0.0,
,,,-26.04159927,8.000000380E-3,
,,,-26.03840065,-4.00000019E-3,
,,,-26.03520012,4.00000019E-3,
,,,-26.03199959,0.0,
,,,-26.02879906,0.0,
,,,-26.02560043,0.0,
,,,-26.02239990,4.00000019E-3,
,,,-26.01919937,0.0,
,,,-26.01599884,0.0,
,,,-26.01280022,-4.00000019E-3,
,,,-26.00959969,0.0,
,,,-26.00639915,4.00000019E-3,
,,,-26.00320053,0.0,
,,,-26.00000000,0.0,
,,,-25.99679947,-4.00000019E-3,
,,,-25.99359894,-4.00000019E-3,
,,,-25.99040031,0.0,
,,,-25.98719978,28.00000086E-3,
,,,-25.98399925,0.0,
,,,-25.98080063,4.00000019E-3,
,,,-25.97760010,0.0,
,,,-25.97439957,4.00000019E-3,
,,,-25.97119904,0.0,
,,,-25.96800041,-4.00000019E-3,
,,,-25.96479988,0.0,
,,,-25.96159935,0.0,
,,,-25.95839882,8.000000380E-3,
,,,-25.95520020,4.00000019E-3,
,,,-25.95199966,0.0,
,,,-25.94879913,4.00000019E-3,
,,,-25.94560051,-4.00000019E-3,
,,,-25.94239998,-4.00000019E-3,
,,,-25.93919945,0.0,
,,,-25.93599892,4.00000019E-3,
,,,-25.93280029,0.0,
,,,-25.92959976,4.00000019E-3,
,,,-25.92639923,0.0,
,,,-25.92320061,-8.000000380E-3,
,,,-25.92000008,4.00000019E-3,
,,,-25.91679955,0.0,
,,,-25.91359901,-4.00000019E-3,
,,,-25.91040039,-4.00000019E-3,
,,,-25.90719986,8.000000380E-3,
,,,-25.90399933,0.0,
,,,-25.90079880,0.0,
,,,-25.89760017,-8.000000380E-3,
,,,-25.89439964,0.0,
,,,-25.89119911,-4.00000019E-3,
,,,-25.88800049,4.00000019E-3,
,,,-25.88479996,-4.00000019E-3,
,,,-25.88159943,4.00000019E-3,
,,,-25.87839890,-8.000000380E-3,
,,,-25.87520027,0.0,
,,,-25.87199974,-4.00000019E-3,
,,,-25.86879921,0.0,
,,,-25.86560059,-4.00000019E-3,
,,,-25.86240005,0.0,
,,,-25.85919952,4.00000019E-3,
,,,-25.85599899,-4.00000019E-3,
,,,-25.85280037,0.0,
,,,-25.84959984,4.00000019E-3,
,,,-25.84639931,4.00000019E-3,
,,,-25.84319878,0.0,
,,,-25.84000015,0.0,
,,,-25.83679962,4.00000019E-3,
,,,-25.83359909,0.0,
,,,-25.83040047,44.00000349E-3,
,,,-25.82719994,256.00001216E-3,
,,,-25.82399940,416.000008583E-3,
,,,-25.82079887,504.000008106E-3,
,,,-25.81760025,504.000008106E-3,
,,,-25.81439972,504.000008106E-3,
,,,-25.81119919,504.000008106E-3,
,,,-25.80800056,504.000008106E-3,
,,,-25.80480003,504.000008106E-3,
,,,-25.80159950,504.000008106E-3,
,,,-25.79839897,504.000008106E-3,
,,,-25.79520035,504.000008106E-3,
,,,-25.79199982,504.000008106E-3,
,,,-25.78879929,504.000008106E-3,
,,,-25.78559875,504.000008106E-3,
,,,-25.78240013,504.000008106E-3,
,,,-25.77919960,504.000008106E-3,
,,,-25.77599907,504.000008106E-3,
,,,-25.77280045,504.000008106E-3,
,,,-25.76959991,504.000008106E-3,
,,,-25.76639938,504.000008106E-3,
,,,-25.76319885,504.000008106E-3,
,,,-25.76000023,504.000008106E-3,
,,,-25.75679970,504.000008106E-3,
,,,-25.75359917,504.000008106E-3,
,,,-25.75040054,504.000008106E-3,
,,,-25.74720001,504.000008106E-3,
,,,-25.74399948,504.000008106E-3,
,,,-25.74079895,504.000008106E-3,
,,,-25.73760033,504.000008106E-3,
,,,-25.73439980,504.000008106E-3,
,,,-25.73119926,504.000008106E-3,
,,,-25.72800064,504.000008106E-3,
,,,-25.72480011,504.000008106E-3,
,,,-25.72159958,504.000008106E-3,
,,,-25.71839905,504.000008106E-3,
,,,-25.71520042,504.000008106E-3,
,,,-25.71199989,504.000008106E-3,
,,,-25.70879936,504.000008106E-3,
,,,-25.70559883,504.000008106E-3,
,,,-25.70240021,504.000008106E-3,
,,,-25.69919968,504.000008106E-3,
,,,-25.69599915,504.000008106E-3,
,,,-25.69280052,504.000008106E-3,
,,,-25.68959999,504.000008106E-3,
,,,-25.68639946,504.000008106E-3,
,,,-25.68319893,504.000008106E-3,
,,,-25.68000031,504.000008106E-3,
,,,-25.67679977,504.000008106E-3,
,,,-25.67359924,504.000008106E-3,
,,,-25.67040062,504.000008106E-3,
,,,-25.66720009,504.000008106E-3,
,,,-25.66399956,504.000008106E-3,
,,,-25.66079903,504.000008106E-3,
,,,-25.65760040,504.000008106E-3,
,,,-25.65439987,504.000008106E-3,
,,,-25.65119934,504.000008106E-3,
,,,-25.64799881,504.000008106E-3,
,,,-25.64480019,504.000008106E-3,
,,,-25.64159966,504.000008106E-3,
,,,-25.63839912,504.000008106E-3,
,,,-25.63520050,504.000008106E-3,
,,,-25.63199997,504.000008106E-3,
,,,-25.62879944,504.000008106E-3,
,,,-25.62559891,504.000008106E-3,
,,,-25.62240028,504.000008106E-3,
,,,-25.61919975,504.000008106E-3,
,,,-25.61599922,504.000008106E-3,
,,,-25.61280060,504.000008106E-3,
,,,-25.60960007,504.000008106E-3,
,,,-25.60639954,504.000008106E-3,
,,,-25.60319901,504.000008106E-3,
,,,-25.60000038,504.000008106E-3,
,,,-25.59679985,484.000027180E-3,
,,,-25.59359932,484.000027180E-3,
,,,-25.59039879,468.000024557E-3,
,,,-25.58720016,456.000030041E-3,
,,,-25.58399963,456.000030041E-3,
,,,-25.58079910,448.000013828E-3,
,,,-25.57760048,440.000027418E-3,
,,,-25.57439995,444.000035524E-3,
,,,-25.57119942,436.000019312E-3,
,,,-25.56799889,436.000019312E-3,
,,,-25.56480026,452.000021935E-3,
,,,-25.56159973,436.000019312E-3,
,,,-25.55839920,440.000027418E-3,
,,,-25.55520058,444.000035524E-3,
,,,-25.55200005,436.000019312E-3,
,,,-25.54879951,444.000035524E-3,
,,,-25.54559898,448.000013828E-3,
,,,-25.54240036,444.000035524E-3,
,,,-25.53919983,448.000013828E-3,
,,,-25.53599930,452.000021935E-3,
,,,-25.53279877,448.000013828E-3,
,,,-25.52960014,444.000035524E-3,
,,,-25.52639961,452.000021935E-3,
,,,-25.52319908,444.000035524E-3,
,,,-25.52000046,456.000030041E-3,
,,,-25.51679993,444.000035524E-3,
,,,-25.51359940,440.000027418E-3,
,,,-25.51039886,448.000013828E-3,
,,,-25.50720024,444.000035524E-3,
,,,-25.50399971,440.000027418E-3,
,,,-25.50079918,436.000019312E-3,
,,,-25.49760056,420.000016689E-3,
,,,-25.49440002,428.000032902E-3,
,,,-25.49119949,416.000008583E-3,
,,,-25.48799896,412.000030279E-3,
,,,-25.48480034,404.000014067E-3,
,,,-25.48159981,400.00000596E-3,
,,,-25.47839928,396.00002766E-3,
,,,-25.47519875,392.00001955E-3,
,,,-25.47200012,388.00001144E-3,
,,,-25.46879959,384.00000334E-3,
,,,-25.46559906,372.00000882E-3,
,,,-25.46240044,368.00003052E-3,
,,,-25.45919991,372.00000882E-3,
,,,-25.45599937,360.00001431E-3,
,,,-25.45279884,360.00001431E-3,
,,,-25.44960022,348.00001979E-3,
,,,-25.44639969,336.00002527E-3,
,,,-25.44319916,336.00002527E-3,
,,,-25.44000053,320.00002265E-3,
,,,-25.43680000,324.00000095E-3,
,,,-25.43359947,324.00000095E-3,
,,,-25.43039894,312.00000644E-3,
,,,-25.42720032,316.00001454E-3,
,,,-25.42399979,296.00000381E-3,
,,,-25.42079926,300.00001192E-3,
,,,-25.41760063,284.00000930E-3,
,,,-25.41440010,276.00002289E-3,
,,,-25.41119957,268.00000668E-3,
,,,-25.40799904,268.00000668E-3,
,,,-25.40480042,244.00001764E-3,
,,,-25.40159988,248.00001085E-3,
,,,-25.39839935,248.00001085E-3,
,,,-25.39519882,240.00000954E-3,
,,,-25.39200020,232.00000823E-3,
,,,-25.38879967,224.00000691E-3,
,,,-25.38559914,228.00001502E-3,
,,,-25.38240051,220.00001371E-3,
,,,-25.37919998,212.00001240E-3,
,,,-25.37599945,208.00000429E-3,
,,,-25.37279892,204.00001109E-3,
,,,-25.36960030,184.00001526E-3,
,,,-25.36639977,200.00000298E-3,
,,,-25.36319923,192.00000167E-3,
,,,-25.36000061,180.00000715E-3,
,,,-25.35680008,180.00000715E-3,
,,,-25.35359955,172.00000584E-3,
,,,-25.35039902,168.00001264E-3,
,,,-25.34720039,176.00001395E-3,
,,,-25.34399986,168.00001264E-3,
,,,-25.34079933,164.00000453E-3,
,,,-25.33759880,172.00000584E-3,
,,,-25.33440018,160.00001132E-3,
,,,-25.33119965,156.00000322E-3,
,,,-25.32799911,164.00000453E-3,
,,,-25.32480049,160.00001132E-3,
,,,-25.32159996,156.00000322E-3,
,,,-25.31839943,156.00000322E-3,
,,,-25.31519890,156.00000322E-3,
,,,-25.31200027,160.00001132E-3,
,,,-25.30879974,148.0000019E-3,
,,,-25.30559921,152.00001001E-3,
,,,-25.30240059,148.0000019E-3,
,,,-25.29920006,144.0000087E-3,
,,,-25.29599953,136.0000074E-3,
,,,-25.29279900,156.00000322E-3,
,,,-25.28960037,140.0000006E-3,
,,,-25.28639984,144.0000087E-3,
,,,-25.28319931,124.0000054E-3,
,,,-25.27999878,131.9999993E-3,
,,,-25.27680016,124.0000054E-3,
,,,-25.27359962,116.0000041E-3,
,,,-25.27039909,136.0000074E-3,
,,,-25.26720047,96.000000834E-3,
,,,-25.26399994,120.0000048E-3,
,,,-25.26079941,120.0000048E-3,
,,,-25.25759888,108.0000028E-3,
,,,-25.25440025,116.0000041E-3,
,,,-25.25119972,104.0000021E-3,
,,,-25.24799919,100.0000015E-3,
,,,-25.24480057,104.0000021E-3,
,,,-25.24160004,108.0000028E-3,
,,,-25.23839951,112.0000035E-3,
,,,-25.23519897,104.0000021E-3,
,,,-25.23200035,96.000000834E-3,
,,,-25.22879982,100.0000015E-3,
,,,-25.22559929,108.0000028E-3,
,,,-25.22239876,108.0000028E-3,
,,,-25.21920013,108.0000028E-3,
,,,-25.21599960,112.0000035E-3,
,,,-25.21279907,120.0000048E-3,
,,,-25.20960045,104.0000021E-3,
,,,-25.20639992,108.0000028E-3,
,,,-25.20319939,108.0000028E-3,
,,,-25.19999886,116.0000041E-3,
,,,-25.19680023,112.0000035E-3,
,,,-25.19359970,112.0000035E-3,
,,,-25.19039917,108.0000028E-3,
,,,-25.18720055,112.0000035E-3,
,,,-25.18400002,116.0000041E-3,
,,,-25.18079948,120.0000048E-3,
,,,-25.17759895,116.0000041E-3,
,,,-25.17440033,108.0000028E-3,
,,,-25.17119980,104.0000021E-3,
,,,-25.16799927,108.0000028E-3,
,,,-25.16479874,108.0000028E-3,
,,,-25.16160011,104.0000021E-3,
,,,-25.15839958,100.0000015E-3,
,,,-25.15519905,96.000000834E-3,
,,,-25.15200043,92.000007629E-3,
,,,-25.14879990,84.000006318E-3,
,,,-25.14559937,84.000006318E-3,
,,,-25.14239883,84.000006318E-3,
,,,-25.13920021,84.000006318E-3,
,,,-25.13599968,88.000006974E-3,
,,,-25.13279915,80.000005662E-3,
,,,-25.12960052,84.000006318E-3,
,,,-25.12639999,88.000006974E-3,
,,,-25.12319946,88.000006974E-3,
,,,-25.11999893,92.000007629E-3,
,,,-25.11680031,104.0000021E-3,
,,,-25.11359978,108.0000028E-3,
,,,-25.11039925,112.0000035E-3,
,,,-25.10720062,131.9999993E-3,
,,,-25.10400009,128.0000061E-3,
,,,-25.10079956,148.0000019E-3,
,,,-25.09759903,156.00000322E-3,
,,,-25.09440041,156.00000322E-3,
,,,-25.09119987,168.00001264E-3,
,,,-25.08799934,176.00001395E-3,
,,,-25.08479881,192.00000167E-3,
,,,-25.08160019,204.00001109E-3,
,,,-25.07839966,204.00001109E-3,
,,,-25.07519913,224.00000691E-3,
,,,-25.07200050,220.00001371E-3,
,,,-25.06879997,224.00000691E-3,
,,,-25.06559944,228.00001502E-3,
,,,-25.06239891,228.00001502E-3,
,,,-25.05920029,228.00001502E-3,
,,,-25.05599976,236.00001633E-3,
,,,-25.05279922,236.00001633E-3,
,,,-25.04960060,248.00001085E-3,
,,,-25.04640007,268.00000668E-3,
,,,-25.04319954,256.00001216E-3,
,,,-25.03999901,248.00001085E-3,
,,,-25.03680038,256.00001216E-3,
,,,-25.03359985,240.00000954E-3,
,,,-25.03039932,248.00001085E-3,
,,,-25.02719879,244.00001764E-3,
,,,-25.02400017,240.00000954E-3,
,,,-25.02079964,228.00001502E-3,
,,,-25.01759911,224.00000691E-3,
,,,-25.01440048,208.00000429E-3,
,,,-25.01119995,220.00001371E-3,
,,,-25.00799942,204.00001109E-3,
,,,-25.00479889,180.00000715E-3,
,,,-25.00160027,172.00000584E-3,
,,,-24.99839973,172.00000584E-3,
,,,-24.99519920,156.00000322E-3,
,,,-24.99200058,152.00001001E-3,
,,,-24.98880005,140.0000006E-3,
,,,-24.98559952,124.0000054E-3,
,,,-24.98239899,108.0000028E-3,
,,,-24.97920036,96.000000834E-3,
,,,-24.97599983,88.000006974E-3,
,,,-24.97279930,72.000004351E-3,
,,,-24.96959877,60.000002384E-3,
,,,-24.96640015,52.00000107E-3,
,,,-24.96319962,44.00000349E-3,
,,,-24.95999908,32.00000152E-3,
,,,-24.95680046,20.0000014E-3,
,,,-24.95359993,16.0000008E-3,
,,,-24.95039940,4.00000019E-3,
,,,-24.94719887,-12.0000001E-3,
,,,-24.94400024,-20.0000014E-3,
,,,-24.94079971,-20.0000014E-3,
,,,-24.93759918,-28.00000086E-3,
,,,-24.93440056,-32.00000152E-3,
,,,-24.93120003,-40.00000283E-3,
,,,-24.92799950,-52.00000107E-3,
,,,-24.92479897,-60.000002384E-3,
,,,-24.92160034,-64.000003040E-3,
,,,-24.91839981,-72.000004351E-3,
,,,-24.91519928,-64.000003040E-3,
,,,-24.91199875,-76.000005007E-3,
,,,-24.90880013,-72.000004351E-3,
,,,-24.90559959,-88.000006974E-3,
,,,-24.90239906,-88.000006974E-3,
,,,-24.89920044,-96.000000834E-3,
,,,-24.89599991,-100.0000015E-3,
,,,-24.89279938,-100.0000015E-3,
,,,-24.88959885,-96.000000834E-3,
,,,-24.88640022,-108.0000028E-3,
,,,-24.88319969,-104.0000021E-3,
,,,-24.87999916,-104.0000021E-3,
,,,-24.87680054,-104.0000021E-3,
,,,-24.87360001,-108.0000028E-3,
,,,-24.87039948,-100.0000015E-3,
,,,-24.86719894,-96.000000834E-3,
,,,-24.86400032,-100.0000015E-3,
,,,-24.86079979,-104.0000021E-3,
,,,-24.85759926,-88.000006974E-3,
,,,-24.85439873,-108.0000028E-3,
,,,-24.85120010,-96.000000834E-3,
,,,-24.84799957,-88.000006974E-3,
,,,-24.84479904,-80.000005662E-3,
,,,-24.84160042,-84.000006318E-3,
,,,-24.83839989,-72.000004351E-3,
,,,-24.83519936,-80.000005662E-3,
,,,-24.83199883,-68.000003695E-3,
,,,-24.82880020,-72.000004351E-3,
,,,-24.82559967,-64.000003040E-3,
,,,-24.82239914,-60.000002384E-3,
,,,-24.81920052,-56.000001729E-3,
,,,-24.81599998,-48.00000042E-3,
,,,-24.81279945,-40.00000283E-3,
,,,-24.80959892,-20.0000014E-3,
,,,-24.80640030,-36.00000218E-3,
,,,-24.80319977,-32.00000152E-3,
,,,-24.79999924,-24.00000021E-3,
,,,-24.79679871,24.00000021E-3,
,,,-24.79360008,-12.0000001E-3,
,,,-24.79039955,4.00000019E-3,
,,,-24.78719902,12.0000001E-3,
,,,-24.78400040,8.000000380E-3,
,,,-24.78079987,24.00000021E-3,
,,,-24.77759933,24.00000021E-3,
,,,-24.77439880,28.00000086E-3,
,,,-24.77120018,40.00000283E-3,
,,,-24.76799965,36.00000218E-3,
,,,-24.76479912,48.00000042E-3,
,,,-24.76160049,52.00000107E-3,
,,,-24.75839996,52.00000107E-3,
,,,-24.75519943,52.00000107E-3,
,,,-24.75199890,68.000003695E-3,
,,,-24.74880028,52.00000107E-3,
,,,-24.74559975,4.00000019E-3,
,,,-24.74239922,60.000002384E-3,
,,,-24.73920059,60.000002384E-3,
,,,-24.73600006,52.00000107E-3,
,,,-24.73279953,60.000002384E-3,
,,,-24.72959900,56.000001729E-3,
,,,-24.72640038,52.00000107E-3,
,,,-24.72319984,52.00000107E-3,
,,,-24.71999931,52.00000107E-3,
,,,-24.71679878,48.00000042E-3,
,,,-24.71360016,60.000002384E-3,
,,,-24.71039963,44.00000349E-3,
,,,-24.70719910,44.00000349E-3,
,,,-24.70400047,40.00000283E-3,
,,,-24.70079994,36.00000218E-3,
,,,-24.69759941,28.00000086E-3,
,,,-24.69439888,24.00000021E-3,
,,,-24.69120026,24.00000021E-3,
,,,-24.68799973,28.00000086E-3,
,,,-24.68479919,24.00000021E-3,
,,,-24.68160057,20.0000014E-3,
,,,-24.67840004,24.00000021E-3,
,,,-24.67519951,20.0000014E-3,
,,,-24.67199898,16.0000008E-3,
,,,-24.66880035,16.0000008E-3,
,,,-24.66559982,28.00000086E-3,
,,,-24.66239929,12.0000001E-3,
,,,-24.65919876,20.0000014E-3,
,,,-24.65600014,20.0000014E-3,
,,,-24.65279961,16.0000008E-3,
,,,-24.64959908,12.0000001E-3,
,,,-24.64640045,16.0000008E-3,
,,,-24.64319992,8.000000380E-3,
,,,-24.63999939,16.0000008E-3,
,,,-24.63679886,4.00000019E-3,
,,,-24.63360023,4.00000019E-3,
,,,-24.63039970,0.0,
,,,-24.62719917,4.00000019E-3,
,,,-24.62400055,0.0,
,,,-24.62080002,-8.000000380E-3,
,,,-24.61759949,-12.0000001E-3,
,,,-24.61439896,-8.000000380E-3,
,,,-24.61120033,-16.0000008E-3,
,,,-24.60799980,0.0,
,,,-24.60479927,-8.000000380E-3,
,,,-24.60159874,-12.0000001E-3,
,,,-24.59840012,-12.0000001E-3,
,,,-24.59519958,-8.000000380E-3,
,,,-24.59199905,-12.0000001E-3,
,,,-24.58880043,-20.0000014E-3,
,,,-24.58559990,-16.0000008E-3,
,,,-24.58239937,-16.0000008E-3,
,,,-24.57919884,-16.0000008E-3,
,,,-24.57600021,-28.00000086E-3,
,,,-24.57279968,-28.00000086E-3,
,,,-24.56959915,-32.00000152E-3,
,,,-24.56640053,-32.00000152E-3,
,,,-24.56320000,-28.00000086E-3,
,,,-24.55999947,-32.00000152E-3,
,,,-24.55679893,-28.00000086E-3,
,,,-24.55360031,-28.00000086E-3,
,,,-24.55039978,-28.00000086E-3,
,,,-24.54719925,-32.00000152E-3,
,,,-24.54399872,-32.00000152E-3,
,,,-24.54080009,-28.00000086E-3,
,,,-24.53759956,-32.00000152E-3,
,,,-24.53439903,-32.00000152E-3,
,,,-24.53120041,-28.00000086E-3,
,,,-24.52799988,-12.0000001E-3,
,,,-24.52479935,-20.0000014E-3,
,,,-24.52159882,-20.0000014E-3,
,,,-24.51840019,-16.0000008E-3,
,,,-24.51519966,-16.0000008E-3,
,,,-24.51199913,-16.0000008E-3,
,,,-24.50880051,-12.0000001E-3,
,,,-24.50559998,-12.0000001E-3,
,,,-24.50239944,-4.00000019E-3,
,,,-24.49919891,-4.00000019E-3,
,,,-24.49600029,-12.0000001E-3,
,,,-24.49279976,0.0,
,,,-24.48959923,4.00000019E-3,
,,,-24.48639870,-4.00000019E-3,
,,,-24.48320007,-8.000000380E-3,
,,,-24.47999954,-8.000000380E-3,
,,,-24.47679901,0.0,
,,,-24.47360039,-20.0000014E-3,
,,,-24.47039986,0.0,
,,,-24.46719933,8.000000380E-3,
,,,-24.46399879,0.0,
,,,-24.46080017,-4.00000019E-3,
,,,-24.45759964,4.00000019E-3,
,,,-24.45439911,-20.0000014E-3,
,,,-24.45120049,4.00000019E-3,
,,,-24.44799995,0.0,
,,,-24.44479942,0.0,
,,,-24.44159889,4.00000019E-3,
,,,-24.43840027,0.0,
,,,-24.43519974,8.000000380E-3,
,,,-24.43199921,4.00000019E-3,
,,,-24.42880058,8.000000380E-3,
,,,-24.42560005,8.000000380E-3,
,,,-24.42239952,24.00000021E-3,
,,,-24.41919899,32.00000152E-3,
,,,-24.41600037,20.0000014E-3,
,,,-24.41279984,20.0000014E-3,
,,,-24.40959930,12.0000001E-3,
,,,-24.40639877,24.00000021E-3,
,,,-24.40320015,24.00000021E-3,
,,,-24.39999962,20.0000014E-3,
,,,-24.39679909,24.00000021E-3,
,,,-24.39360046,4.00000019E-3,
,,,-24.39039993,8.000000380E-3,
,,,-24.38719940,20.0000014E-3,
,,,-24.38399887,20.0000014E-3,
,,,-24.38080025,12.0000001E-3,
,,,-24.37759972,16.0000008E-3,
,,,-24.37439919,8.000000380E-3,
,,,-24.37120056,8.000000380E-3,
,,,-24.36800003,-4.00000019E-3,
,,,-24.36479950,8.000000380E-3,
,,,-24.36159897,4.00000019E-3,
,,,-24.35840034,20.0000014E-3,
,,,-24.35519981,4.00000019E-3,
,,,-24.35199928,4.00000019E-3,
,,,-24.34879875,0.0,
,,,-24.34560013,4.00000019E-3,
,,,-24.34239960,8.000000380E-3,
,,,-24.33919907,-4.00000019E-3,
,,,-24.33600044,-8.000000380E-3,
,,,-24.33279991,0.0,
,,,-24.32959938,4.00000019E-3,
,,,-24.32639885,8.000000380E-3,
,,,-24.32320023,12.0000001E-3,
,,,-24.31999969,-4.00000019E-3,
,,,-24.31679916,16.0000008E-3,
,,,-24.31360054,0.0,
,,,-24.31040001,8.000000380E-3,
,,,-24.30719948,12.0000001E-3,
,,,-24.30399895,8.000000380E-3,
,,,-24.30080032,16.0000008E-3,
,,,-24.29759979,12.0000001E-3,
,,,-24.29439926,16.0000008E-3,
,,,-24.29119873,24.00000021E-3,
,,,-24.28800011,16.0000008E-3,
,,,-24.28479958,24.00000021E-3,
,,,-24.28159904,36.00000218E-3,
,,,-24.27840042,36.00000218E-3,
,,,-24.27519989,48.00000042E-3,
,,,-24.27199936,48.00000042E-3,
,,,-24.26879883,60.000002384E-3,
,,,-24.26560020,60.000002384E-3,
,,,-24.26239967,72.000004351E-3,
,,,-24.25919914,84.000006318E-3,
,,,-24.25600052,88.000006974E-3,
,,,-24.25279999,100.0000015E-3,
,,,-24.24959946,108.0000028E-3,
,,,-24.24639893,116.0000041E-3,
,,,-24.24320030,116.0000041E-3,
,,,-24.23999977,120.0000048E-3,
,,,-24.23679924,131.9999993E-3,
,,,-24.23359871,148.0000019E-3,
,,,-24.23040009,148.0000019E-3,
,,,-24.22719955,152.00001001E-3,
,,,-24.22399902,140.0000006E-3,
,,,-24.22080040,156.00000322E-3,
,,,-24.21759987,164.00000453E-3,
,,,-24.21439934,168.00001264E-3,
,,,-24.21119881,168.00001264E-3,
,,,-24.20800018,160.00001132E-3,
,,,-24.20479965,168.00001264E-3,
,,,-24.20159912,164.00000453E-3,
,,,-24.19840050,172.00000584E-3,
,,,-24.19519997,168.00001264E-3,
,,,-24.19199944,168.00001264E-3,
,,,-24.18879890,168.00001264E-3,
,,,-24.18560028,160.00001132E-3,
,,,-24.18239975,164.00000453E-3,
,,,-24.17919922,148.0000019E-3,
,,,-24.17599869,156.00000322E-3,
,,,-24.17280006,136.0000074E-3,
,,,-24.16959953,136.0000074E-3,
,,,-24.16639900,116.0000041E-3,
,,,-24.16320038,108.0000028E-3,
,,,-24.15999985,96.000000834E-3,
,,,-24.15679932,96.000000834E-3,
,,,-24.15359879,88.000006974E-3,
,,,-24.15040016,72.000004351E-3,
,,,-24.14719963,56.000001729E-3,
,,,-24.14399910,60.000002384E-3,
,,,-24.14080048,36.00000218E-3,
,,,-24.13759995,32.00000152E-3,
,,,-24.13439941,20.0000014E-3,
,,,-24.13119888,4.00000019E-3,
,,,-24.12800026,16.0000008E-3,
,,,-24.12479973,-8.000000380E-3,
,,,-24.12159920,-24.00000021E-3,
,,,-24.11840057,-28.00000086E-3,
,,,-24.11520004,4.00000019E-3,
,,,-24.11199951,-44.00000349E-3,
,,,-24.10879898,-44.00000349E-3,
,,,-24.10560036,-52.00000107E-3,
,,,-24.10239983,-68.000003695E-3,
,,,-24.09919930,-76.000005007E-3,
,,,-24.09599876,-76.000005007E-3,
,,,-24.09280014,-80.000005662E-3,
,,,-24.08959961,-80.000005662E-3,
,,,-24.08639908,-92.000007629E-3,
,,,-24.08320045,-104.0000021E-3,
,,,-24.07999992,-80.000005662E-3,
,,,-24.07679939,-104.0000021E-3,
,,,-24.07359886,-108.0000028E-3,
,,,-24.07040024,-112.0000035E-3,
,,,-24.06719971,-120.0000048E-3,
,,,-24.06399918,-120.0000048E-3,
,,,-24.06080055,-124.0000054E-3,
,,,-24.05760002,-120.0000048E-3,
,,,-24.05439949,-124.0000054E-3,
,,,-24.05119896,-116.0000041E-3,
,,,-24.04800034,-128.0000061E-3,
,,,-24.04479980,-131.9999993E-3,
,,,-24.04159927,-120.0000048E-3,
,,,-24.03839874,-124.0000054E-3,
,,,-24.03520012,-128.0000061E-3,
,,,-24.03199959,-120.0000048E-3,
,,,-24.02879906,-120.0000048E-3,
,,,-24.02560043,-104.0000021E-3,
,,,-24.02239990,-116.0000041E-3,
,,,-24.01919937,-112.0000035E-3,
,,,-24.01599884,-108.0000028E-3,
,,,-24.01280022,-104.0000021E-3,
,,,-24.00959969,-104.0000021E-3,
,,,-24.00639915,-96.000000834E-3,
,,,-24.00320053,-96.000000834E-3,
,,,-24.00000000,-92.000007629E-3,
,,,-23.99679947,-84.000006318E-3,
,,,-23.99359894,-84.000006318E-3,
,,,-23.99040031,-64.000003040E-3,
,,,-23.98719978,-68.000003695E-3,
,,,-23.98399925,-64.000003040E-3,
,,,-23.98079872,-60.000002384E-3,
,,,-23.97760010,-60.000002384E-3,
,,,-23.97439957,-48.00000042E-3,
,,,-23.97119904,-40.00000283E-3,
,,,-23.96800041,-36.00000218E-3,
,,,-23.96479988,-28.00000086E-3,
,,,-23.96159935,-20.0000014E-3,
,,,-23.95839882,-8.000000380E-3,
,,,-23.95520020,-4.00000019E-3,
,,,-23.95199966,-8.000000380E-3,
,,,-23.94879913,0.0,
,,,-23.94560051,8.000000380E-3,
,,,-23.94239998,4.00000019E-3,
,,,-23.93919945,12.0000001E-3,
,,,-23.93599892,16.0000008E-3,
,,,-23.93280029,16.0000008E-3,
,,,-23.92959976,24.00000021E-3,
,,,-23.92639923,28.00000086E-3,
,,,-23.92319870,28.00000086E-3,
,,,-23.92000008,32.00000152E-3,
,,,-23.91679955,36.00000218E-3,
,,,-23.91359901,32.00000152E-3,
,,,-23.91040039,28.00000086E-3,
,,,-23.90719986,32.00000152E-3,
,,,-23.90399933,36.00000218E-3,
,,,-23.90079880,32.00000152E-3,
,,,-23.89760017,28.00000086E-3,
,,,-23.89439964,28.00000086E-3,
,,,-23.89119911,36.00000218E-3,
,,,-23.88800049,20.0000014E-3,
,,,-23.88479996,20.0000014E-3,
,,,-23.88159943,24.00000021E-3,
,,,-23.87839890,28.00000086E-3,
,,,-23.87520027,20.0000014E-3,
,,,-23.87199974,24.00000021E-3,
,,,-23.86879921,36.00000218E-3,
,,,-23.86559868,28.00000086E-3,
,,,-23.86240005,24.00000021E-3,
,,,-23.85919952,8.000000380E-3,
,,,-23.85599899,12.0000001E-3,
,,,-23.85280037,12.0000001E-3,
,,,-23.84959984,16.0000008E-3,
,,,-23.84639931,12.0000001E-3,
,,,-23.84319878,8.000000380E-3,
,,,-23.84000015,8.000000380E-3,
,,,-23.83679962,8.000000380E-3,
,,,-23.83359909,4.00000019E-3,
,,,-23.83040047,4.00000019E-3,
,,,-23.82719994,-4.00000019E-3,
,,,-23.82399940,0.0,
,,,-23.82079887,0.0,
,,,-23.81760025,4.00000019E-3,
,,,-23.81439972,4.00000019E-3,
,,,-23.81119919,-4.00000019E-3,
,,,-23.80799866,-8.000000380E-3,
,,,-23.80480003,-36.00000218E-3,
,,,-23.80159950,0.0,
,,,-23.79839897,0.0,
,,,-23.79520035,-4.00000019E-3,
,,,-23.79199982,8.000000380E-3,
,,,-23.78879929,0.0,
,,,-23.78559875,-8.000000380E-3,
,,,-23.78240013,-8.000000380E-3,
,,,-23.77919960,-4.00000019E-3,
,,,-23.77599907,-20.0000014E-3,
,,,-23.77280045,-12.0000001E-3,
,,,-23.76959991,-8.000000380E-3,
,,,-23.76639938,-12.0000001E-3,
,,,-23.76319885,0.0,
,,,-23.76000023,-8.000000380E-3,
,,,-23.75679970,-12.0000001E-3,
,,,-23.75359917,-16.0000008E-3,
,,,-23.75040054,-24.00000021E-3,
,,,-23.74720001,-24.00000021E-3,
,,,-23.74399948,-16.0000008E-3,
,,,-23.74079895,-20.0000014E-3,
,,,-23.73760033,-20.0000014E-3,
,,,-23.73439980,-24.00000021E-3,
,,,-23.73119926,-24.00000021E-3,
,,,-23.72799873,-32.00000152E-3,
,,,-23.72480011,-28.00000086E-3,
,,,-23.72159958,-40.00000283E-3,
,,,-23.71839905,-28.00000086E-3,
,,,-23.71520042,-28.00000086E-3,
,,,-23.71199989,-24.00000021E-3,
,,,-23.70879936,-36.00000218E-3,
,,,-23.70559883,-36.00000218E-3,
,,,-23.70240021,-32.00000152E-3,
,,,-23.69919968,-32.00000152E-3,
,,,-23.69599915,-32.00000152E-3,
,,,-23.69280052,-36.00000218E-3,
,,,-23.68959999,-36.00000218E-3,
,,,-23.68639946,-36.00000218E-3,
,,,-23.68319893,-36.00000218E-3,
,,,-23.68000031,-32.00000152E-3,
,,,-23.67679977,-32.00000152E-3,
,,,-23.67359924,-28.00000086E-3,
,,,-23.67039871,-20.0000014E-3,
,,,-23.66720009,-28.00000086E-3,
,,,-23.66399956,-28.00000086E-3,
,,,-23.66079903,-28.00000086E-3,
,,,-23.65760040,-32.00000152E-3,
,,,-23.65439987,-20.0000014E-3,
,,,-23.65119934,-24.00000021E-3,
,,,-23.64799881,-12.0000001E-3,
,,,-23.64480019,-12.0000001E-3,
,,,-23.64159966,-12.0000001E-3,
,,,-23.63839912,-8.000000380E-3,
,,,-23.63520050,-4.00000019E-3,
,,,-23.63199997,-4.00000019E-3,
,,,-23.62879944,-8.000000380E-3,
,,,-23.62559891,0.0,
,,,-23.62240028,4.00000019E-3,
,,,-23.61919975,4.00000019E-3,
,,,-23.61599922,12.0000001E-3,
,,,-23.61279869,4.00000019E-3,
,,,-23.60960007,12.0000001E-3,
,,,-23.60639954,8.000000380E-3,
,,,-23.60319901,8.000000380E-3,
,,,-23.60000038,8.000000380E-3,
,,,-23.59679985,12.0000001E-3,
,,,-23.59359932,12.0000001E-3,
,,,-23.59039879,16.0000008E-3,
,,,-23.58720016,16.0000008E-3,
,,,-23.58399963,4.00000019E-3,
,,,-23.58079910,4.00000019E-3,
,,,-23.57760048,0.0,
,,,-23.57439995,4.00000019E-3,
,,,-23.57119942,8.000000380E-3,
,,,-23.56799889,20.0000014E-3,
,,,-23.56480026,4.00000019E-3,
,,,-23.56159973,4.00000019E-3,
,,,-23.55839920,4.00000019E-3,
,,,-23.55519867,8.000000380E-3,
,,,-23.55200005,4.00000019E-3,
,,,-23.54879951,0.0,
,,,-23.54559898,4.00000019E-3,
,,,-23.54240036,4.00000019E-3,
,,,-23.53919983,4.00000019E-3,
,,,-23.53599930,8.000000380E-3,
,,,-23.53279877,0.0,
,,,-23.52960014,-4.00000019E-3,
,,,-23.52639961,-4.00000019E-3,
,,,-23.52319908,4.00000019E-3,
,,,-23.52000046,-4.00000019E-3,
,,,-23.51679993,-8.000000380E-3,
,,,-23.51359940,4.00000019E-3,
,,,-23.51039886,-4.00000019E-3,
,,,-23.50720024,8.000000380E-3,
,,,-23.50399971,4.00000019E-3,
,,,-23.50079918,8.000000380E-3,
,,,-23.49759865,8.000000380E-3,
,,,-23.49440002,8.000000380E-3,
,,,-23.49119949,12.0000001E-3,
,,,-23.48799896,12.0000001E-3,
,,,-23.48480034,4.00000019E-3,
,,,-23.48159981,16.0000008E-3,
,,,-23.47839928,12.0000001E-3,
,,,-23.47519875,8.000000380E-3,
,,,-23.47200012,24.00000021E-3,
,,,-23.46879959,16.0000008E-3,
,,,-23.46559906,16.0000008E-3,
,,,-23.46240044,8.000000380E-3,
,,,-23.45919991,8.000000380E-3,
,,,-23.45599937,8.000000380E-3,
,,,-23.45279884,4.00000019E-3,
,,,-23.44960022,16.0000008E-3,
,,,-23.44639969,8.000000380E-3,
,,,-23.44319916,12.0000001E-3,
,,,-23.44000053,12.0000001E-3,
,,,-23.43680000,4.00000019E-3,
,,,-23.43359947,28.00000086E-3,
,,,-23.43039894,32.00000152E-3,
,,,-23.42720032,24.00000021E-3,
,,,-23.42399979,28.00000086E-3,
,,,-23.42079926,36.00000218E-3,
,,,-23.41759872,36.00000218E-3,
,,,-23.41440010,44.00000349E-3,
,,,-23.41119957,64.000003040E-3,
,,,-23.40799904,60.000002384E-3,
,,,-23.40480042,68.000003695E-3,
,,,-23.40159988,80.000005662E-3,
,,,-23.39839935,84.000006318E-3,
,,,-23.39519882,88.000006974E-3,
,,,-23.39200020,88.000006974E-3,
,,,-23.38879967,96.000000834E-3,
,,,-23.38559914,108.0000028E-3,
,,,-23.38240051,108.0000028E-3,
,,,-23.37919998,120.0000048E-3,
,,,-23.37599945,120.0000048E-3,
,,,-23.37279892,120.0000048E-3,
,,,-23.36960030,131.9999993E-3,
,,,-23.36639977,131.9999993E-3,
,,,-23.36319923,124.0000054E-3,
,,,-23.35999870,131.9999993E-3,
,,,-23.35680008,128.0000061E-3,
,,,-23.35359955,136.0000074E-3,
,,,-23.35039902,136.0000074E-3,
,,,-23.34720039,124.0000054E-3,
,,,-23.34399986,124.0000054E-3,
,,,-23.34079933,120.0000048E-3,
,,,-23.33759880,116.0000041E-3,
,,,-23.33440018,120.0000048E-3,
,,,-23.33119965,108.0000028E-3,
,,,-23.32799911,104.0000021E-3,
,,,-23.32480049,96.000000834E-3,
,,,-23.32159996,92.000007629E-3,
,,,-23.31839943,84.000006318E-3,
,,,-23.31519890,80.000005662E-3,
,,,-23.31200027,72.000004351E-3,
,,,-23.30879974,60.000002384E-3,
,,,-23.30559921,56.000001729E-3,
,,,-23.30239868,52.00000107E-3,
,,,-23.29920006,20.0000014E-3,
,,,-23.29599953,28.00000086E-3,
,,,-23.29279900,16.0000008E-3,
,,,-23.28960037,12.0000001E-3,
,,,-23.28639984,12.0000001E-3,
,,,-23.28319931,0.0,
,,,-23.27999878,-4.00000019E-3,
,,,-23.27680016,-20.0000014E-3,
,,,-23.27359962,-28.00000086E-3,
,,,-23.27039909,-40.00000283E-3,
,,,-23.26720047,-36.00000218E-3,
,,,-23.26399994,-48.00000042E-3,
,,,-23.26079941,-56.000001729E-3,
,,,-23.25759888,-64.000003040E-3,
,,,-23.25440025,-72.000004351E-3,
,,,-23.25119972,-84.000006318E-3,
,,,-23.24799919,-68.000003695E-3,
,,,-23.24479866,-80.000005662E-3,
,,,-23.24160004,-100.0000015E-3,
,,,-23.23839951,-60.000002384E-3,
,,,-23.23519897,-100.0000015E-3,
,,,-23.23200035,-108.0000028E-3,
,,,-23.22879982,-112.0000035E-3,
,,,-23.22559929,-108.0000028E-3,
,,,-23.22239876,-116.0000041E-3,
,,,-23.21920013,-120.0000048E-3,
,,,-23.21599960,-124.0000054E-3,
,,,-23.21279907,-116.0000041E-3,
,,,-23.20960045,-112.0000035E-3,
,,,-23.20639992,-120.0000048E-3,
,,,-23.20319939,-124.0000054E-3,
,,,-23.19999886,-124.0000054E-3,
,,,-23.19680023,-124.0000054E-3,
,,,-23.19359970,-120.0000048E-3,
,,,-23.19039917,-116.0000041E-3,
,,,-23.18719864,-124.0000054E-3,
,,,-23.18400002,-124.0000054E-3,
,,,-23.18079948,-116.0000041E-3,
,,,-23.17759895,-112.0000035E-3,
,,,-23.17440033,-128.0000061E-3,
,,,-23.17119980,-108.0000028E-3,
,,,-23.16799927,-108.0000028E-3,
,,,-23.16479874,-108.0000028E-3,
,,,-23.16160011,-96.000000834E-3,
,,,-23.15839958,-88.000006974E-3,
,,,-23.15519905,-96.000000834E-3,
,,,-23.15200043,-108.0000028E-3,
,,,-23.14879990,-92.000007629E-3,
,,,-23.14559937,-92.000007629E-3,
,,,-23.14239883,-88.000006974E-3,
,,,-23.13920021,-84.000006318E-3,
,,,-23.13599968,-88.000006974E-3,
,,,-23.13279915,-84.000006318E-3,
,,,-23.12960052,-84.000006318E-3,
,,,-23.12639999,-76.000005007E-3,
,,,-23.12319946,-72.000004351E-3,
,,,-23.11999893,-72.000004351E-3,
,,,-23.11680031,-72.000004351E-3,
,,,-23.11359978,-72.000004351E-3,
,,,-23.11039925,-60.000002384E-3,
,,,-23.10719872,-72.000004351E-3,
,,,-23.10400009,-68.000003695E-3,
,,,-23.10079956,-60.000002384E-3,
,,,-23.09759903,-60.000002384E-3,
,,,-23.09440041,-64.000003040E-3,
,,,-23.09119987,-72.000004351E-3,
,,,-23.08799934,-76.000005007E-3,
,,,-23.08479881,-68.000003695E-3,
,,,-23.08160019,-60.000002384E-3,
,,,-23.07839966,-92.000007629E-3,
,,,-23.07519913,-68.000003695E-3,
,,,-23.07200050,-76.000005007E-3,
,,,-23.06879997,-64.000003040E-3,
,,,-23.06559944,-72.000004351E-3,
,,,-23.06239891,-76.000005007E-3,
,,,-23.05920029,-64.000003040E-3,
,,,-23.05599976,-64.000003040E-3,
,,,-23.05279922,-100.0000015E-3,
,,,-23.04959869,-124.0000054E-3,
,,,-23.04640007,-156.00000322E-3,
,,,-23.04319954,-176.00001395E-3,
,,,-23.03999901,-192.00000167E-3,
,,,-23.03680038,-204.00001109E-3,
,,,-23.03359985,-220.00001371E-3,
,,,-23.03039932,-224.00000691E-3,
,,,-23.02719879,-232.00000823E-3,
,,,-23.02400017,-236.00001633E-3,
,,,-23.02079964,-236.00001633E-3,
,,,-23.01759911,-228.00001502E-3,
,,,-23.01440048,-220.00001371E-3,
,,,-23.01119995,-208.00000429E-3,
,,,-23.00799942,-224.00000691E-3,
,,,-23.00479889,-168.00001264E-3,
,,,-23.00160027,-172.00000584E-3,
,,,-22.99839973,-140.0000006E-3,
,,,-22.99519920,-120.0000048E-3,
,,,-22.99199867,-100.0000015E-3,
,,,-22.98880005,-96.000000834E-3,
,,,-22.98559952,-44.00000349E-3,
,,,-22.98239899,-28.00000086E-3,
,,,-22.97920036,-12.0000001E-3,
,,,-22.97599983,28.00000086E-3,
,,,-22.97279930,36.00000218E-3,
,,,-22.96959877,72.000004351E-3,
,,,-22.96640015,104.0000021E-3,
,,,-22.96319962,140.0000006E-3,
,,,-22.95999908,164.00000453E-3,
,,,-22.95680046,196.00000978E-3,
,,,-22.95359993,220.00001371E-3,
,,,-22.95039940,248.00001085E-3,
,,,-22.94719887,232.00000823E-3,
,,,-22.94400024,288.00001740E-3,
,,,-22.94079971,308.00002813E-3,
,,,-22.93759918,344.00001168E-3,
,,,-22.93439865,372.00000882E-3,
,,,-22.93120003,396.00002766E-3,
,,,-22.92799950,420.000016689E-3,
,,,-22.92479897,440.000027418E-3,
,,,-22.92160034,444.000035524E-3,
,,,-22.91839981,452.000021935E-3,
,,,-22.91519928,476.000010967E-3,
,,,-22.91199875,484.000027180E-3,
,,,-22.90880013,488.000035286E-3,
,,,-22.90559959,500.000000000E-3,
,,,-22.90239906,504.000008106E-3,
,,,-22.89920044,504.000008106E-3,
,,,-22.89599991,504.000008106E-3,
,,,-22.89279938,504.000008106E-3,
,,,-22.88959885,504.000008106E-3,
,,,-22.88640022,496.000021696E-3,
,,,-22.88319969,504.000008106E-3,
,,,-22.87999916,500.000000000E-3,
,,,-22.87679863,492.000013590E-3,
,,,-22.87360001,472.000032663E-3,
,,,-22.87039948,452.000021935E-3,
,,,-22.86719894,412.000030279E-3,
,,,-22.86400032,384.00000334E-3,
,,,-22.86079979,352.00002789E-3,
,,,-22.85759926,328.00000906E-3,
,,,-22.85439873,304.00002003E-3,
,,,-22.85120010,272.00001478E-3,
,,,-22.84799957,256.00001216E-3,
,,,-22.84479904,236.00001633E-3,
,,,-22.84160042,236.00001633E-3,
,,,-22.83839989,216.00000560E-3,
,,,-22.83519936,204.00001109E-3,
,,,-22.83199883,196.00000978E-3,
,,,-22.82880020,184.00001526E-3,
,,,-22.82559967,156.00000322E-3,
,,,-22.82239914,136.0000074E-3,
,,,-22.81920052,120.0000048E-3,
,,,-22.81599998,108.0000028E-3,
,,,-22.81279945,96.000000834E-3,
,,,-22.80959892,92.000007629E-3,
,,,-22.80640030,88.000006974E-3,
,,,-22.80319977,76.000005007E-3,
,,,-22.79999924,64.000003040E-3,
,,,-22.79679871,52.00000107E-3,
,,,-22.79360008,44.00000349E-3,
,,,-22.79039955,24.00000021E-3,
,,,-22.78719902,16.0000008E-3,
,,,-22.78400040,12.0000001E-3,
,,,-22.78079987,-8.000000380E-3,
,,,-22.77759933,-12.0000001E-3,
,,,-22.77439880,-24.00000021E-3,
,,,-22.77120018,-48.00000042E-3,
,,,-22.76799965,-44.00000349E-3,
,,,-22.76479912,-52.00000107E-3,
,,,-22.76160049,-68.000003695E-3,
,,,-22.75839996,-72.000004351E-3,
,,,-22.75519943,-88.000006974E-3,
,,,-22.75199890,-84.000006318E-3,
,,,-22.74880028,-108.0000028E-3,
,,,-22.74559975,-116.0000041E-3,
,,,-22.74239922,-116.0000041E-3,
,,,-22.73919868,-120.0000048E-3,
,,,-22.73600006,-124.0000054E-3,
,,,-22.73279953,-140.0000006E-3,
,,,-22.72959900,-136.0000074E-3,
,,,-22.72640038,-131.9999993E-3,
,,,-22.72319984,-131.9999993E-3,
,,,-22.71999931,-156.00000322E-3,
,,,-22.71679878,-164.00000453E-3,
,,,-22.71360016,-156.00000322E-3,
,,,-22.71039963,-188.00000846E-3,
,,,-22.70719910,-200.00000298E-3,
,,,-22.70400047,-208.00000429E-3,
,,,-22.70079994,-232.00000823E-3,
,,,-22.69759941,-252.00000405E-3,
,,,-22.69439888,-268.00000668E-3,
,,,-22.69120026,-280.00000119E-3,
,,,-22.68799973,-320.00002265E-3,
,,,-22.68479919,-316.00001454E-3,
,,,-22.68159866,-320.00002265E-3,
,,,-22.67840004,-340.00000358E-3,
,,,-22.67519951,-360.00001431E-3,
,,,-22.67199898,-360.00001431E-3,
,,,-22.66880035,-376.00001693E-3,
,,,-22.66559982,-392.00001955E-3,
,,,-22.66239929,-396.00002766E-3,
,,,-22.65919876,-412.000030279E-3,
,,,-22.65600014,-428.000032902E-3,
,,,-22.65279961,-432.000011206E-3,
,,,-22.64959908,-436.000019312E-3,
,,,-22.64640045,-440.000027418E-3,
,,,-22.64319992,-444.000035524E-3,
,,,-22.63999939,-440.000027418E-3,
,,,-22.63679886,-440.000027418E-3,
,,,-22.63360023,-440.000027418E-3,
,,,-22.63039970,-428.000032902E-3,
,,,-22.62719917,-408.000022173E-3,
,,,-22.62399864,-412.000030279E-3,
,,,-22.62080002,-400.00000596E-3,
,,,-22.61759949,-388.00001144E-3,
,,,-22.61439896,-376.00001693E-3,
,,,-22.61120033,-352.00002789E-3,
,,,-22.60799980,-332.00001717E-3,
,,,-22.60479927,-312.00000644E-3,
,,,-22.60159874,-284.00000930E-3,
,,,-22.59840012,-252.00000405E-3,
,,,-22.59519958,-204.00001109E-3,
,,,-22.59199905,-164.00000453E-3,
,,,-22.58880043,-120.0000048E-3,
,,,-22.58559990,-72.000004351E-3,
,,,-22.58239937,-28.00000086E-3,
,,,-22.57919884,0.0,
,,,-22.57600021,40.00000283E-3,
,,,-22.57279968,72.000004351E-3,
,,,-22.56959915,112.0000035E-3,
,,,-22.56639862,148.0000019E-3,
,,,-22.56320000,176.00001395E-3,
,,,-22.55999947,204.00001109E-3,
,,,-22.55679893,236.00001633E-3,
,,,-22.55360031,263.99999857E-3,
,,,-22.55039978,280.00000119E-3,
,,,-22.54719925,288.00001740E-3,
,,,-22.54399872,304.00002003E-3,
,,,-22.54080009,312.00000644E-3,
,,,-22.53759956,308.00002813E-3,
,,,-22.53439903,308.00002813E-3,
,,,-22.53120041,304.00002003E-3,
,,,-22.52799988,300.00001192E-3,
,,,-22.52479935,296.00000381E-3,
,,,-22.52159882,288.00001740E-3,
,,,-22.51840019,288.00001740E-3,
,,,-22.51519966,284.00000930E-3,
,,,-22.51199913,280.00000119E-3,
,,,-22.50879860,268.00000668E-3,
,,,-22.50559998,256.00001216E-3,
,,,-22.50239944,248.00001085E-3,
,,,-22.49919891,236.00001633E-3,
,,,-22.49600029,228.00001502E-3,
,,,-22.49279976,224.00000691E-3,
,,,-22.48959923,200.00000298E-3,
,,,-22.48639870,204.00001109E-3,
,,,-22.48320007,196.00000978E-3,
,,,-22.47999954,184.00001526E-3,
,,,-22.47679901,204.00001109E-3,
,,,-22.47360039,204.00001109E-3,
,,,-22.47039986,216.00000560E-3,
,,,-22.46719933,224.00000691E-3,
,,,-22.46399879,244.00001764E-3,
,,,-22.46080017,244.00001764E-3,
,,,-22.45759964,256.00001216E-3,
,,,-22.45439911,272.00001478E-3,
,,,-22.45120049,284.00000930E-3,
,,,-22.44799995,296.00000381E-3,
,,,-22.44479942,304.00002003E-3,
,,,-22.44159889,308.00002813E-3,
,,,-22.43840027,320.00002265E-3,
,,,-22.43519974,300.00001192E-3,
,,,-22.43199921,296.00000381E-3,
,,,-22.42879868,296.00000381E-3,
,,,-22.42560005,308.00002813E-3,
,,,-22.42239952,304.00002003E-3,
,,,-22.41919899,288.00001740E-3,
,,,-22.41600037,292.00002551E-3,
,,,-22.41279984,276.00002289E-3,
,,,-22.40959930,244.00001764E-3,
,,,-22.40639877,244.00001764E-3,
,,,-22.40320015,228.00001502E-3,
,,,-22.39999962,224.00000691E-3,
,,,-22.39679909,200.00000298E-3,
,,,-22.39360046,184.00001526E-3,
,,,-22.39039993,164.00000453E-3,
,,,-22.38719940,144.0000087E-3,
,,,-22.38399887,128.0000061E-3,
,,,-22.38080025,84.000006318E-3,
,,,-22.37759972,84.000006318E-3,
,,,-22.37439919,72.000004351E-3,
,,,-22.37119865,44.00000349E-3,
,,,-22.36800003,28.00000086E-3,
,,,-22.36479950,4.00000019E-3,
,,,-22.36159897,4.00000019E-3,
,,,-22.35840034,-32.00000152E-3,
,,,-22.35519981,-56.000001729E-3,
,,,-22.35199928,-76.000005007E-3,
,,,-22.34879875,-104.0000021E-3,
,,,-22.34560013,-120.0000048E-3,
,,,-22.34239960,-144.0000087E-3,
,,,-22.33919907,-172.00000584E-3,
,,,-22.33600044,-196.00000978E-3,
,,,-22.33279991,-216.00000560E-3,
,,,-22.32959938,-216.00000560E-3,
,,,-22.32639885,-240.00000954E-3,
,,,-22.32320023,-256.00001216E-3,
,,,-22.31999969,-272.00001478E-3,
,,,-22.31679916,-276.00002289E-3,
,,,-22.31359863,-288.00001740E-3,
,,,-22.31040001,-304.00002003E-3,
,,,-22.30719948,-300.00001192E-3,
,,,-22.30399895,-308.00002813E-3,
,,,-22.30080032,-292.00002551E-3,
,,,-22.29759979,-316.00001454E-3,
,,,-22.29439926,-320.00002265E-3,
,,,-22.29119873,-324.00000095E-3,
,,,-22.28800011,-312.00000644E-3,
,,,-22.28479958,-316.00001454E-3,
,,,-22.28159904,-320.00002265E-3,
,,,-22.27840042,-304.00002003E-3,
,,,-22.27519989,-300.00001192E-3,
,,,-22.27199936,-292.00002551E-3,
,,,-22.26879883,-280.00000119E-3,
,,,-22.26560020,-276.00002289E-3,
,,,-22.26239967,-248.00001085E-3,
,,,-22.25919914,-244.00001764E-3,
,,,-22.25599861,-232.00000823E-3,
,,,-22.25279999,-224.00000691E-3,
,,,-22.24959946,-196.00000978E-3,
,,,-22.24639893,-184.00001526E-3,
,,,-22.24320030,-168.00001264E-3,
,,,-22.23999977,-148.0000019E-3,
,,,-22.23679924,-131.9999993E-3,
,,,-22.23359871,-112.0000035E-3,
,,,-22.23040009,-100.0000015E-3,
,,,-22.22719955,-80.000005662E-3,
,,,-22.22399902,-52.00000107E-3,
,,,-22.22080040,-36.00000218E-3,
,,,-22.21759987,-12.0000001E-3,
,,,-22.21439934,12.0000001E-3,
,,,-22.21119881,36.00000218E-3,
,,,-22.20800018,52.00000107E-3,
,,,-22.20479965,68.000003695E-3,
,,,-22.20159912,88.000006974E-3,
,,,-22.19839859,112.0000035E-3,
,,,-22.19519997,124.0000054E-3,
,,,-22.19199944,136.0000074E-3,
,,,-22.18879890,148.0000019E-3,
,,,-22.18560028,164.00000453E-3,
,,,-22.18239975,176.00001395E-3,
,,,-22.17919922,188.00000846E-3,
,,,-22.17599869,200.00000298E-3,
,,,-22.17280006,212.00001240E-3,
,,,-22.16959953,208.00000429E-3,
,,,-22.16639900,220.00001371E-3,
,,,-22.16320038,224.00000691E-3,
,,,-22.15999985,236.00001633E-3,
,,,-22.15679932,244.00001764E-3,
,,,-22.15359879,240.00000954E-3,
,,,-22.15040016,252.00000405E-3,
,,,-22.14719963,244.00001764E-3,
,,,-22.14399910,236.00001633E-3,
,,,-22.14080048,224.00000691E-3,
,,,-22.13759995,236.00001633E-3,
,,,-22.13439941,236.00001633E-3,
,,,-22.13119888,220.00001371E-3,
,,,-22.12800026,212.00001240E-3,
,,,-22.12479973,208.00000429E-3,
,,,-22.12159920,192.00000167E-3,
,,,-22.11839867,176.00001395E-3,
,,,-22.11520004,160.00001132E-3,
,,,-22.11199951,140.0000006E-3,
,,,-22.10879898,136.0000074E-3,
,,,-22.10560036,104.0000021E-3,
,,,-22.10239983,84.000006318E-3,
,,,-22.09919930,76.000005007E-3,
,,,-22.09599876,56.000001729E-3,
,,,-22.09280014,40.00000283E-3,
,,,-22.08959961,16.0000008E-3,
,,,-22.08639908,-4.00000019E-3,
,,,-22.08320045,-24.00000021E-3,
,,,-22.07999992,-44.00000349E-3,
,,,-22.07679939,-68.000003695E-3,
,,,-22.07359886,-72.000004351E-3,
,,,-22.07040024,-92.000007629E-3,
,,,-22.06719971,-116.0000041E-3,
,,,-22.06399918,-124.0000054E-3,
,,,-22.06079865,-131.9999993E-3,
,,,-22.05760002,-148.0000019E-3,
,,,-22.05439949,-148.0000019E-3,
,,,-22.05119896,-156.00000322E-3,
,,,-22.04800034,-160.00001132E-3,
,,,-22.04479980,-148.0000019E-3,
,,,-22.04159927,-156.00000322E-3,
,,,-22.03839874,-164.00000453E-3,
,,,-22.03520012,-168.00001264E-3,
,,,-22.03199959,-168.00001264E-3,
,,,-22.02879906,-176.00001395E-3,
,,,-22.02560043,-168.00001264E-3,
,,,-22.02239990,-168.00001264E-3,
,,,-22.01919937,-164.00000453E-3,
,,,-22.01599884,-160.00001132E-3,
,,,-22.01280022,-152.00001001E-3,
,,,-22.00959969,-131.9999993E-3,
,,,-22.00639915,-112.0000035E-3,
,,,-22.00319862,-108.0000028E-3,
,,,-22.00000000,-92.000007629E-3,
,,,-21.99679947,-80.000005662E-3,
,,,-21.99359894,-60.000002384E-3,
,,,-21.99040031,-60.000002384E-3,
,,,-21.98719978,-32.00000152E-3,
,,,-21.98399925,-32.00000152E-3,
,,,-21.98079872,-36.00000218E-3,
,,,-21.97760010,-16.0000008E-3,
,,,-21.97439957,-12.0000001E-3,
,,,-21.97119904,0.0,
,,,-21.96800041,0.0,
,,,-21.96479988,12.0000001E-3,
,,,-21.96159935,28.00000086E-3,
,,,-21.95839882,28.00000086E-3,
,,,-21.95520020,32.00000152E-3,
,,,-21.95199966,44.00000349E-3,
,,,-21.94879913,48.00000042E-3,
,,,-21.94559860,52.00000107E-3,
,,,-21.94239998,64.000003040E-3,
,,,-21.93919945,72.000004351E-3,
,,,-21.93599892,80.000005662E-3,
,,,-21.93280029,76.000005007E-3,
,,,-21.92959976,76.000005007E-3,
,,,-21.92639923,72.000004351E-3,
,,,-21.92319870,72.000004351E-3,
,,,-21.92000008,76.000005007E-3,
,,,-21.91679955,72.000004351E-3,
,,,-21.91359901,84.000006318E-3,
,,,-21.91040039,88.000006974E-3,
,,,-21.90719986,76.000005007E-3,
,,,-21.90399933,72.000004351E-3,
,,,-21.90079880,72.000004351E-3,
,,,-21.89760017,64.000003040E-3,
,,,-21.89439964,56.000001729E-3,
,,,-21.89119911,76.000005007E-3,
,,,-21.88799858,56.000001729E-3,
,,,-21.88479996,64.000003040E-3,
,,,-21.88159943,56.000001729E-3,
,,,-21.87839890,56.000001729E-3,
,,,-21.87520027,48.00000042E-3,
,,,-21.87199974,44.00000349E-3,
,,,-21.86879921,52.00000107E-3,
,,,-21.86559868,52.00000107E-3,
,,,-21.86240005,48.00000042E-3,
,,,-21.85919952,48.00000042E-3,
,,,-21.85599899,52.00000107E-3,
,,,-21.85280037,52.00000107E-3,
,,,-21.84959984,52.00000107E-3,
,,,-21.84639931,56.000001729E-3,
,,,-21.84319878,52.00000107E-3,
,,,-21.84000015,44.00000349E-3,
,,,-21.83679962,48.00000042E-3,
,,,-21.83359909,48.00000042E-3,
,,,-21.83040047,52.00000107E-3,
,,,-21.82719994,36.00000218E-3,
,,,-21.82399940,48.00000042E-3,
,,,-21.82079887,52.00000107E-3,
,,,-21.81760025,36.00000218E-3,
,,,-21.81439972,40.00000283E-3,
,,,-21.81119919,32.00000152E-3,
,,,-21.80799866,28.00000086E-3,
,,,-21.80480003,44.00000349E-3,
,,,-21.80159950,32.00000152E-3,
,,,-21.79839897,28.00000086E-3,
,,,-21.79520035,36.00000218E-3,
,,,-21.79199982,32.00000152E-3,
,,,-21.78879929,32.00000152E-3,
,,,-21.78559875,40.00000283E-3,
,,,-21.78240013,48.00000042E-3,
,,,-21.77919960,44.00000349E-3,
,,,-21.77599907,44.00000349E-3,
,,,-21.77280045,60.000002384E-3,
,,,-21.76959991,52.00000107E-3,
,,,-21.76639938,44.00000349E-3,
,,,-21.76319885,52.00000107E-3,
,,,-21.76000023,52.00000107E-3,
,,,-21.75679970,48.00000042E-3,
,,,-21.75359917,52.00000107E-3,
,,,-21.75039864,52.00000107E-3,
,,,-21.74720001,52.00000107E-3,
,,,-21.74399948,36.00000218E-3,
,,,-21.74079895,44.00000349E-3,
,,,-21.73760033,44.00000349E-3,
,,,-21.73439980,36.00000218E-3,
,,,-21.73119926,40.00000283E-3,
,,,-21.72799873,36.00000218E-3,
,,,-21.72480011,32.00000152E-3,
,,,-21.72159958,28.00000086E-3,
,,,-21.71839905,32.00000152E-3,
,,,-21.71520042,24.00000021E-3,
,,,-21.71199989,28.00000086E-3,
,,,-21.70879936,16.0000008E-3,
,,,-21.70559883,32.00000152E-3,
,,,-21.70240021,16.0000008E-3,
,,,-21.69919968,16.0000008E-3,
,,,-21.69599915,8.000000380E-3,
,,,-21.69279861,8.000000380E-3,
,,,-21.68959999,0.0,
,,,-21.68639946,0.0,
,,,-21.68319893,4.00000019E-3,
,,,-21.68000031,0.0,
,,,-21.67679977,0.0,
,,,-21.67359924,0.0,
,,,-21.67039871,-4.00000019E-3,
,,,-21.66720009,-16.0000008E-3,
,,,-21.66399956,-20.0000014E-3,
,,,-21.66079903,-24.00000021E-3,
,,,-21.65760040,-20.0000014E-3,
,,,-21.65439987,-16.0000008E-3,
,,,-21.65119934,-28.00000086E-3,
,,,-21.64799881,-12.0000001E-3,
,,,-21.64480019,-24.00000021E-3,
,,,-21.64159966,-28.00000086E-3,
,,,-21.63839912,-20.0000014E-3,
,,,-21.63519859,-28.00000086E-3,
,,,-21.63199997,4.00000019E-3,
,,,-21.62879944,-20.0000014E-3,
,,,-21.62559891,-12.0000001E-3,
,,,-21.62240028,-12.0000001E-3,
,,,-21.61919975,-12.0000001E-3,
,,,-21.61599922,-8.000000380E-3,
,,,-21.61279869,-8.000000380E-3,
,,,-21.60960007,0.0,
,,,-21.60639954,0.0,
,,,-21.60319901,0.0,
,,,-21.60000038,0.0,
,,,-21.59679985,0.0,
,,,-21.59359932,-4.00000019E-3,
,,,-21.59039879,-4.00000019E-3,
,,,-21.58720016,-12.0000001E-3,
,,,-21.58399963,-28.00000086E-3,
,,,-21.58079910,-28.00000086E-3,
,,,-21.57759857,-24.00000021E-3,
,,,-21.57439995,-36.00000218E-3,
,,,-21.57119942,-44.00000349E-3,
,,,-21.56799889,-56.000001729E-3,
,,,-21.56480026,-60.000002384E-3,
,,,-21.56159973,-64.000003040E-3,
,,,-21.55839920,-72.000004351E-3,
,,,-21.55519867,-72.000004351E-3,
,,,-21.55200005,-80.000005662E-3,
,,,-21.54879951,-92.000007629E-3,
,,,-21.54559898,-88.000006974E-3,
,,,-21.54240036,-84.000006318E-3,
,,,-21.53919983,-84.000006318E-3,
,,,-21.53599930,-84.000006318E-3,
,,,-21.53279877,-80.000005662E-3,
,,,-21.52960014,-76.000005007E-3,
,,,-21.52639961,-84.000006318E-3,
,,,-21.52319908,-80.000005662E-3,
,,,-21.51999855,-92.000007629E-3,
,,,-21.51679993,-84.000006318E-3,
,,,-21.51359940,-88.000006974E-3,
,,,-21.51039886,-80.000005662E-3,
,,,-21.50720024,-96.000000834E-3,
,,,-21.50399971,-100.0000015E-3,
,,,-21.50079918,-100.0000015E-3,
,,,-21.49759865,-112.0000035E-3,
,,,-21.49440002,-100.0000015E-3,
,,,-21.49119949,-100.0000015E-3,
,,,-21.48799896,-104.0000021E-3,
,,,-21.48480034,-108.0000028E-3,
,,,-21.48159981,-112.0000035E-3,
,,,-21.47839928,-108.0000028E-3,
,,,-21.47519875,-96.000000834E-3,
,,,-21.47200012,-92.000007629E-3,
,,,-21.46879959,-100.0000015E-3,
,,,-21.46559906,-92.000007629E-3,
,,,-21.46240044,-88.000006974E-3,
,,,-21.45919991,-76.000005007E-3,
,,,-21.45599937,-68.000003695E-3,
,,,-21.45279884,-48.00000042E-3,
,,,-21.44960022,-60.000002384E-3,
,,,-21.44639969,-56.000001729E-3,
,,,-21.44319916,-52.00000107E-3,
,,,-21.43999863,-28.00000086E-3,
,,,-21.43680000,-36.00000218E-3,
,,,-21.43359947,-36.00000218E-3,
,,,-21.43039894,-28.00000086E-3,
,,,-21.42720032,-16.0000008E-3,
,,,-21.42399979,-16.0000008E-3,
,,,-21.42079926,-16.0000008E-3,
,,,-21.41759872,-12.0000001E-3,
,,,-21.41440010,-12.0000001E-3,
,,,-21.41119957,-8.000000380E-3,
,,,-21.40799904,4.00000019E-3,
,,,-21.40480042,-12.0000001E-3,
,,,-21.40159988,-12.0000001E-3,
,,,-21.39839935,-4.00000019E-3,
,,,-21.39519882,-20.0000014E-3,
,,,-21.39200020,-20.0000014E-3,
,,,-21.38879967,-24.00000021E-3,
,,,-21.38559914,-28.00000086E-3,
,,,-21.38239861,-28.00000086E-3,
,,,-21.37919998,-44.00000349E-3,
,,,-21.37599945,-44.00000349E-3,
,,,-21.37279892,-52.00000107E-3,
,,,-21.36960030,-52.00000107E-3,
,,,-21.36639977,-56.000001729E-3,
,,,-21.36319923,-60.000002384E-3,
,,,-21.35999870,-60.000002384E-3,
,,,-21.35680008,-68.000003695E-3,
,,,-21.35359955,-68.000003695E-3,
,,,-21.35039902,-76.000005007E-3,
,,,-21.34720039,-72.000004351E-3,
,,,-21.34399986,-76.000005007E-3,
,,,-21.34079933,-84.000006318E-3,
,,,-21.33759880,-68.000003695E-3,
,,,-21.33440018,-68.000003695E-3,
,,,-21.33119965,-48.00000042E-3,
,,,-21.32799911,-64.000003040E-3,
,,,-21.32479858,-52.00000107E-3,
,,,-21.32159996,-48.00000042E-3,
,,,-21.31839943,-48.00000042E-3,
,,,-21.31519890,-44.00000349E-3,
,,,-21.31200027,-40.00000283E-3,
,,,-21.30879974,-36.00000218E-3,
,,,-21.30559921,-20.0000014E-3,
,,,-21.30239868,-32.00000152E-3,
,,,-21.29920006,-24.00000021E-3,
,,,-21.29599953,-24.00000021E-3,
,,,-21.29279900,-40.00000283E-3,
,,,-21.28960037,-20.0000014E-3,
,,,-21.28639984,0.0,
,,,-21.28319931,-8.000000380E-3,
,,,-21.27999878,-12.0000001E-3,
,,,-21.27680016,-8.000000380E-3,
,,,-21.27359962,4.00000019E-3,
,,,-21.27039909,8.000000380E-3,
,,,-21.26719856,4.00000019E-3,
,,,-21.26399994,24.00000021E-3,
,,,-21.26079941,28.00000086E-3,
,,,-21.25759888,48.00000042E-3,
,,,-21.25440025,36.00000218E-3,
,,,-21.25119972,36.00000218E-3,
,,,-21.24799919,48.00000042E-3,
,,,-21.24479866,52.00000107E-3,
,,,-21.24160004,64.000003040E-3,
,,,-21.23839951,76.000005007E-3,
,,,-21.23519897,80.000005662E-3,
,,,-21.23200035,84.000006318E-3,
,,,-21.22879982,92.000007629E-3,
,,,-21.22559929,104.0000021E-3,
,,,-21.22239876,104.0000021E-3,
,,,-21.21920013,108.0000028E-3,
,,,-21.21599960,112.0000035E-3,
,,,-21.21279907,112.0000035E-3,
,,,-21.20959854,112.0000035E-3,
,,,-21.20639992,104.0000021E-3,
,,,-21.20319939,108.0000028E-3,
,,,-21.19999886,104.0000021E-3,
,,,-21.19680023,104.0000021E-3,
,,,-21.19359970,100.0000015E-3,
,,,-21.19039917,108.0000028E-3,
,,,-21.18719864,84.000006318E-3,
,,,-21.18400002,88.000006974E-3,
,,,-21.18079948,68.000003695E-3,
,,,-21.17759895,60.000002384E-3,
,,,-21.17440033,64.000003040E-3,
,,,-21.17119980,52.00000107E-3,
,,,-21.16799927,56.000001729E-3,
,,,-21.16479874,52.00000107E-3,
,,,-21.16160011,48.00000042E-3,
,,,-21.15839958,40.00000283E-3,
,,,-21.15519905,36.00000218E-3,
,,,-21.15200043,36.00000218E-3,
,,,-21.14879990,16.0000008E-3,
,,,-21.14559937,20.0000014E-3,
,,,-21.14239883,20.0000014E-3,
,,,-21.13920021,20.0000014E-3,
,,,-21.13599968,24.00000021E-3,
,,,-21.13279915,12.0000001E-3,
,,,-21.12959862,16.0000008E-3,
,,,-21.12639999,24.00000021E-3,
,,,-21.12319946,24.00000021E-3,
,,,-21.11999893,12.0000001E-3,
,,,-21.11680031,16.0000008E-3,
,,,-21.11359978,16.0000008E-3,
,,,-21.11039925,8.000000380E-3,
,,,-21.10719872,12.0000001E-3,
,,,-21.10400009,4.00000019E-3,
,,,-21.10079956,-4.00000019E-3,
,,,-21.09759903,4.00000019E-3,
,,,-21.09440041,8.000000380E-3,
,,,-21.09119987,12.0000001E-3,
,,,-21.08799934,4.00000019E-3,
,,,-21.08479881,0.0,
,,,-21.08160019,0.0,
,,,-21.07839966,-8.000000380E-3,
,,,-21.07519913,-16.0000008E-3,
,,,-21.07199860,-12.0000001E-3,
,,,-21.06879997,-16.0000008E-3,
,,,-21.06559944,-16.0000008E-3,
,,,-21.06239891,-12.0000001E-3,
,,,-21.05920029,-12.0000001E-3,
,,,-21.05599976,-16.0000008E-3,
,,,-21.05279922,-8.000000380E-3,
,,,-21.04959869,-28.00000086E-3,
,,,-21.04640007,-12.0000001E-3,
,,,-21.04319954,-20.0000014E-3,
,,,-21.03999901,-28.00000086E-3,
,,,-21.03680038,-28.00000086E-3,
,,,-21.03359985,-32.00000152E-3,
,,,-21.03039932,-32.00000152E-3,
,,,-21.02719879,-32.00000152E-3,
,,,-21.02400017,-32.00000152E-3,
,,,-21.02079964,-36.00000218E-3,
,,,-21.01759911,-32.00000152E-3,
,,,-21.01439857,-44.00000349E-3,
,,,-21.01119995,-36.00000218E-3,
,,,-21.00799942,-36.00000218E-3,
,,,-21.00479889,-32.00000152E-3,
,,,-21.00160027,-36.00000218E-3,
,,,-20.99839973,-40.00000283E-3,
,,,-20.99519920,-40.00000283E-3,
,,,-20.99199867,-36.00000218E-3,
,,,-20.98880005,-32.00000152E-3,
,,,-20.98559952,-32.00000152E-3,
,,,-20.98239899,-28.00000086E-3,
,,,-20.97920036,-20.0000014E-3,
,,,-20.97599983,-20.0000014E-3,
,,,-20.97279930,-8.000000380E-3,
,,,-20.96959877,-16.0000008E-3,
,,,-20.96640015,-4.00000019E-3,
,,,-20.96319962,-4.00000019E-3,
,,,-20.95999908,4.00000019E-3,
,,,-20.95679855,12.0000001E-3,
,,,-20.95359993,12.0000001E-3,
,,,-20.95039940,16.0000008E-3,
,,,-20.94719887,20.0000014E-3,
,,,-20.94400024,24.00000021E-3,
,,,-20.94079971,28.00000086E-3,
,,,-20.93759918,40.00000283E-3,
,,,-20.93439865,44.00000349E-3,
,,,-20.93120003,44.00000349E-3,
,,,-20.92799950,72.000004351E-3,
,,,-20.92479897,44.00000349E-3,
,,,-20.92160034,56.000001729E-3,
,,,-20.91839981,56.000001729E-3,
,,,-20.91519928,64.000003040E-3,
,,,-20.91199875,64.000003040E-3,
,,,-20.90880013,72.000004351E-3,
,,,-20.90559959,64.000003040E-3,
,,,-20.90239906,80.000005662E-3,
,,,-20.89919853,80.000005662E-3,
,,,-20.89599991,84.000006318E-3,
,,,-20.89279938,76.000005007E-3,
,,,-20.88959885,76.000005007E-3,
,,,-20.88640022,68.000003695E-3,
,,,-20.88319969,68.000003695E-3,
,,,-20.87999916,64.000003040E-3,
,,,-20.87679863,56.000001729E-3,
,,,-20.87360001,40.00000283E-3,
,,,-20.87039948,36.00000218E-3,
,,,-20.86719894,28.00000086E-3,
,,,-20.86400032,16.0000008E-3,
,,,-20.86079979,4.00000019E-3,
,,,-20.85759926,-12.0000001E-3,
,,,-20.85439873,-24.00000021E-3,
,,,-20.85120010,-32.00000152E-3,
,,,-20.84799957,-32.00000152E-3,
,,,-20.84479904,-32.00000152E-3,
,,,-20.84160042,-52.00000107E-3,
,,,-20.83839989,-56.000001729E-3,
,,,-20.83519936,-56.000001729E-3,
,,,-20.83199883,-64.000003040E-3,
,,,-20.82880020,-76.000005007E-3,
,,,-20.82559967,-64.000003040E-3,
,,,-20.82239914,-68.000003695E-3,
,,,-20.81919861,-64.000003040E-3,
,,,-20.81599998,-68.000003695E-3,
,,,-20.81279945,-56.000001729E-3,
,,,-20.80959892,-64.000003040E-3,
,,,-20.80640030,-48.00000042E-3,
,,,-20.80319977,-36.00000218E-3,
,,,-20.79999924,-32.00000152E-3,
,,,-20.79679871,-20.0000014E-3,
,,,-20.79360008,-12.0000001E-3,
,,,-20.79039955,4.00000019E-3,
,,,-20.78719902,0.0,
,,,-20.78400040,32.00000152E-3,
,,,-20.78079987,24.00000021E-3,
,,,-20.77759933,44.00000349E-3,
,,,-20.77439880,48.00000042E-3,
,,,-20.77120018,64.000003040E-3,
,,,-20.76799965,72.000004351E-3,
,,,-20.76479912,80.000005662E-3,
,,,-20.76159859,92.000007629E-3,
,,,-20.75839996,104.0000021E-3,
,,,-20.75519943,108.0000028E-3,
,,,-20.75199890,124.0000054E-3,
,,,-20.74880028,128.0000061E-3,
,,,-20.74559975,136.0000074E-3,
,,,-20.74239922,140.0000006E-3,
,,,-20.73919868,152.00001001E-3,
,,,-20.73600006,148.0000019E-3,
,,,-20.73279953,168.00001264E-3,
,,,-20.72959900,164.00000453E-3,
,,,-20.72640038,176.00001395E-3,
,,,-20.72319984,184.00001526E-3,
,,,-20.71999931,188.00000846E-3,
,,,-20.71679878,196.00000978E-3,
,,,-20.71360016,180.00000715E-3,
,,,-20.71039963,184.00001526E-3,
,,,-20.70719910,176.00001395E-3,
,,,-20.70399857,164.00000453E-3,
,,,-20.70079994,148.0000019E-3,
,,,-20.69759941,124.0000054E-3,
,,,-20.69439888,116.0000041E-3,
,,,-20.69120026,96.000000834E-3,
,,,-20.68799973,80.000005662E-3,
,,,-20.68479919,60.000002384E-3,
,,,-20.68159866,40.00000283E-3,
,,,-20.67840004,20.0000014E-3,
,,,-20.67519951,12.0000001E-3,
,,,-20.67199898,-8.000000380E-3,
,,,-20.66880035,-32.00000152E-3,
,,,-20.66559982,-44.00000349E-3,
,,,-20.66239929,-56.000001729E-3,
,,,-20.65919876,-56.000001729E-3,
,,,-20.65600014,-72.000004351E-3,
,,,-20.65279961,-68.000003695E-3,
,,,-20.64959908,-68.000003695E-3,
,,,-20.64639854,-76.000005007E-3,
,,,-20.64319992,-84.000006318E-3,
,,,-20.63999939,-76.000005007E-3,
,,,-20.63679886,-84.000006318E-3,
,,,-20.63360023,-76.000005007E-3,
,,,-20.63039970,-72.000004351E-3,
,,,-20.62719917,-72.000004351E-3,
,,,-20.62399864,-88.000006974E-3,
,,,-20.62080002,-80.000005662E-3,
,,,-20.61759949,-92.000007629E-3,
,,,-20.61439896,-96.000000834E-3,
,,,-20.61120033,-104.0000021E-3,
,,,-20.60799980,-100.0000015E-3,
,,,-20.60479927,-96.000000834E-3,
,,,-20.60159874,-100.0000015E-3,
,,,-20.59840012,-108.0000028E-3,
,,,-20.59519958,-108.0000028E-3,
,,,-20.59199905,-92.000007629E-3,
,,,-20.58879852,-108.0000028E-3,
,,,-20.58559990,-88.000006974E-3,
,,,-20.58239937,-84.000006318E-3,
,,,-20.57919884,-80.000005662E-3,
,,,-20.57600021,-76.000005007E-3,
,,,-20.57279968,-68.000003695E-3,
,,,-20.56959915,-44.00000349E-3,
,,,-20.56639862,-40.00000283E-3,
,,,-20.56320000,-36.00000218E-3,
,,,-20.55999947,-36.00000218E-3,
,,,-20.55679893,-24.00000021E-3,
,,,-20.55360031,-12.0000001E-3,
,,,-20.55039978,-8.000000380E-3,
,,,-20.54719925,4.00000019E-3,
,,,-20.54399872,4.00000019E-3,
,,,-20.54080009,40.00000283E-3,
,,,-20.53759956,40.00000283E-3,
,,,-20.53439903,44.00000349E-3,
,,,-20.53120041,36.00000218E-3,
,,,-20.52799988,52.00000107E-3,
,,,-20.52479935,60.000002384E-3,
,,,-20.52159882,56.000001729E-3,
,,,-20.51840019,44.00000349E-3,
,,,-20.51519966,32.00000152E-3,
,,,-20.51199913,20.0000014E-3,
,,,-20.50879860,12.0000001E-3,
,,,-20.50559998,-24.00000021E-3,
,,,-20.50239944,-8.000000380E-3,
,,,-20.49919891,-12.0000001E-3,
,,,-20.49600029,-16.0000008E-3,
,,,-20.49279976,-28.00000086E-3,
,,,-20.48959923,-32.00000152E-3,
,,,-20.48639870,-32.00000152E-3,
,,,-20.48320007,-44.00000349E-3,
,,,-20.47999954,-40.00000283E-3,
,,,-20.47679901,-52.00000107E-3,
,,,-20.47360039,-56.000001729E-3,
,,,-20.47039986,-64.000003040E-3,
,,,-20.46719933,-52.00000107E-3,
,,,-20.46399879,-68.000003695E-3,
,,,-20.46080017,-56.000001729E-3,
,,,-20.45759964,-56.000001729E-3,
,,,-20.45439911,-52.00000107E-3,
,,,-20.45119858,-60.000002384E-3,
,,,-20.44799995,-56.000001729E-3,
,,,-20.44479942,-56.000001729E-3,
,,,-20.44159889,-40.00000283E-3,
,,,-20.43840027,-48.00000042E-3,
,,,-20.43519974,-40.00000283E-3,
,,,-20.43199921,-32.00000152E-3,
,,,-20.42879868,-20.0000014E-3,
,,,-20.42560005,-64.000003040E-3,
,,,-20.42239952,0.0,
,,,-20.41919899,0.0,
,,,-20.41600037,4.00000019E-3,
,,,-20.41279984,8.000000380E-3,
,,,-20.40959930,8.000000380E-3,
,,,-20.40639877,24.00000021E-3,
,,,-20.40320015,16.0000008E-3,
,,,-20.39999962,24.00000021E-3,
,,,-20.39679909,16.0000008E-3,
,,,-20.39359856,16.0000008E-3,
,,,-20.39039993,16.0000008E-3,
,,,-20.38719940,8.000000380E-3,
,,,-20.38399887,12.0000001E-3,
,,,-20.38080025,16.0000008E-3,
,,,-20.37759972,16.0000008E-3,
,,,-20.37439919,8.000000380E-3,
,,,-20.37119865,16.0000008E-3,
,,,-20.36800003,8.000000380E-3,
,,,-20.36479950,20.0000014E-3,
,,,-20.36159897,20.0000014E-3,
,,,-20.35840034,12.0000001E-3,
,,,-20.35519981,8.000000380E-3,
,,,-20.35199928,0.0,
,,,-20.34879875,4.00000019E-3,
,,,-20.34560013,12.0000001E-3,
,,,-20.34239960,12.0000001E-3,
,,,-20.33919907,20.0000014E-3,
,,,-20.33599854,8.000000380E-3,
,,,-20.33279991,0.0,
,,,-20.32959938,12.0000001E-3,
,,,-20.32639885,8.000000380E-3,
,,,-20.32320023,-4.00000019E-3,
,,,-20.31999969,-12.0000001E-3,
,,,-20.31679916,4.00000019E-3,
,,,-20.31359863,-20.0000014E-3,
,,,-20.31040001,-16.0000008E-3,
,,,-20.30719948,-24.00000021E-3,
,,,-20.30399895,-28.00000086E-3,
,,,-20.30080032,-28.00000086E-3,
,,,-20.29759979,-24.00000021E-3,
,,,-20.29439926,-12.0000001E-3,
,,,-20.29119873,-36.00000218E-3,
,,,-20.28800011,-40.00000283E-3,
,,,-20.28479958,-36.00000218E-3,
,,,-20.28159904,-44.00000349E-3,
,,,-20.27839851,-44.00000349E-3,
,,,-20.27519989,-48.00000042E-3,
,,,-20.27199936,-60.000002384E-3,
,,,-20.26879883,-64.000003040E-3,
,,,-20.26560020,-60.000002384E-3,
,,,-20.26239967,-60.000002384E-3,
,,,-20.25919914,-56.000001729E-3,
,,,-20.25599861,-52.00000107E-3,
,,,-20.25279999,-64.000003040E-3,
,,,-20.24959946,-60.000002384E-3,
,,,-20.24639893,-52.00000107E-3,
,,,-20.24320030,-52.00000107E-3,
,,,-20.23999977,-52.00000107E-3,
,,,-20.23679924,-52.00000107E-3,
,,,-20.23359871,-44.00000349E-3,
,,,-20.23040009,-56.000001729E-3,
,,,-20.22719955,-36.00000218E-3,
,,,-20.22399902,-48.00000042E-3,
,,,-20.22079849,-36.00000218E-3,
,,,-20.21759987,-36.00000218E-3,
,,,-20.21439934,-28.00000086E-3,
,,,-20.21119881,-40.00000283E-3,
,,,-20.20800018,-32.00000152E-3,
,,,-20.20479965,-28.00000086E-3,
,,,-20.20159912,-32.00000152E-3,
,,,-20.19839859,-24.00000021E-3,
,,,-20.19519997,-24.00000021E-3,
,,,-20.19199944,-24.00000021E-3,
,,,-20.18879890,-12.0000001E-3,
,,,-20.18560028,-24.00000021E-3,
,,,-20.18239975,-16.0000008E-3,
,,,-20.17919922,-20.0000014E-3,
,,,-20.17599869,-16.0000008E-3,
,,,-20.17280006,-16.0000008E-3,
,,,-20.16959953,-20.0000014E-3,
,,,-20.16639900,-20.0000014E-3,
,,,-20.16320038,-8.000000380E-3,
,,,-20.15999985,8.000000380E-3,
,,,-20.15679932,-8.000000380E-3,
,,,-20.15359879,-8.000000380E-3,
,,,-20.15040016,8.000000380E-3,
,,,-20.14719963,0.0,
,,,-20.14399910,12.0000001E-3,
,,,-20.14079857,4.00000019E-3,
,,,-20.13759995,12.0000001E-3,
,,,-20.13439941,20.0000014E-3,
,,,-20.13119888,8.000000380E-3,
,,,-20.12800026,4.00000019E-3,
,,,-20.12479973,-12.0000001E-3,
,,,-20.12159920,24.00000021E-3,
,,,-20.11839867,12.0000001E-3,
,,,-20.11520004,16.0000008E-3,
,,,-20.11199951,16.0000008E-3,
,,,-20.10879898,8.000000380E-3,
,,,-20.10560036,-8.000000380E-3,
,,,-20.10239983,4.00000019E-3,
,,,-20.09919930,4.00000019E-3,
,,,-20.09599876,8.000000380E-3,
,,,-20.09280014,12.0000001E-3,
,,,-20.08959961,-4.00000019E-3,
,,,-20.08639908,4.00000019E-3,
,,,-20.0831985,0.0,
,,,-20.0799999,0.0,
,,,-20.0767994,-4.00000019E-3,
,,,-20.0735989,-12.0000001E-3,
,,,-20.0704002,-8.000000380E-3,
,,,-20.0671997,-36.00000218E-3,
,,,-20.0639992,-32.00000152E-3,
,,,-20.0607986,-24.00000021E-3,
,,,-20.0576000,-32.00000152E-3,
,,,-20.0543995,-44.00000349E-3,
,,,-20.0511990,-32.00000152E-3,
,,,-20.0480003,-32.00000152E-3,
,,,-20.0447998,-48.00000042E-3,
,,,-20.0415993,-52.00000107E-3,
,,,-20.0383987,-56.000001729E-3,
,,,-20.0352001,-60.000002384E-3,
,,,-20.0319996,-60.000002384E-3,
,,,-20.0287991,-68.000003695E-3,
,,,-20.0255985,-56.000001729E-3,
,,,-20.0223999,-68.000003695E-3,
,,,-20.0191994,-80.000005662E-3,
,,,-20.0159988,-72.000004351E-3,
,,,-20.0128002,-80.000005662E-3,
,,,-20.0095997,-68.000003695E-3,
,,,-20.0063992,-76.000005007E-3,
,,,-20.0031986,-72.000004351E-3,
,,,-20.0000000,-76.000005007E-3,
,,,-19.9967995,-48.00000042E-3,
,,,-19.9935989,-76.000005007E-3,
,,,-19.9904003,-68.000003695E-3,
,,,-19.9871998,-56.000001729E-3,
,,,-19.9839993,-60.000002384E-3,
,,,-19.9807987,-72.000004351E-3,
,,,-19.9776001,-64.000003040E-3,
,,,-19.9743996,-60.000002384E-3,
,,,-19.9711990,-60.000002384E-3,
,,,-19.9679985,-56.000001729E-3,
,,,-19.9647999,-48.00000042E-3,
,,,-19.9615993,-52.00000107E-3,
,,,-19.9583988,-44.00000349E-3,
,,,-19.9552002,-40.00000283E-3,
,,,-19.9519997,-36.00000218E-3,
,,,-19.9487991,-24.00000021E-3,
,,,-19.9455986,-24.00000021E-3,
,,,-19.9424000,-12.0000001E-3,
,,,-19.9391994,-16.0000008E-3,
,,,-19.9359989,-8.000000380E-3,
,,,-19.9328003,0.0,
,,,-19.9295998,20.0000014E-3,
,,,-19.9263992,20.0000014E-3,
,,,-19.9231987,24.00000021E-3,
,,,-19.9200001,44.00000349E-3,
,,,-19.9167995,44.00000349E-3,
,,,-19.9135990,56.000001729E-3,
,,,-19.9103985,72.000004351E-3,
,,,-19.9071999,80.000005662E-3,
,,,-19.9039993,88.000006974E-3,
,,,-19.9007988,92.000007629E-3,
,,,-19.8976002,100.0000015E-3,
,,,-19.8943996,104.0000021E-3,
,,,-19.8911991,112.0000035E-3,
,,,-19.8879986,112.0000035E-3,
,,,-19.8848000,131.9999993E-3,
,,,-19.8815994,136.0000074E-3,
,,,-19.8783989,131.9999993E-3,
,,,-19.8752003,140.0000006E-3,
,,,-19.8719997,140.0000006E-3,
,,,-19.8687992,140.0000006E-3,
,,,-19.8655987,144.0000087E-3,
,,,-19.8624001,136.0000074E-3,
,,,-19.8591995,148.0000019E-3,
,,,-19.8559990,144.0000087E-3,
,,,-19.8528004,140.0000006E-3,
,,,-19.8495998,144.0000087E-3,
,,,-19.8463993,136.0000074E-3,
,,,-19.8431988,140.0000006E-3,
,,,-19.8400002,124.0000054E-3,
,,,-19.8367996,116.0000041E-3,
,,,-19.8335991,128.0000061E-3,
,,,-19.8303986,112.0000035E-3,
,,,-19.8271999,100.0000015E-3,
,,,-19.8239994,112.0000035E-3,
,,,-19.8207989,108.0000028E-3,
,,,-19.8176003,96.000000834E-3,
,,,-19.8143997,96.000000834E-3,
,,,-19.8111992,96.000000834E-3,
,,,-19.8079987,92.000007629E-3,
,,,-19.8048000,84.000006318E-3,
,,,-19.8015995,84.000006318E-3,
,,,-19.7983990,68.000003695E-3,
,,,-19.7952003,72.000004351E-3,
,,,-19.7919998,64.000003040E-3,
,,,-19.7887993,68.000003695E-3,
,,,-19.7855988,52.00000107E-3,
,,,-19.7824001,52.00000107E-3,
,,,-19.7791996,48.00000042E-3,
,,,-19.7759991,40.00000283E-3,
,,,-19.7727985,44.00000349E-3,
,,,-19.7695999,44.00000349E-3,
,,,-19.7663994,32.00000152E-3,
,,,-19.7631989,36.00000218E-3,
,,,-19.7600002,32.00000152E-3,
,,,-19.7567997,48.00000042E-3,
,,,-19.7535992,36.00000218E-3,
,,,-19.7503986,32.00000152E-3,
,,,-19.7472000,24.00000021E-3,
,,,-19.7439995,52.00000107E-3,
,,,-19.7407990,40.00000283E-3,
,,,-19.7376003,36.00000218E-3,
,,,-19.7343998,36.00000218E-3,
,,,-19.7311993,40.00000283E-3,
,,,-19.7279987,40.00000283E-3,
,,,-19.7248001,44.00000349E-3,
,,,-19.7215996,48.00000042E-3,
,,,-19.7183990,44.00000349E-3,
,,,-19.7151985,40.00000283E-3,
,,,-19.7119999,48.00000042E-3,
,,,-19.7087994,36.00000218E-3,
,,,-19.7055988,36.00000218E-3,
,,,-19.7024002,36.00000218E-3,
,,,-19.6991997,20.0000014E-3,
,,,-19.6959991,24.00000021E-3,
,,,-19.6927986,28.00000086E-3,
,,,-19.6896000,8.000000380E-3,
,,,-19.6863995,4.00000019E-3,
,,,-19.6831989,12.0000001E-3,
,,,-19.6800003,12.0000001E-3,
,,,-19.6767998,4.00000019E-3,
,,,-19.6735992,-4.00000019E-3,
,,,-19.6703987,-16.0000008E-3,
,,,-19.6672001,-28.00000086E-3,
,,,-19.6639996,-16.0000008E-3,
,,,-19.6607990,-16.0000008E-3,
,,,-19.6575985,-20.0000014E-3,
,,,-19.6543999,-20.0000014E-3,
,,,-19.6511993,-28.00000086E-3,
,,,-19.6479988,-28.00000086E-3,
,,,-19.6448002,-28.00000086E-3,
,,,-19.6415997,-32.00000152E-3,
,,,-19.6383991,-36.00000218E-3,
,,,-19.6351986,-36.00000218E-3,
,,,-19.6320000,-44.00000349E-3,
,,,-19.6287994,-36.00000218E-3,
,,,-19.6255989,-44.00000349E-3,
,,,-19.6224003,-52.00000107E-3,
,,,-19.6191998,-40.00000283E-3,
,,,-19.6159992,-44.00000349E-3,
,,,-19.6127987,-44.00000349E-3,
,,,-19.6096001,-56.000001729E-3,
,,,-19.6063995,-48.00000042E-3,
,,,-19.6031990,-40.00000283E-3,
,,,-19.5999985,-48.00000042E-3,
,,,-19.5967999,-64.000003040E-3,
,,,-19.5935993,-44.00000349E-3,
,,,-19.5903988,-52.00000107E-3,
,,,-19.5872002,-44.00000349E-3,
,,,-19.5839996,-44.00000349E-3,
,,,-19.5807991,-44.00000349E-3,
,,,-19.5775986,-36.00000218E-3,
,,,-19.5743999,-40.00000283E-3,
,,,-19.5711994,-36.00000218E-3,
,,,-19.5679989,-36.00000218E-3,
,,,-19.5648003,-28.00000086E-3,
,,,-19.5615997,-32.00000152E-3,
,,,-19.5583992,-28.00000086E-3,
,,,-19.5551987,-32.00000152E-3,
,,,-19.5520000,-28.00000086E-3,
,,,-19.5487995,-24.00000021E-3,
,,,-19.5455990,-20.0000014E-3,
,,,-19.5424004,-28.00000086E-3,
,,,-19.5391998,-28.00000086E-3,
,,,-19.5359993,-24.00000021E-3,
,,,-19.5327988,-24.00000021E-3,
,,,-19.5296001,-24.00000021E-3,
,,,-19.5263996,-20.0000014E-3,
,,,-19.5231991,-20.0000014E-3,
,,,-19.5199986,-16.0000008E-3,
,,,-19.5167999,-16.0000008E-3,
,,,-19.5135994,-24.00000021E-3,
,,,-19.5103989,-16.0000008E-3,
,,,-19.5072002,-20.0000014E-3,
,,,-19.5039997,-12.0000001E-3,
,,,-19.5007992,-8.000000380E-3,
,,,-19.4975986,-12.0000001E-3,
,,,-19.4944000,-8.000000380E-3,
,,,-19.4911995,-16.0000008E-3,
,,,-19.4879990,-8.000000380E-3,
,,,-19.4848003,-4.00000019E-3,
,,,-19.4815998,-8.000000380E-3,
,,,-19.4783993,-20.0000014E-3,
,,,-19.4751987,-8.000000380E-3,
,,,-19.4720001,-12.0000001E-3,
,,,-19.4687996,-8.000000380E-3,
,,,-19.4655991,-4.00000019E-3,
,,,-19.4623985,0.0,
,,,-19.4591999,-4.00000019E-3,
,,,-19.4559994,-4.00000019E-3,
,,,-19.4527988,-32.00000152E-3,
,,,-19.4496002,-8.000000380E-3,
,,,-19.4463997,-24.00000021E-3,
,,,-19.4431992,-8.000000380E-3,
,,,-19.4399986,-8.000000380E-3,
,,,-19.4368000,-16.0000008E-3,
,,,-19.4335995,-20.0000014E-3,
,,,-19.4303989,-32.00000152E-3,
,,,-19.4272003,-32.00000152E-3,
,,,-19.4239998,-16.0000008E-3,
,,,-19.4207993,-32.00000152E-3,
,,,-19.4175987,-24.00000021E-3,
,,,-19.4144001,-32.00000152E-3,
,,,-19.4111996,-28.00000086E-3,
,,,-19.4079990,-20.0000014E-3,
,,,-19.4047985,-28.00000086E-3,
,,,-19.4015999,-28.00000086E-3,
,,,-19.3983994,-32.00000152E-3,
,,,-19.3951988,-24.00000021E-3,
,,,-19.3920002,-32.00000152E-3,
,,,-19.3887997,-28.00000086E-3,
,,,-19.3855991,-24.00000021E-3,
,,,-19.3823986,-28.00000086E-3,
,,,-19.3792000,-32.00000152E-3,
,,,-19.3759995,-28.00000086E-3,
,,,-19.3727989,-28.00000086E-3,
,,,-19.3696003,-28.00000086E-3,
,,,-19.3663998,-32.00000152E-3,
,,,-19.3631992,-36.00000218E-3,
,,,-19.3599987,-36.00000218E-3,
,,,-19.3568001,-40.00000283E-3,
,,,-19.3535995,-36.00000218E-3,
,,,-19.3503990,-48.00000042E-3,
,,,-19.3471985,-40.00000283E-3,
,,,-19.3439999,-48.00000042E-3,
,,,-19.3407993,-52.00000107E-3,
,,,-19.3375988,-52.00000107E-3,
,,,-19.3344002,-48.00000042E-3,
,,,-19.3311996,-52.00000107E-3,
,,,-19.3279991,-52.00000107E-3,
,,,-19.3247986,-56.000001729E-3,
,,,-19.3216000,-48.00000042E-3,
,,,-19.3183994,-56.000001729E-3,
,,,-19.3151989,-56.000001729E-3,
,,,-19.3120003,-52.00000107E-3,
,,,-19.3087997,-56.000001729E-3,
,,,-19.3055992,-56.000001729E-3,
,,,-19.3023987,-76.000005007E-3,
,,,-19.2992001,-60.000002384E-3,
,,,-19.2959995,-48.00000042E-3,
,,,-19.2927990,-52.00000107E-3,
,,,-19.2895985,-36.00000218E-3,
,,,-19.2863998,-60.000002384E-3,
,,,-19.2831993,-52.00000107E-3,
,,,-19.2799988,-52.00000107E-3,
,,,-19.2768002,-48.00000042E-3,
,,,-19.2735996,-48.00000042E-3,
,,,-19.2703991,-44.00000349E-3,
,,,-19.2671986,-56.000001729E-3,
,,,-19.2639999,-56.000001729E-3,
,,,-19.2607994,-44.00000349E-3,
,,,-19.2575989,-48.00000042E-3,
,,,-19.2544003,-48.00000042E-3,
,,,-19.2511997,-44.00000349E-3,
,,,-19.2479992,-40.00000283E-3,
,,,-19.2447987,-32.00000152E-3,
,,,-19.2416000,-32.00000152E-3,
,,,-19.2383995,-28.00000086E-3,
,,,-19.2351990,-28.00000086E-3,
,,,-19.2319984,-32.00000152E-3,
,,,-19.2287998,-24.00000021E-3,
,,,-19.2255993,-28.00000086E-3,
,,,-19.2223988,-28.00000086E-3,
,,,-19.2192001,-28.00000086E-3,
,,,-19.2159996,-16.0000008E-3,
,,,-19.2127991,-4.00000019E-3,
,,,-19.2095985,-16.0000008E-3,
,,,-19.2063999,-20.0000014E-3,
,,,-19.2031994,-12.0000001E-3,
,,,-19.1999989,-16.0000008E-3,
,,,-19.1968002,-16.0000008E-3,
,,,-19.1935997,-16.0000008E-3,
,,,-19.1903992,-8.000000380E-3,
,,,-19.1871986,0.0,
,,,-19.1840000,-8.000000380E-3,
,,,-19.1807995,-8.000000380E-3,
,,,-19.1775990,4.00000019E-3,
,,,-19.1744003,4.00000019E-3,
,,,-19.1711998,8.000000380E-3,
,,,-19.1679993,8.000000380E-3,
,,,-19.1647987,4.00000019E-3,
,,,-19.1616001,24.00000021E-3,
,,,-19.1583996,28.00000086E-3,
,,,-19.1551991,28.00000086E-3,
,,,-19.1519985,28.00000086E-3,
,,,-19.1487999,28.00000086E-3,
,,,-19.1455994,32.00000152E-3,
,,,-19.1423988,36.00000218E-3,
,,,-19.1392002,40.00000283E-3,
,,,-19.1359997,36.00000218E-3,
,,,-19.1327991,36.00000218E-3,
,,,-19.1295986,40.00000283E-3,
,,,-19.1264000,48.00000042E-3,
,,,-19.1231995,48.00000042E-3,
,,,-19.1199989,52.00000107E-3,
,,,-19.1168003,52.00000107E-3,
,,,-19.1135998,56.000001729E-3,
,,,-19.1103992,52.00000107E-3,
,,,-19.1071987,64.000003040E-3,
,,,-19.1040001,56.000001729E-3,
,,,-19.1007996,60.000002384E-3,
,,,-19.0975990,80.000005662E-3,
,,,-19.0943985,80.000005662E-3,
,,,-19.0911999,80.000005662E-3,
,,,-19.0879993,84.000006318E-3,
,,,-19.0847988,84.000006318E-3,
,,,-19.0816002,84.000006318E-3,
,,,-19.0783997,84.000006318E-3,
,,,-19.0751991,92.000007629E-3,
,,,-19.0719986,100.0000015E-3,
,,,-19.0688000,100.0000015E-3,
,,,-19.0655994,100.0000015E-3,
,,,-19.0623989,100.0000015E-3,
,,,-19.0592003,120.0000048E-3,
,,,-19.0559998,104.0000021E-3,
,,,-19.0527992,124.0000054E-3,
,,,-19.0495987,120.0000048E-3,
,,,-19.0464001,136.0000074E-3,
,,,-19.0431995,140.0000006E-3,
,,,-19.0399990,144.0000087E-3,
,,,-19.0367985,148.0000019E-3,
,,,-19.0335999,152.00001001E-3,
,,,-19.0303993,164.00000453E-3,
,,,-19.0271988,160.00001132E-3,
,,,-19.0240002,168.00001264E-3,
,,,-19.0207996,180.00000715E-3,
,,,-19.0175991,172.00000584E-3,
,,,-19.0143986,176.00001395E-3,
,,,-19.0112000,172.00000584E-3,
,,,-19.0079994,176.00001395E-3,
,,,-19.0047989,176.00001395E-3,
,,,-19.0016003,176.00001395E-3,
,,,-18.9983997,184.00001526E-3,
,,,-18.9951992,180.00000715E-3,
,,,-18.9919987,164.00000453E-3,
,,,-18.9888000,168.00001264E-3,
,,,-18.9855995,160.00001132E-3,
,,,-18.9823990,156.00000322E-3,
,,,-18.9791985,160.00001132E-3,
,,,-18.9759998,136.0000074E-3,
,,,-18.9727993,131.9999993E-3,
,,,-18.9695988,112.0000035E-3,
,,,-18.9664001,108.0000028E-3,
,,,-18.9631996,96.000000834E-3,
,,,-18.9599991,88.000006974E-3,
,,,-18.9567986,84.000006318E-3,
,,,-18.9535999,68.000003695E-3,
,,,-18.9503994,44.00000349E-3,
,,,-18.9471989,40.00000283E-3,
,,,-18.9440002,40.00000283E-3,
,,,-18.9407997,16.0000008E-3,
,,,-18.9375992,12.0000001E-3,
,,,-18.9343987,0.0,
,,,-18.9312000,-16.0000008E-3,
,,,-18.9279995,-20.0000014E-3,
,,,-18.9247990,-36.00000218E-3,
,,,-18.9215984,-48.00000042E-3,
,,,-18.9183998,-48.00000042E-3,
,,,-18.9151993,-80.000005662E-3,
,,,-18.9119987,-72.000004351E-3,
,,,-18.9088001,-84.000006318E-3,
,,,-18.9055996,-88.000006974E-3,
,,,-18.9023991,-92.000007629E-3,
,,,-18.8991985,-92.000007629E-3,
,,,-18.8959999,-100.0000015E-3,
,,,-18.8927994,-116.0000041E-3,
,,,-18.8895988,-112.0000035E-3,
,,,-18.8864002,-112.0000035E-3,
,,,-18.8831997,-120.0000048E-3,
,,,-18.8799992,-128.0000061E-3,
,,,-18.8767986,-120.0000048E-3,
,,,-18.8736000,-124.0000054E-3,
,,,-18.8703995,-128.0000061E-3,
,,,-18.8671989,-124.0000054E-3,
,,,-18.8640003,-120.0000048E-3,
,,,-18.8607998,-124.0000054E-3,
,,,-18.8575993,-124.0000054E-3,
,,,-18.8543987,-116.0000041E-3,
,,,-18.8512001,-100.0000015E-3,
,,,-18.8479996,-112.0000035E-3,
,,,-18.8447990,-100.0000015E-3,
,,,-18.8415985,-96.000000834E-3,
,,,-18.8383999,-104.0000021E-3,
,,,-18.8351994,-88.000006974E-3,
,,,-18.8319988,-92.000007629E-3,
,,,-18.8288002,-84.000006318E-3,
,,,-18.8255997,-80.000005662E-3,
,,,-18.8223991,-64.000003040E-3,
,,,-18.8191986,-64.000003040E-3,
,,,-18.8160000,-60.000002384E-3,
,,,-18.8127995,-64.000003040E-3,
,,,-18.8095989,-56.000001729E-3,
,,,-18.8064003,-64.000003040E-3,
,,,-18.8031998,-56.000001729E-3,
,,,-18.7999992,-56.000001729E-3,
,,,-18.7967987,-60.000002384E-3,
,,,-18.7936001,-56.000001729E-3,
,,,-18.7903996,-48.00000042E-3,
,,,-18.7871990,-52.00000107E-3,
,,,-18.7839985,-52.00000107E-3,
,,,-18.7807999,-60.000002384E-3,
,,,-18.7775993,-60.000002384E-3,
,,,-18.7743988,-60.000002384E-3,
,,,-18.7712002,-56.000001729E-3,
,,,-18.7679996,-64.000003040E-3,
,,,-18.7647991,-68.000003695E-3,
,,,-18.7615986,-56.000001729E-3,
,,,-18.7584000,-64.000003040E-3,
,,,-18.7551994,-60.000002384E-3,
,,,-18.7519989,-60.000002384E-3,
,,,-18.7488003,-64.000003040E-3,
,,,-18.7455997,-60.000002384E-3,
,,,-18.7423992,-48.00000042E-3,
,,,-18.7391987,-60.000002384E-3,
,,,-18.7360001,-44.00000349E-3,
,,,-18.7327995,-40.00000283E-3,
,,,-18.7295990,-32.00000152E-3,
,,,-18.7263985,-28.00000086E-3,
,,,-18.7231998,-16.0000008E-3,
,,,-18.7199993,-24.00000021E-3,
,,,-18.7167988,-12.0000001E-3,
,,,-18.7136002,0.0,
,,,-18.7103996,4.00000019E-3,
,,,-18.7071991,12.0000001E-3,
,,,-18.7039986,12.0000001E-3,
,,,-18.7007999,8.000000380E-3,
,,,-18.6975994,28.00000086E-3,
,,,-18.6943989,24.00000021E-3,
,,,-18.6912003,28.00000086E-3,
,,,-18.6879997,20.0000014E-3,
,,,-18.6847992,24.00000021E-3,
,,,-18.6815987,28.00000086E-3,
,,,-18.6784000,32.00000152E-3,
,,,-18.6751995,32.00000152E-3,
,,,-18.6719990,24.00000021E-3,
,,,-18.6687984,32.00000152E-3,
,,,-18.6655998,28.00000086E-3,
,,,-18.6623993,12.0000001E-3,
,,,-18.6591988,28.00000086E-3,
,,,-18.6560001,36.00000218E-3,
,,,-18.6527996,28.00000086E-3,
,,,-18.6495991,16.0000008E-3,
,,,-18.6463985,8.000000380E-3,
,,,-18.6431999,16.0000008E-3,
,,,-18.6399994,16.0000008E-3,
,,,-18.6367989,20.0000014E-3,
,,,-18.6336002,8.000000380E-3,
,,,-18.6303997,12.0000001E-3,
,,,-18.6271992,8.000000380E-3,
,,,-18.6239986,0.0,
,,,-18.6208000,-4.00000019E-3,
,,,-18.6175995,-8.000000380E-3,
,,,-18.6143990,-8.000000380E-3,
,,,-18.6111984,-8.000000380E-3,
,,,-18.6079998,-20.0000014E-3,
,,,-18.6047993,-24.00000021E-3,
,,,-18.6015987,-24.00000021E-3,
,,,-18.5984001,-28.00000086E-3,
,,,-18.5951996,-24.00000021E-3,
,,,-18.5919991,-24.00000021E-3,
,,,-18.5887985,-16.0000008E-3,
,,,-18.5855999,-40.00000283E-3,
,,,-18.5823994,-16.0000008E-3,
,,,-18.5791988,-20.0000014E-3,
,,,-18.5760002,-28.00000086E-3,
,,,-18.5727997,-20.0000014E-3,
,,,-18.5695992,-12.0000001E-3,
,,,-18.5663986,-16.0000008E-3,
,,,-18.5632000,-12.0000001E-3,
,,,-18.5599995,-8.000000380E-3,
,,,-18.5567989,-4.00000019E-3,
,,,-18.5536003,8.000000380E-3,
,,,-18.5503998,8.000000380E-3,
,,,-18.5471992,12.0000001E-3,
,,,-18.5439987,16.0000008E-3,
,,,-18.5408001,20.0000014E-3,
,,,-18.5375996,20.0000014E-3,
,,,-18.5343990,24.00000021E-3,
,,,-18.5311985,28.00000086E-3,
,,,-18.5279999,32.00000152E-3,
,,,-18.5247993,28.00000086E-3,
,,,-18.5215988,28.00000086E-3,
,,,-18.5184002,28.00000086E-3,
,,,-18.5151997,28.00000086E-3,
,,,-18.5119991,28.00000086E-3,
,,,-18.5087986,20.0000014E-3,
,,,-18.5056000,28.00000086E-3,
,,,-18.5023994,8.000000380E-3,
,,,-18.4991989,16.0000008E-3,
,,,-18.4960003,12.0000001E-3,
,,,-18.4927998,-12.0000001E-3,
,,,-18.4895992,-8.000000380E-3,
,,,-18.4863987,-20.0000014E-3,
,,,-18.4832001,-20.0000014E-3,
,,,-18.4799995,-24.00000021E-3,
,,,-18.4767990,-24.00000021E-3,
,,,-18.4735985,-32.00000152E-3,
,,,-18.4703999,-32.00000152E-3,
,,,-18.4671993,-40.00000283E-3,
,,,-18.4639988,-40.00000283E-3,
,,,-18.4608002,-48.00000042E-3,
,,,-18.4575996,-48.00000042E-3,
,,,-18.4543991,-44.00000349E-3,
,,,-18.4511986,-48.00000042E-3,
,,,-18.4480000,-56.000001729E-3,
,,,-18.4447994,-52.00000107E-3,
,,,-18.4415989,-52.00000107E-3,
,,,-18.4384003,-56.000001729E-3,
,,,-18.4351997,-52.00000107E-3,
,,,-18.4319992,-48.00000042E-3,
,,,-18.4287987,-56.000001729E-3,
,,,-18.4256001,-56.000001729E-3,
,,,-18.4223995,-48.00000042E-3,
,,,-18.4191990,-40.00000283E-3,
,,,-18.4159985,-28.00000086E-3,
,,,-18.4127998,-16.0000008E-3,
,,,-18.4095993,-20.0000014E-3,
,,,-18.4063988,-8.000000380E-3,
,,,-18.4032001,-16.0000008E-3,
,,,-18.3999996,-12.0000001E-3,
,,,-18.3967991,0.0,
,,,-18.3935986,8.000000380E-3,
,,,-18.3903999,4.00000019E-3,
,,,-18.3871994,12.0000001E-3,
,,,-18.3839989,24.00000021E-3,
,,,-18.3808002,28.00000086E-3,
,,,-18.3775997,32.00000152E-3,
,,,-18.3743992,36.00000218E-3,
,,,-18.3711987,44.00000349E-3,
,,,-18.3680000,52.00000107E-3,
,,,-18.3647995,52.00000107E-3,
,,,-18.3615990,56.000001729E-3,
,,,-18.3583984,64.000003040E-3,
,,,-18.3551998,56.000001729E-3,
,,,-18.3519993,64.000003040E-3,
,,,-18.3487988,72.000004351E-3,
,,,-18.3456001,72.000004351E-3,
,,,-18.3423996,52.00000107E-3,
,,,-18.3391991,68.000003695E-3,
,,,-18.3359985,84.000006318E-3,
,,,-18.3327999,80.000005662E-3,
,,,-18.3295994,84.000006318E-3,
,,,-18.3263988,72.000004351E-3,
,,,-18.3232002,76.000005007E-3,
,,,-18.3199997,64.000003040E-3,
,,,-18.3167992,72.000004351E-3,
,,,-18.3135986,68.000003695E-3,
,,,-18.3104000,68.000003695E-3,
,,,-18.3071995,84.000006318E-3,
,,,-18.3039989,60.000002384E-3,
,,,-18.3007984,52.00000107E-3,
,,,-18.2975998,40.00000283E-3,
,,,-18.2943993,40.00000283E-3,
,,,-18.2911987,32.00000152E-3,
,,,-18.2880001,24.00000021E-3,
,,,-18.2847996,16.0000008E-3,
,,,-18.2815990,4.00000019E-3,
,,,-18.2783985,4.00000019E-3,
,,,-18.2751999,-28.00000086E-3,
,,,-18.2719994,-16.0000008E-3,
,,,-18.2687988,-40.00000283E-3,
,,,-18.2656002,-52.00000107E-3,
,,,-18.2623997,-40.00000283E-3,
,,,-18.2591991,-56.000001729E-3,
,,,-18.2559986,-60.000002384E-3,
,,,-18.2528000,-64.000003040E-3,
,,,-18.2495995,-68.000003695E-3,
,,,-18.2463989,-76.000005007E-3,
,,,-18.2431984,-96.000000834E-3,
,,,-18.2399998,-96.000000834E-3,
,,,-18.2367992,-88.000006974E-3,
,,,-18.2335987,-84.000006318E-3,
,,,-18.2304001,-76.000005007E-3,
,,,-18.2271996,-88.000006974E-3,
,,,-18.2239990,-80.000005662E-3,
,,,-18.2207985,-76.000005007E-3,
,,,-18.2175999,-76.000005007E-3,
,,,-18.2143993,-72.000004351E-3,
,,,-18.2111988,-68.000003695E-3,
,,,-18.2080002,-56.000001729E-3,
,,,-18.2047997,-56.000001729E-3,
,,,-18.2015991,-52.00000107E-3,
,,,-18.1983986,-32.00000152E-3,
,,,-18.1952000,-56.000001729E-3,
,,,-18.1919994,-28.00000086E-3,
,,,-18.1887989,-16.0000008E-3,
,,,-18.1856003,-24.00000021E-3,
,,,-18.1823997,4.00000019E-3,
,,,-18.1791992,8.000000380E-3,
,,,-18.1759987,-4.00000019E-3,
,,,-18.1728001,12.0000001E-3,
,,,-18.1695995,40.00000283E-3,
,,,-18.1663990,40.00000283E-3,
,,,-18.1631985,48.00000042E-3,
,,,-18.1599998,72.000004351E-3,
,,,-18.1567993,64.000003040E-3,
,,,-18.1535988,76.000005007E-3,
,,,-18.1504002,84.000006318E-3,
,,,-18.1471996,92.000007629E-3,
,,,-18.1439991,100.0000015E-3,
,,,-18.1407986,112.0000035E-3,
,,,-18.1375999,116.0000041E-3,
,,,-18.1343994,116.0000041E-3,
,,,-18.1311989,136.0000074E-3,
,,,-18.1280003,144.0000087E-3,
,,,-18.1247997,148.0000019E-3,
,,,-18.1215992,152.00001001E-3,
,,,-18.1183987,160.00001132E-3,
,,,-18.1152000,180.00000715E-3,
,,,-18.1119995,168.00001264E-3,
,,,-18.1087990,172.00000584E-3,
,,,-18.1055984,168.00001264E-3,
,,,-18.1023998,152.00001001E-3,
,,,-18.0991993,160.00001132E-3,
,,,-18.0959988,164.00000453E-3,
,,,-18.0928001,156.00000322E-3,
,,,-18.0895996,136.0000074E-3,
,,,-18.0863991,136.0000074E-3,
,,,-18.0831985,128.0000061E-3,
,,,-18.0799999,120.0000048E-3,
,,,-18.0767994,116.0000041E-3,
,,,-18.0735989,100.0000015E-3,
,,,-18.0704002,84.000006318E-3,
,,,-18.0671997,76.000005007E-3,
,,,-18.0639992,60.000002384E-3,
,,,-18.0607986,48.00000042E-3,
,,,-18.0576000,36.00000218E-3,
,,,-18.0543995,20.0000014E-3,
,,,-18.0511990,-4.00000019E-3,
,,,-18.0479984,-12.0000001E-3,
,,,-18.0447998,-28.00000086E-3,
,,,-18.0415993,-48.00000042E-3,
,,,-18.0383987,-48.00000042E-3,
,,,-18.0352001,-80.000005662E-3,
,,,-18.0319996,-92.000007629E-3,
,,,-18.0287991,-100.0000015E-3,
,,,-18.0255985,-124.0000054E-3,
,,,-18.0223999,-136.0000074E-3,
,,,-18.0191994,-148.0000019E-3,
,,,-18.0159988,-160.00001132E-3,
,,,-18.0128002,-164.00000453E-3,
,,,-18.0095997,-176.00001395E-3,
,,,-18.0063992,-188.00000846E-3,
,,,-18.0031986,-184.00001526E-3,
,,,-18.0000000,-196.00000978E-3,
,,,-17.9967995,-204.00001109E-3,
,,,-17.9935989,-200.00000298E-3,
,,,-17.9903984,-204.00001109E-3,
,,,-17.9871998,-196.00000978E-3,
,,,-17.9839993,-200.00000298E-3,
,,,-17.9807987,-196.00000978E-3,
,,,-17.9776001,-192.00000167E-3,
,,,-17.9743996,-184.00001526E-3,
,,,-17.9711990,-180.00000715E-3,
,,,-17.9679985,-172.00000584E-3,
,,,-17.9647999,-168.00001264E-3,
,,,-17.9615993,-152.00001001E-3,
,,,-17.9583988,-144.0000087E-3,
,,,-17.9552002,-128.0000061E-3,
,,,-17.9519997,-112.0000035E-3,
,,,-17.9487991,-112.0000035E-3,
,,,-17.9455986,-88.000006974E-3,
,,,-17.9424000,-80.000005662E-3,
,,,-17.9391994,-60.000002384E-3,
,,,-17.9359989,-52.00000107E-3,
,,,-17.9327984,-28.00000086E-3,
,,,-17.9295998,-20.0000014E-3,
,,,-17.9263992,-12.0000001E-3,
,,,-17.9231987,8.000000380E-3,
,,,-17.9200001,12.0000001E-3,
,,,-17.9167995,28.00000086E-3,
,,,-17.9135990,44.00000349E-3,
,,,-17.9103985,56.000001729E-3,
,,,-17.9071999,68.000003695E-3,
,,,-17.9039993,80.000005662E-3,
,,,-17.9007988,84.000006318E-3,
,,,-17.8976002,80.000005662E-3,
,,,-17.8943996,92.000007629E-3,
,,,-17.8911991,96.000000834E-3,
,,,-17.8879986,112.0000035E-3,
,,,-17.8848000,108.0000028E-3,
,,,-17.8815994,104.0000021E-3,
,,,-17.8783989,100.0000015E-3,
,,,-17.8752003,112.0000035E-3,
,,,-17.8719997,100.0000015E-3,
,,,-17.8687992,92.000007629E-3,
,,,-17.8655987,100.0000015E-3,
,,,-17.8624001,92.000007629E-3,
,,,-17.8591995,92.000007629E-3,
,,,-17.8559990,84.000006318E-3,
,,,-17.8527985,92.000007629E-3,
,,,-17.8495998,84.000006318E-3,
,,,-17.8463993,84.000006318E-3,
,,,-17.8431988,72.000004351E-3,
,,,-17.8400002,68.000003695E-3,
,,,-17.8367996,64.000003040E-3,
,,,-17.8335991,52.00000107E-3,
,,,-17.8303986,44.00000349E-3,
,,,-17.8271999,48.00000042E-3,
,,,-17.8239994,32.00000152E-3,
,,,-17.8207989,36.00000218E-3,
,,,-17.8176003,36.00000218E-3,
,,,-17.8143997,36.00000218E-3,
,,,-17.8111992,24.00000021E-3,
,,,-17.8079987,24.00000021E-3,
,,,-17.8048000,12.0000001E-3,
,,,-17.8015995,12.0000001E-3,
,,,-17.7983990,12.0000001E-3,
,,,-17.7951984,8.000000380E-3,
,,,-17.7919998,4.00000019E-3,
,,,-17.7887993,4.00000019E-3,
,,,-17.7855988,-4.00000019E-3,
,,,-17.7824001,0.0,
,,,-17.7791996,-4.00000019E-3,
,,,-17.7759991,-16.0000008E-3,
,,,-17.7727985,-4.00000019E-3,
,,,-17.7695999,-8.000000380E-3,
,,,-17.7663994,-4.00000019E-3,
,,,-17.7631989,-8.000000380E-3,
,,,-17.7600002,-16.0000008E-3,
,,,-17.7567997,-16.0000008E-3,
,,,-17.7535992,-24.00000021E-3,
,,,-17.7503986,-8.000000380E-3,
,,,-17.7472000,-16.0000008E-3,
,,,-17.7439995,-20.0000014E-3,
,,,-17.7407990,-28.00000086E-3,
,,,-17.7375984,-28.00000086E-3,
,,,-17.7343998,-28.00000086E-3,
,,,-17.7311993,-28.00000086E-3,
,,,-17.7279987,-28.00000086E-3,
,,,-17.7248001,-28.00000086E-3,
,,,-17.7215996,-28.00000086E-3,
,,,-17.7183990,-16.0000008E-3,
,,,-17.7151985,-28.00000086E-3,
,,,-17.7119999,-20.0000014E-3,
,,,-17.7087994,-20.0000014E-3,
,,,-17.7055988,-36.00000218E-3,
,,,-17.7024002,-20.0000014E-3,
,,,-17.6991997,-24.00000021E-3,
,,,-17.6959991,-32.00000152E-3,
,,,-17.6927986,-20.0000014E-3,
,,,-17.6896000,-24.00000021E-3,
,,,-17.6863995,-28.00000086E-3,
,,,-17.6831989,-24.00000021E-3,
,,,-17.6799984,-16.0000008E-3,
,,,-17.6767998,-16.0000008E-3,
,,,-17.6735992,-20.0000014E-3,
,,,-17.6703987,-20.0000014E-3,
,,,-17.6672001,-24.00000021E-3,
,,,-17.6639996,-16.0000008E-3,
,,,-17.6607990,-16.0000008E-3,
,,,-17.6575985,-24.00000021E-3,
,,,-17.6543999,-12.0000001E-3,
,,,-17.6511993,-20.0000014E-3,
,,,-17.6479988,-24.00000021E-3,
,,,-17.6448002,-12.0000001E-3,
,,,-17.6415997,-12.0000001E-3,
,,,-17.6383991,-8.000000380E-3,
,,,-17.6351986,0.0,
,,,-17.6320000,12.0000001E-3,
,,,-17.6287994,20.0000014E-3,
,,,-17.6255989,12.0000001E-3,
,,,-17.6223984,44.00000349E-3,
,,,-17.6191998,48.00000042E-3,
,,,-17.6159992,64.000003040E-3,
,,,-17.6127987,64.000003040E-3,
,,,-17.6096001,76.000005007E-3,
,,,-17.6063995,80.000005662E-3,
,,,-17.6031990,80.000005662E-3,
,,,-17.5999985,108.0000028E-3,
,,,-17.5967999,108.0000028E-3,
,,,-17.5935993,120.0000048E-3,
,,,-17.5903988,128.0000061E-3,
,,,-17.5872002,136.0000074E-3,
,,,-17.5839996,148.0000019E-3,
,,,-17.5807991,160.00001132E-3,
,,,-17.5775986,160.00001132E-3,
,,,-17.5743999,160.00001132E-3,
,,,-17.5711994,172.00000584E-3,
,,,-17.5679989,176.00001395E-3,
,,,-17.5648003,184.00001526E-3,
,,,-17.5615997,176.00001395E-3,
,,,-17.5583992,180.00000715E-3,
,,,-17.5551987,188.00000846E-3,
,,,-17.5520000,180.00000715E-3,
,,,-17.5487995,180.00000715E-3,
,,,-17.5455990,172.00000584E-3,
,,,-17.5423985,184.00001526E-3,
,,,-17.5391998,176.00001395E-3,
,,,-17.5359993,164.00000453E-3,
,,,-17.5327988,164.00000453E-3,
,,,-17.5296001,152.00001001E-3,
,,,-17.5263996,156.00000322E-3,
,,,-17.5231991,136.0000074E-3,
,,,-17.5199986,136.0000074E-3,
,,,-17.5167999,124.0000054E-3,
,,,-17.5135994,112.0000035E-3,
,,,-17.5103989,100.0000015E-3,
,,,-17.5072002,88.000006974E-3,
,,,-17.5039997,80.000005662E-3,
,,,-17.5007992,72.000004351E-3,
,,,-17.4975986,68.000003695E-3,
,,,-17.4944000,48.00000042E-3,
,,,-17.4911995,40.00000283E-3,
,,,-17.4879990,36.00000218E-3,
,,,-17.4847984,20.0000014E-3,
,,,-17.4815998,8.000000380E-3,
,,,-17.4783993,-4.00000019E-3,
,,,-17.4751987,-16.0000008E-3,
,,,-17.4720001,-16.0000008E-3,
,,,-17.4687996,-24.00000021E-3,
,,,-17.4655991,-32.00000152E-3,
,,,-17.4623985,-56.000001729E-3,
,,,-17.4591999,-52.00000107E-3,
,,,-17.4559994,-56.000001729E-3,
,,,-17.4527988,-64.000003040E-3,
,,,-17.4496002,-72.000004351E-3,
,,,-17.4463997,-76.000005007E-3,
,,,-17.4431992,-100.0000015E-3,
,,,-17.4399986,-72.000004351E-3,
,,,-17.4368000,-88.000006974E-3,
,,,-17.4335995,-96.000000834E-3,
,,,-17.4303989,-104.0000021E-3,
,,,-17.4271984,-92.000007629E-3,
,,,-17.4239998,-108.0000028E-3,
,,,-17.4207993,-104.0000021E-3,
,,,-17.4175987,-104.0000021E-3,
,,,-17.4144001,-108.0000028E-3,
,,,-17.4111996,-100.0000015E-3,
,,,-17.4079990,-92.000007629E-3,
,,,-17.4047985,-100.0000015E-3,
,,,-17.4015999,-88.000006974E-3,
,,,-17.3983994,-96.000000834E-3,
,,,-17.3951988,-96.000000834E-3,
,,,-17.3920002,-88.000006974E-3,
,,,-17.3887997,-80.000005662E-3,
,,,-17.3855991,-100.0000015E-3,
,,,-17.3823986,-72.000004351E-3,
,,,-17.3792000,-76.000005007E-3,
,,,-17.3759995,-60.000002384E-3,
,,,-17.3727989,-64.000003040E-3,
,,,-17.3695984,-48.00000042E-3,
,,,-17.3663998,-56.000001729E-3,
,,,-17.3631992,-44.00000349E-3,
,,,-17.3599987,-32.00000152E-3,
,,,-17.3568001,-32.00000152E-3,
,,,-17.3535995,-24.00000021E-3,
,,,-17.3503990,4.00000019E-3,
,,,-17.3471985,-16.0000008E-3,
,,,-17.3439999,-12.0000001E-3,
,,,-17.3407993,-24.00000021E-3,
,,,-17.3375988,-36.00000218E-3,
,,,-17.3344002,-40.00000283E-3,
,,,-17.3311996,-40.00000283E-3,
,,,-17.3279991,-76.000005007E-3,
,,,-17.3247986,-80.000005662E-3,
,,,-17.3216000,-88.000006974E-3,
,,,-17.3183994,-112.0000035E-3,
,,,-17.3151989,-112.0000035E-3,
,,,-17.3119984,-120.0000048E-3,
,,,-17.3087997,-124.0000054E-3,
,,,-17.3055992,-108.0000028E-3,
,,,-17.3023987,-131.9999993E-3,
,,,-17.2992001,-128.0000061E-3,
,,,-17.2959995,-124.0000054E-3,
,,,-17.2927990,-124.0000054E-3,
,,,-17.2895985,-124.0000054E-3,
,,,-17.2863998,-124.0000054E-3,
,,,-17.2831993,-120.0000048E-3,
,,,-17.2799988,-108.0000028E-3,
,,,-17.2768002,-100.0000015E-3,
,,,-17.2735996,-96.000000834E-3,
,,,-17.2703991,-80.000005662E-3,
,,,-17.2671986,-72.000004351E-3,
,,,-17.2639999,-64.000003040E-3,
,,,-17.2607994,-60.000002384E-3,
,,,-17.2575989,-48.00000042E-3,
,,,-17.2543983,-40.00000283E-3,
,,,-17.2511997,-32.00000152E-3,
,,,-17.2479992,-16.0000008E-3,
,,,-17.2447987,-12.0000001E-3,
,,,-17.2416000,0.0,
,,,-17.2383995,8.000000380E-3,
,,,-17.2351990,12.0000001E-3,
,,,-17.2319984,28.00000086E-3,
,,,-17.2287998,36.00000218E-3,
,,,-17.2255993,44.00000349E-3,
,,,-17.2223988,56.000001729E-3,
,,,-17.2192001,60.000002384E-3,
,,,-17.2159996,72.000004351E-3,
,,,-17.2127991,76.000005007E-3,
,,,-17.2095985,84.000006318E-3,
,,,-17.2063999,88.000006974E-3,
,,,-17.2031994,84.000006318E-3,
,,,-17.1999989,100.0000015E-3,
,,,-17.1968002,96.000000834E-3,
,,,-17.1935997,108.0000028E-3,
,,,-17.1903992,100.0000015E-3,
,,,-17.1871986,108.0000028E-3,
,,,-17.1840000,108.0000028E-3,
,,,-17.1807995,96.000000834E-3,
,,,-17.1775990,96.000000834E-3,
,,,-17.1743984,92.000007629E-3,
,,,-17.1711998,92.000007629E-3,
,,,-17.1679993,104.0000021E-3,
,,,-17.1647987,92.000007629E-3,
,,,-17.1616001,76.000005007E-3,
,,,-17.1583996,72.000004351E-3,
,,,-17.1551991,76.000005007E-3,
,,,-17.1519985,64.000003040E-3,
,,,-17.1487999,56.000001729E-3,
,,,-17.1455994,48.00000042E-3,
,,,-17.1423988,52.00000107E-3,
,,,-17.1392002,36.00000218E-3,
,,,-17.1359997,36.00000218E-3,
,,,-17.1327991,36.00000218E-3,
,,,-17.1295986,16.0000008E-3,
,,,-17.1264000,12.0000001E-3,
,,,-17.1231995,24.00000021E-3,
,,,-17.1199989,4.00000019E-3,
,,,-17.1167984,0.0,
,,,-17.1135998,4.00000019E-3,
,,,-17.1103992,-4.00000019E-3,
,,,-17.1071987,-8.000000380E-3,
,,,-17.1040001,-4.00000019E-3,
,,,-17.1007996,-12.0000001E-3,
,,,-17.0975990,-16.0000008E-3,
,,,-17.0943985,-16.0000008E-3,
,,,-17.0911999,-20.0000014E-3,
,,,-17.0879993,-28.00000086E-3,
,,,-17.0847988,-32.00000152E-3,
,,,-17.0816002,-32.00000152E-3,
,,,-17.0783997,-32.00000152E-3,
,,,-17.0751991,-72.000004351E-3,
,,,-17.0719986,-52.00000107E-3,
,,,-17.0688000,-28.00000086E-3,
,,,-17.0655994,-40.00000283E-3,
,,,-17.0623989,-48.00000042E-3,
,,,-17.0591984,-40.00000283E-3,
,,,-17.0559998,-44.00000349E-3,
,,,-17.0527992,-40.00000283E-3,
,,,-17.0495987,-32.00000152E-3,
,,,-17.0464001,-28.00000086E-3,
,,,-17.0431995,-20.0000014E-3,
,,,-17.0399990,-24.00000021E-3,
,,,-17.0367985,-20.0000014E-3,
,,,-17.0335999,-16.0000008E-3,
,,,-17.0303993,-12.0000001E-3,
,,,-17.0271988,-4.00000019E-3,
,,,-17.0240002,-28.00000086E-3,
,,,-17.0207996,-4.00000019E-3,
,,,-17.0175991,-12.0000001E-3,
,,,-17.0143986,8.000000380E-3,
,,,-17.0112000,4.00000019E-3,
,,,-17.0079994,0.0,
,,,-17.0047989,0.0,
,,,-17.0015984,8.000000380E-3,
,,,-16.9983997,0.0,
,,,-16.9951992,-4.00000019E-3,
,,,-16.9919987,4.00000019E-3,
,,,-16.9888000,8.000000380E-3,
,,,-16.9855995,-8.000000380E-3,
,,,-16.9823990,0.0,
,,,-16.9791985,8.000000380E-3,
,,,-16.9759998,-4.00000019E-3,
,,,-16.9727993,0.0,
,,,-16.9695988,-16.0000008E-3,
,,,-16.9664001,-4.00000019E-3,
,,,-16.9631996,0.0,
,,,-16.9599991,-8.000000380E-3,
,,,-16.9567986,0.0,
,,,-16.9535999,4.00000019E-3,
,,,-16.9503994,0.0,
,,,-16.9471989,-12.0000001E-3,
,,,-16.9439983,0.0,
,,,-16.9407997,4.00000019E-3,
,,,-16.9375992,4.00000019E-3,
,,,-16.9343987,4.00000019E-3,
,,,-16.9312000,8.000000380E-3,
,,,-16.9279995,8.000000380E-3,
,,,-16.9247990,12.0000001E-3,
,,,-16.9215984,32.00000152E-3,
,,,-16.9183998,16.0000008E-3,
,,,-16.9151993,32.00000152E-3,
,,,-16.9119987,24.00000021E-3,
,,,-16.9088001,16.0000008E-3,
,,,-16.9055996,12.0000001E-3,
,,,-16.9023991,24.00000021E-3,
,,,-16.8991985,24.00000021E-3,
,,,-16.8959999,16.0000008E-3,
,,,-16.8927994,24.00000021E-3,
,,,-16.8895988,24.00000021E-3,
,,,-16.8864002,20.0000014E-3,
,,,-16.8831997,28.00000086E-3,
,,,-16.8799992,20.0000014E-3,
,,,-16.8767986,16.0000008E-3,
,,,-16.8736000,8.000000380E-3,
,,,-16.8703995,16.0000008E-3,
,,,-16.8671989,4.00000019E-3,
,,,-16.8639984,4.00000019E-3,
,,,-16.8607998,8.000000380E-3,
,,,-16.8575993,12.0000001E-3,
,,,-16.8543987,0.0,
,,,-16.8512001,-4.00000019E-3,
,,,-16.8479996,0.0,
,,,-16.8447990,-16.0000008E-3,
,,,-16.8415985,-12.0000001E-3,
,,,-16.8383999,-8.000000380E-3,
,,,-16.8351994,-12.0000001E-3,
,,,-16.8319988,-24.00000021E-3,
,,,-16.8288002,-28.00000086E-3,
,,,-16.8255997,-32.00000152E-3,
,,,-16.8223991,-28.00000086E-3,
,,,-16.8191986,-36.00000218E-3,
,,,-16.8160000,-44.00000349E-3,
,,,-16.8127995,-44.00000349E-3,
,,,-16.8095989,-56.000001729E-3,
,,,-16.8063984,-56.000001729E-3,
,,,-16.8031998,-60.000002384E-3,
,,,-16.7999992,-72.000004351E-3,
,,,-16.7967987,-80.000005662E-3,
,,,-16.7936001,-100.0000015E-3,
,,,-16.7903996,-96.000000834E-3,
,,,-16.7871990,-104.0000021E-3,
,,,-16.7839985,-120.0000048E-3,
,,,-16.7807999,-120.0000048E-3,
,,,-16.7775993,-136.0000074E-3,
,,,-16.7743988,-136.0000074E-3,
,,,-16.7712002,-144.0000087E-3,
,,,-16.7679996,-116.0000041E-3,
,,,-16.7647991,-160.00001132E-3,
,,,-16.7615986,-156.00000322E-3,
,,,-16.7584000,-160.00001132E-3,
,,,-16.7551994,-172.00000584E-3,
,,,-16.7519989,-184.00001526E-3,
,,,-16.7487984,-188.00000846E-3,
,,,-16.7455997,-192.00000167E-3,
,,,-16.7423992,-196.00000978E-3,
,,,-16.7391987,-200.00000298E-3,
,,,-16.7360001,-196.00000978E-3,
,,,-16.7327995,-200.00000298E-3,
,,,-16.7295990,-200.00000298E-3,
,,,-16.7263985,-204.00001109E-3,
,,,-16.7231998,-196.00000978E-3,
,,,-16.7199993,-196.00000978E-3,
,,,-16.7167988,-184.00001526E-3,
,,,-16.7136002,-188.00000846E-3,
,,,-16.7103996,-176.00001395E-3,
,,,-16.7071991,-160.00001132E-3,
,,,-16.7039986,-152.00001001E-3,
,,,-16.7007999,-156.00000322E-3,
,,,-16.6975994,-136.0000074E-3,
,,,-16.6943989,-136.0000074E-3,
,,,-16.6911983,-124.0000054E-3,
,,,-16.6879997,-108.0000028E-3,
,,,-16.6847992,-104.0000021E-3,
,,,-16.6815987,-100.0000015E-3,
,,,-16.6784000,-84.000006318E-3,
,,,-16.6751995,-68.000003695E-3,
,,,-16.6719990,-52.00000107E-3,
,,,-16.6687984,-44.00000349E-3,
,,,-16.6655998,-40.00000283E-3,
,,,-16.6623993,0.0,
,,,-16.6591988,4.00000019E-3,
,,,-16.6560001,16.0000008E-3,
,,,-16.6527996,20.0000014E-3,
,,,-16.6495991,60.000002384E-3,
,,,-16.6463985,52.00000107E-3,
,,,-16.6431999,80.000005662E-3,
,,,-16.6399994,96.000000834E-3,
,,,-16.6367989,108.0000028E-3,
,,,-16.6335983,124.0000054E-3,
,,,-16.6303997,136.0000074E-3,
,,,-16.6271992,144.0000087E-3,
,,,-16.6239986,160.00001132E-3,
,,,-16.6208000,172.00000584E-3,
,,,-16.6175995,188.00000846E-3,
,,,-16.6143990,200.00000298E-3,
,,,-16.6111984,196.00000978E-3,
,,,-16.6079998,192.00000167E-3,
,,,-16.6047993,212.00001240E-3,
,,,-16.6015987,212.00001240E-3,
,,,-16.5984001,228.00001502E-3,
,,,-16.5951996,208.00000429E-3,
,,,-16.5919991,204.00001109E-3,
,,,-16.5887985,200.00000298E-3,
,,,-16.5855999,192.00000167E-3,
,,,-16.5823994,188.00000846E-3,
,,,-16.5791988,180.00000715E-3,
,,,-16.5760002,168.00001264E-3,
,,,-16.5727997,160.00001132E-3,
,,,-16.5695992,144.0000087E-3,
,,,-16.5663986,136.0000074E-3,
,,,-16.5632000,112.0000035E-3,
,,,-16.5599995,108.0000028E-3,
,,,-16.5567989,92.000007629E-3,
,,,-16.5535984,76.000005007E-3,
,,,-16.5503998,68.000003695E-3,
,,,-16.5471992,68.000003695E-3,
,,,-16.5439987,44.00000349E-3,
,,,-16.5408001,44.00000349E-3,
,,,-16.5375996,32.00000152E-3,
,,,-16.5343990,48.00000042E-3,
,,,-16.5311985,20.0000014E-3,
,,,-16.5279999,4.00000019E-3,
,,,-16.5247993,-4.00000019E-3,
,,,-16.5215988,-16.0000008E-3,
,,,-16.5184002,-12.0000001E-3,
,,,-16.5151997,-16.0000008E-3,
,,,-16.5119991,-20.0000014E-3,
,,,-16.5087986,-32.00000152E-3,
,,,-16.5056000,-40.00000283E-3,
,,,-16.5023994,-36.00000218E-3,
,,,-16.4991989,-36.00000218E-3,
,,,-16.4959984,-44.00000349E-3,
,,,-16.4927998,-40.00000283E-3,
,,,-16.4895992,-44.00000349E-3,
,,,-16.4863987,-40.00000283E-3,
,,,-16.4832001,-28.00000086E-3,
,,,-16.4799995,-36.00000218E-3,
,,,-16.4767990,-28.00000086E-3,
,,,-16.4735985,-24.00000021E-3,
,,,-16.4703999,-12.0000001E-3,
,,,-16.4671993,-8.000000380E-3,
,,,-16.4639988,0.0,
,,,-16.4608002,4.00000019E-3,
,,,-16.4575996,20.0000014E-3,
,,,-16.4543991,32.00000152E-3,
,,,-16.4511986,44.00000349E-3,
,,,-16.4480000,76.000005007E-3,
,,,-16.4447994,68.000003695E-3,
,,,-16.4415989,72.000004351E-3,
,,,-16.4383984,80.000005662E-3,
,,,-16.4351997,92.000007629E-3,
,,,-16.4319992,104.0000021E-3,
,,,-16.4287987,112.0000035E-3,
,,,-16.4256001,124.0000054E-3,
,,,-16.4223995,131.9999993E-3,
,,,-16.4191990,131.9999993E-3,
,,,-16.4159985,140.0000006E-3,
,,,-16.4127998,144.0000087E-3,
,,,-16.4095993,148.0000019E-3,
,,,-16.4063988,140.0000006E-3,
,,,-16.4032001,144.0000087E-3,
,,,-16.3999996,131.9999993E-3,
,,,-16.3967991,136.0000074E-3,
,,,-16.3935986,140.0000006E-3,
,,,-16.3903999,131.9999993E-3,
,,,-16.3871994,112.0000035E-3,
,,,-16.3839989,124.0000054E-3,
,,,-16.3807983,104.0000021E-3,
,,,-16.3775997,92.000007629E-3,
,,,-16.3743992,84.000006318E-3,
,,,-16.3711987,80.000005662E-3,
,,,-16.3680000,72.000004351E-3,
,,,-16.3647995,48.00000042E-3,
,,,-16.3615990,60.000002384E-3,
,,,-16.3583984,20.0000014E-3,
,,,-16.3551998,8.000000380E-3,
,,,-16.3519993,-12.0000001E-3,
,,,-16.3487988,-8.000000380E-3,
,,,-16.3456001,-44.00000349E-3,
,,,-16.3423996,-44.00000349E-3,
,,,-16.3391991,-64.000003040E-3,
,,,-16.3359985,-76.000005007E-3,
,,,-16.3327999,-88.000006974E-3,
,,,-16.3295994,-92.000007629E-3,
,,,-16.3263988,-108.0000028E-3,
,,,-16.3231983,-131.9999993E-3,
,,,-16.3199997,-128.0000061E-3,
,,,-16.3167992,-144.0000087E-3,
,,,-16.3135986,-156.00000322E-3,
,,,-16.3104000,-160.00001132E-3,
,,,-16.3071995,-172.00000584E-3,
,,,-16.3039989,-172.00000584E-3,
,,,-16.3007984,-184.00001526E-3,
,,,-16.2975998,-196.00000978E-3,
,,,-16.2943993,-188.00000846E-3,
,,,-16.2911987,-200.00000298E-3,
,,,-16.2880001,-196.00000978E-3,
,,,-16.2847996,-196.00000978E-3,
,,,-16.2815990,-200.00000298E-3,
,,,-16.2783985,-200.00000298E-3,
,,,-16.2751999,-204.00001109E-3,
,,,-16.2719994,-208.00000429E-3,
,,,-16.2687988,-196.00000978E-3,
,,,-16.2656002,-188.00000846E-3,
,,,-16.2623997,-188.00000846E-3,
,,,-16.2591991,-192.00000167E-3,
,,,-16.2559986,-184.00001526E-3,
,,,-16.2528000,-176.00001395E-3,
,,,-16.2495995,-172.00000584E-3,
,,,-16.2463989,-164.00000453E-3,
,,,-16.2431984,-164.00000453E-3,
,,,-16.2399998,-160.00001132E-3,
,,,-16.2367992,-152.00001001E-3,
,,,-16.2335987,-144.0000087E-3,
,,,-16.2304001,-128.0000061E-3,
,,,-16.2271996,-124.0000054E-3,
,,,-16.2239990,-116.0000041E-3,
,,,-16.2207985,-108.0000028E-3,
,,,-16.2175999,-100.0000015E-3,
,,,-16.2143993,-96.000000834E-3,
,,,-16.2111988,-80.000005662E-3,
,,,-16.2080002,-92.000007629E-3,
,,,-16.2047997,-80.000005662E-3,
,,,-16.2015991,-56.000001729E-3,
,,,-16.1983986,-52.00000107E-3,
,,,-16.1952000,-44.00000349E-3,
,,,-16.1919994,-40.00000283E-3,
,,,-16.1887989,-20.0000014E-3,
,,,-16.1855984,-12.0000001E-3,
,,,-16.1823997,-8.000000380E-3,
,,,-16.1791992,0.0,
,,,-16.1759987,8.000000380E-3,
,,,-16.1728001,12.0000001E-3,
,,,-16.1695995,12.0000001E-3,
,,,-16.1663990,20.0000014E-3,
,,,-16.1631985,28.00000086E-3,
,,,-16.1599998,40.00000283E-3,
,,,-16.1567993,60.000002384E-3,
,,,-16.1535988,56.000001729E-3,
,,,-16.1504002,52.00000107E-3,
,,,-16.1471996,60.000002384E-3,
,,,-16.1439991,64.000003040E-3,
,,,-16.1407986,64.000003040E-3,
,,,-16.1375999,68.000003695E-3,
,,,-16.1343994,72.000004351E-3,
,,,-16.1311989,80.000005662E-3,
,,,-16.1279984,76.000005007E-3,
,,,-16.1247997,76.000005007E-3,
,,,-16.1215992,88.000006974E-3,
,,,-16.1183987,84.000006318E-3,
,,,-16.1152000,76.000005007E-3,
,,,-16.1119995,100.0000015E-3,
,,,-16.1087990,96.000000834E-3,
,,,-16.1055984,96.000000834E-3,
,,,-16.1023998,104.0000021E-3,
,,,-16.0991993,96.000000834E-3,
,,,-16.0959988,96.000000834E-3,
,,,-16.0928001,100.0000015E-3,
,,,-16.0895996,100.0000015E-3,
,,,-16.0863991,112.0000035E-3,
,,,-16.0831985,100.0000015E-3,
,,,-16.0799999,112.0000035E-3,
,,,-16.0767994,100.0000015E-3,
,,,-16.0735989,108.0000028E-3,
,,,-16.0703983,104.0000021E-3,
,,,-16.0671997,120.0000048E-3,
,,,-16.0639992,100.0000015E-3,
,,,-16.0607986,100.0000015E-3,
,,,-16.0576000,104.0000021E-3,
,,,-16.0543995,96.000000834E-3,
,,,-16.0511990,96.000000834E-3,
,,,-16.0479984,88.000006974E-3,
,,,-16.0447998,100.0000015E-3,
,,,-16.0415993,88.000006974E-3,
,,,-16.0383987,84.000006318E-3,
,,,-16.0352001,80.000005662E-3,
,,,-16.0319996,80.000005662E-3,
,,,-16.0287991,64.000003040E-3,
,,,-16.0255985,72.000004351E-3,
,,,-16.0223999,56.000001729E-3,
,,,-16.0191994,68.000003695E-3,
,,,-16.0159988,56.000001729E-3,
,,,-16.0127983,44.00000349E-3,
,,,-16.0095997,44.00000349E-3,
,,,-16.0063992,40.00000283E-3,
,,,-16.0031986,24.00000021E-3,
,,,-15.9999990,28.00000086E-3,
,,,-15.9967995,20.0000014E-3,
,,,-15.9935989,16.0000008E-3,
,,,-15.9903994,20.0000014E-3,
,,,-15.9871988,12.0000001E-3,
,,,-15.9839993,20.0000014E-3,
,,,-15.9807997,8.000000380E-3,
,,,-15.9775991,12.0000001E-3,
,,,-15.9743996,4.00000019E-3,
,,,-15.9711990,0.0,
,,,-15.9679995,0.0,
,,,-15.9647989,-4.00000019E-3,
,,,-15.9615993,-4.00000019E-3,
,,,-15.9583988,-8.000000380E-3,
,,,-15.9551992,-8.000000380E-3,
,,,-15.9519997,-8.000000380E-3,
,,,-15.9487991,-8.000000380E-3,
,,,-15.9455996,-12.0000001E-3,
,,,-15.9423990,-20.0000014E-3,
,,,-15.9391994,-20.0000014E-3,
,,,-15.9359989,-16.0000008E-3,
,,,-15.9327993,-20.0000014E-3,
,,,-15.9295988,-24.00000021E-3,
,,,-15.9263992,-20.0000014E-3,
,,,-15.9231997,-20.0000014E-3,
,,,-15.9199991,-20.0000014E-3,
,,,-15.9167995,-32.00000152E-3,
,,,-15.9135990,-28.00000086E-3,
,,,-15.9103994,-32.00000152E-3,
,,,-15.9071989,-40.00000283E-3,
,,,-15.9039993,-40.00000283E-3,
,,,-15.9007988,-36.00000218E-3,
,,,-15.8975992,-44.00000349E-3,
,,,-15.8943996,-52.00000107E-3,
,,,-15.8911991,-40.00000283E-3,
,,,-15.8879995,-52.00000107E-3,
,,,-15.8847990,-48.00000042E-3,
,,,-15.8815994,-36.00000218E-3,
,,,-15.8783989,-40.00000283E-3,
,,,-15.8751993,-40.00000283E-3,
,,,-15.8719988,-36.00000218E-3,
,,,-15.8687992,-36.00000218E-3,
,,,-15.8655996,-28.00000086E-3,
,,,-15.8623991,-44.00000349E-3,
,,,-15.8591995,-28.00000086E-3,
,,,-15.8559990,-28.00000086E-3,
,,,-15.8527994,-20.0000014E-3,
,,,-15.8495989,-24.00000021E-3,
,,,-15.8463993,-12.0000001E-3,
,,,-15.8431988,-24.00000021E-3,
,,,-15.8399992,-8.000000380E-3,
,,,-15.8367996,-16.0000008E-3,
,,,-15.8335991,-12.0000001E-3,
,,,-15.8303995,-12.0000001E-3,
,,,-15.8271990,-8.000000380E-3,
,,,-15.8239994,-12.0000001E-3,
,,,-15.8207989,0.0,
,,,-15.8175993,-8.000000380E-3,
,,,-15.8143988,-8.000000380E-3,
,,,-15.8111992,-4.00000019E-3,
,,,-15.8079996,0.0,
,,,-15.8047991,8.000000380E-3,
,,,-15.8015995,20.0000014E-3,
,,,-15.7983990,0.0,
,,,-15.7951994,0.0,
,,,-15.7919989,12.0000001E-3,
,,,-15.7887993,8.000000380E-3,
,,,-15.7855988,8.000000380E-3,
,,,-15.7823992,-4.00000019E-3,
,,,-15.7791996,0.0,
,,,-15.7759991,0.0,
,,,-15.7727995,4.00000019E-3,
,,,-15.7695990,0.0,
,,,-15.7663994,-8.000000380E-3,
,,,-15.7631989,4.00000019E-3,
,,,-15.7599993,-20.0000014E-3,
,,,-15.7567997,-4.00000019E-3,
,,,-15.7535992,-4.00000019E-3,
,,,-15.7503996,-8.000000380E-3,
,,,-15.7471991,-4.00000019E-3,
,,,-15.7439995,-12.0000001E-3,
,,,-15.7407990,-12.0000001E-3,
,,,-15.7375994,-8.000000380E-3,
,,,-15.7343988,-8.000000380E-3,
,,,-15.7311993,-16.0000008E-3,
,,,-15.7279997,0.0,
,,,-15.7247992,-16.0000008E-3,
,,,-15.7215996,-4.00000019E-3,
,,,-15.7183990,-12.0000001E-3,
,,,-15.7151995,-4.00000019E-3,
,,,-15.7119989,0.0,
,,,-15.7087994,-4.00000019E-3,
,,,-15.7055988,-8.000000380E-3,
,,,-15.7023993,-12.0000001E-3,
,,,-15.6991997,-4.00000019E-3,
,,,-15.6959991,-4.00000019E-3,
,,,-15.6927996,8.000000380E-3,
,,,-15.6895990,16.0000008E-3,
,,,-15.6863995,24.00000021E-3,
,,,-15.6831989,36.00000218E-3,
,,,-15.6799994,60.000002384E-3,
,,,-15.6767988,68.000003695E-3,
,,,-15.6735992,80.000005662E-3,
,,,-15.6703997,100.0000015E-3,
,,,-15.6671991,104.0000021E-3,
,,,-15.6639996,104.0000021E-3,
,,,-15.6607990,120.0000048E-3,
,,,-15.6575994,131.9999993E-3,
,,,-15.6543989,128.0000061E-3,
,,,-15.6511993,136.0000074E-3,
,,,-15.6479988,128.0000061E-3,
,,,-15.6447992,140.0000006E-3,
,,,-15.6415997,131.9999993E-3,
,,,-15.6383991,131.9999993E-3,
,,,-15.6351995,144.0000087E-3,
,,,-15.6319990,131.9999993E-3,
,,,-15.6287994,140.0000006E-3,
,,,-15.6255989,140.0000006E-3,
,,,-15.6223993,128.0000061E-3,
,,,-15.6191988,128.0000061E-3,
,,,-15.6159992,136.0000074E-3,
,,,-15.6127996,124.0000054E-3,
,,,-15.6095991,120.0000048E-3,
,,,-15.6063995,112.0000035E-3,
,,,-15.6031990,116.0000041E-3,
,,,-15.5999994,108.0000028E-3,
,,,-15.5967989,96.000000834E-3,
,,,-15.5935993,84.000006318E-3,
,,,-15.5903988,84.000006318E-3,
,,,-15.5871992,68.000003695E-3,
,,,-15.5839996,72.000004351E-3,
,,,-15.5807991,56.000001729E-3,
,,,-15.5775995,48.00000042E-3,
,,,-15.5743990,40.00000283E-3,
,,,-15.5711994,48.00000042E-3,
,,,-15.5679989,32.00000152E-3,
,,,-15.5647993,32.00000152E-3,
,,,-15.5615988,36.00000218E-3,
,,,-15.5583992,24.00000021E-3,
,,,-15.5551996,24.00000021E-3,
,,,-15.5519991,32.00000152E-3,
,,,-15.5487995,20.0000014E-3,
,,,-15.5455990,20.0000014E-3,
,,,-15.5423994,16.0000008E-3,
,,,-15.5391989,12.0000001E-3,
,,,-15.5359993,8.000000380E-3,
,,,-15.5327988,8.000000380E-3,
,,,-15.5295992,4.00000019E-3,
,,,-15.5263996,-16.0000008E-3,
,,,-15.5231991,-20.0000014E-3,
,,,-15.5199995,-28.00000086E-3,
,,,-15.5167990,-28.00000086E-3,
,,,-15.5135994,-48.00000042E-3,
,,,-15.5103989,-36.00000218E-3,
,,,-15.5071993,-48.00000042E-3,
,,,-15.5039988,-44.00000349E-3,
,,,-15.5007992,-60.000002384E-3,
,,,-15.4975996,-68.000003695E-3,
,,,-15.4943991,-92.000007629E-3,
,,,-15.4911995,-80.000005662E-3,
,,,-15.4879990,-84.000006318E-3,
,,,-15.4847994,-80.000005662E-3,
,,,-15.4815989,-84.000006318E-3,
,,,-15.4783993,-92.000007629E-3,
,,,-15.4751987,-92.000007629E-3,
,,,-15.4719992,-100.0000015E-3,
,,,-15.4687996,-100.0000015E-3,
,,,-15.4655991,-96.000000834E-3,
,,,-15.4623995,-100.0000015E-3,
,,,-15.4591990,-96.000000834E-3,
,,,-15.4559994,-96.000000834E-3,
,,,-15.4527988,-100.0000015E-3,
,,,-15.4495993,-100.0000015E-3,
,,,-15.4463997,-104.0000021E-3,
,,,-15.4431992,-112.0000035E-3,
,,,-15.4399996,-92.000007629E-3,
,,,-15.4367990,-92.000007629E-3,
,,,-15.4335995,-88.000006974E-3,
,,,-15.4303989,-92.000007629E-3,
,,,-15.4271994,-72.000004351E-3,
,,,-15.4239988,-84.000006318E-3,
,,,-15.4207993,-80.000005662E-3,
,,,-15.4175997,-80.000005662E-3,
,,,-15.4143991,-72.000004351E-3,
,,,-15.4111996,-64.000003040E-3,
,,,-15.4079990,-68.000003695E-3,
,,,-15.4047995,-64.000003040E-3,
,,,-15.4015989,-60.000002384E-3,
,,,-15.3983994,-56.000001729E-3,
,,,-15.3951988,-44.00000349E-3,
,,,-15.3919992,-44.00000349E-3,
,,,-15.3887997,-44.00000349E-3,
,,,-15.3855991,-36.00000218E-3,
,,,-15.3823996,-28.00000086E-3,
,,,-15.3791990,-28.00000086E-3,
,,,-15.3759995,-28.00000086E-3,
,,,-15.3727989,-28.00000086E-3,
,,,-15.3695993,-16.0000008E-3,
,,,-15.3663988,-24.00000021E-3,
,,,-15.3631992,-16.0000008E-3,
,,,-15.3599997,-4.00000019E-3,
,,,-15.3567991,0.0,
,,,-15.3535995,-4.00000019E-3,
,,,-15.3503990,4.00000019E-3,
,,,-15.3471994,0.0,
,,,-15.3439989,16.0000008E-3,
,,,-15.3407993,8.000000380E-3,
,,,-15.3375988,8.000000380E-3,
,,,-15.3343992,8.000000380E-3,
,,,-15.3311996,12.0000001E-3,
,,,-15.3279991,20.0000014E-3,
,,,-15.3247995,20.0000014E-3,
,,,-15.3215990,16.0000008E-3,
,,,-15.3183994,12.0000001E-3,
,,,-15.3151989,12.0000001E-3,
,,,-15.3119993,16.0000008E-3,
,,,-15.3087988,12.0000001E-3,
,,,-15.3055992,20.0000014E-3,
,,,-15.3023996,24.00000021E-3,
,,,-15.2991991,28.00000086E-3,
,,,-15.2959995,28.00000086E-3,
,,,-15.2927990,24.00000021E-3,
,,,-15.2895994,24.00000021E-3,
,,,-15.2863989,20.0000014E-3,
,,,-15.2831993,24.00000021E-3,
,,,-15.2799988,28.00000086E-3,
,,,-15.2767992,24.00000021E-3,
,,,-15.2735996,20.0000014E-3,
,,,-15.2703991,24.00000021E-3,
,,,-15.2671995,28.00000086E-3,
,,,-15.2639990,16.0000008E-3,
,,,-15.2607994,20.0000014E-3,
,,,-15.2575989,20.0000014E-3,
,,,-15.2543993,20.0000014E-3,
,,,-15.2511988,4.00000019E-3,
,,,-15.2479992,28.00000086E-3,
,,,-15.2447996,16.0000008E-3,
,,,-15.2415991,20.0000014E-3,
,,,-15.2383995,16.0000008E-3,
,,,-15.2351990,12.0000001E-3,
,,,-15.2319994,8.000000380E-3,
,,,-15.2287989,8.000000380E-3,
,,,-15.2255993,12.0000001E-3,
,,,-15.2223988,8.000000380E-3,
,,,-15.2191992,0.0,
,,,-15.2159996,4.00000019E-3,
,,,-15.2127991,8.000000380E-3,
,,,-15.2095995,4.00000019E-3,
,,,-15.2063990,-8.000000380E-3,
,,,-15.2031994,-4.00000019E-3,
,,,-15.1999989,-4.00000019E-3,
,,,-15.1967993,0.0,
,,,-15.1935987,0.0,
,,,-15.1903992,-12.0000001E-3,
,,,-15.1871996,-4.00000019E-3,
,,,-15.1839991,4.00000019E-3,
,,,-15.1807995,-8.000000380E-3,
,,,-15.1775990,-4.00000019E-3,
,,,-15.1743994,-8.000000380E-3,
,,,-15.1711988,-4.00000019E-3,
,,,-15.1679993,0.0,
,,,-15.1647987,0.0,
,,,-15.1615992,8.000000380E-3,
,,,-15.1583996,8.000000380E-3,
,,,-15.1551991,8.000000380E-3,
,,,-15.1519995,12.0000001E-3,
,,,-15.1487989,4.00000019E-3,
,,,-15.1455994,16.0000008E-3,
,,,-15.1423988,12.0000001E-3,
,,,-15.1391993,16.0000008E-3,
,,,-15.1359987,16.0000008E-3,
,,,-15.1327991,20.0000014E-3,
,,,-15.1295996,20.0000014E-3,
,,,-15.1263990,32.00000152E-3,
,,,-15.1231995,12.0000001E-3,
,,,-15.1199989,28.00000086E-3,
,,,-15.1167994,24.00000021E-3,
,,,-15.1135988,24.00000021E-3,
,,,-15.1103992,20.0000014E-3,
,,,-15.1071997,32.00000152E-3,
,,,-15.1039991,32.00000152E-3,
,,,-15.1007996,24.00000021E-3,
,,,-15.0975990,28.00000086E-3,
,,,-15.0943995,24.00000021E-3,
,,,-15.0911989,28.00000086E-3,
,,,-15.0879993,24.00000021E-3,
,,,-15.0847988,24.00000021E-3,
,,,-15.0815992,20.0000014E-3,
,,,-15.0783997,20.0000014E-3,
,,,-15.0751991,28.00000086E-3,
,,,-15.0719995,24.00000021E-3,
,,,-15.0687990,20.0000014E-3,
,,,-15.0655994,20.0000014E-3,
,,,-15.0623989,32.00000152E-3,
,,,-15.0591993,24.00000021E-3,
,,,-15.0559988,32.00000152E-3,
,,,-15.0527992,28.00000086E-3,
,,,-15.0495996,28.00000086E-3,
,,,-15.0463991,28.00000086E-3,
,,,-15.0431995,20.0000014E-3,
,,,-15.0399990,32.00000152E-3,
,,,-15.0367994,36.00000218E-3,
,,,-15.0335989,24.00000021E-3,
,,,-15.0303993,32.00000152E-3,
,,,-15.0271988,44.00000349E-3,
,,,-15.0239992,40.00000283E-3,
,,,-15.0207996,40.00000283E-3,
,,,-15.0175991,36.00000218E-3,
,,,-15.0143995,40.00000283E-3,
,,,-15.0111990,44.00000349E-3,
,,,-15.0079994,28.00000086E-3,
,,,-15.0047989,32.00000152E-3,
,,,-15.0015993,44.00000349E-3,
,,,-14.9983988,40.00000283E-3,
,,,-14.9951992,48.00000042E-3,
,,,-14.9919996,40.00000283E-3,
,,,-14.9887991,44.00000349E-3,
,,,-14.9855995,48.00000042E-3,
,,,-14.9823990,52.00000107E-3,
,,,-14.9791994,52.00000107E-3,
,,,-14.9759989,44.00000349E-3,
,,,-14.9727993,40.00000283E-3,
,,,-14.9695988,48.00000042E-3,
,,,-14.9663992,52.00000107E-3,
,,,-14.9631996,32.00000152E-3,
,,,-14.9599991,40.00000283E-3,
,,,-14.9567995,36.00000218E-3,
,,,-14.9535990,44.00000349E-3,
,,,-14.9503994,36.00000218E-3,
,,,-14.9471989,44.00000349E-3,
,,,-14.9439993,40.00000283E-3,
,,,-14.9407988,36.00000218E-3,
,,,-14.9375992,36.00000218E-3,
,,,-14.9343996,28.00000086E-3,
,,,-14.9311991,32.00000152E-3,
,,,-14.9279995,24.00000021E-3,
,,,-14.9247990,20.0000014E-3,
,,,-14.9215994,12.0000001E-3,
,,,-14.9183989,20.0000014E-3,
,,,-14.9151993,16.0000008E-3,
,,,-14.9119987,16.0000008E-3,
,,,-14.9087992,20.0000014E-3,
,,,-14.9055996,8.000000380E-3,
,,,-14.9023991,4.00000019E-3,
,,,-14.8991995,4.00000019E-3,
,,,-14.8959990,4.00000019E-3,
,,,-14.8927994,0.0,
,,,-14.8895988,-4.00000019E-3,
,,,-14.8863993,-12.0000001E-3,
,,,-14.8831987,-8.000000380E-3,
,,,-14.8799992,-8.000000380E-3,
,,,-14.8767996,-12.0000001E-3,
,,,-14.8735991,-12.0000001E-3,
,,,-14.8703995,-24.00000021E-3,
,,,-14.8671989,-16.0000008E-3,
,,,-14.8639994,-20.0000014E-3,
,,,-14.8607988,-32.00000152E-3,
,,,-14.8575993,-28.00000086E-3,
,,,-14.8543987,-24.00000021E-3,
,,,-14.8511992,-24.00000021E-3,
,,,-14.8479996,-36.00000218E-3,
,,,-14.8447990,-28.00000086E-3,
,,,-14.8415995,-40.00000283E-3,
,,,-14.8383989,-48.00000042E-3,
,,,-14.8351994,-44.00000349E-3,
,,,-14.8319988,-52.00000107E-3,
,,,-14.8287992,-52.00000107E-3,
,,,-14.8255987,-40.00000283E-3,
,,,-14.8223991,-44.00000349E-3,
,,,-14.8191996,-48.00000042E-3,
,,,-14.8159990,-40.00000283E-3,
,,,-14.8127995,-44.00000349E-3,
,,,-14.8095989,-32.00000152E-3,
,,,-14.8063993,-36.00000218E-3,
,,,-14.8031988,-32.00000152E-3,
,,,-14.7999992,-28.00000086E-3,
,,,-14.7967987,-28.00000086E-3,
,,,-14.7935991,-20.0000014E-3,
,,,-14.7903996,-16.0000008E-3,
,,,-14.7871990,-12.0000001E-3,
,,,-14.7839994,-8.000000380E-3,
,,,-14.7807989,8.000000380E-3,
,,,-14.7775993,8.000000380E-3,
,,,-14.7743988,16.0000008E-3,
,,,-14.7711992,20.0000014E-3,
,,,-14.7679996,28.00000086E-3,
,,,-14.7647991,28.00000086E-3,
,,,-14.7615995,40.00000283E-3,
,,,-14.7583990,36.00000218E-3,
,,,-14.7551994,44.00000349E-3,
,,,-14.7519989,40.00000283E-3,
,,,-14.7487993,44.00000349E-3,
,,,-14.7455988,36.00000218E-3,
,,,-14.7423992,48.00000042E-3,
,,,-14.7391996,52.00000107E-3,
,,,-14.7359991,44.00000349E-3,
,,,-14.7327995,44.00000349E-3,
,,,-14.7295990,44.00000349E-3,
,,,-14.7263994,36.00000218E-3,
,,,-14.7231989,36.00000218E-3,
,,,-14.7199993,44.00000349E-3,
,,,-14.7167988,56.000001729E-3,
,,,-14.7135992,36.00000218E-3,
,,,-14.7103996,32.00000152E-3,
,,,-14.7071991,28.00000086E-3,
,,,-14.7039995,36.00000218E-3,
,,,-14.7007990,32.00000152E-3,
,,,-14.6975994,32.00000152E-3,
,,,-14.6943989,28.00000086E-3,
,,,-14.6911993,20.0000014E-3,
,,,-14.6879988,8.000000380E-3,
,,,-14.6847992,0.0,
,,,-14.6815996,20.0000014E-3,
,,,-14.6783991,16.0000008E-3,
,,,-14.6751995,0.0,
,,,-14.6719990,-4.00000019E-3,
,,,-14.6687994,-4.00000019E-3,
,,,-14.6655989,4.00000019E-3,
,,,-14.6623993,-16.0000008E-3,
,,,-14.6591988,-28.00000086E-3,
,,,-14.6559992,-12.0000001E-3,
,,,-14.6527996,-16.0000008E-3,
,,,-14.6495991,-20.0000014E-3,
,,,-14.6463995,-12.0000001E-3,
,,,-14.6431990,-20.0000014E-3,
,,,-14.6399994,-24.00000021E-3,
,,,-14.6367989,-16.0000008E-3,
,,,-14.6335993,-28.00000086E-3,
,,,-14.6303988,-24.00000021E-3,
,,,-14.6271992,-32.00000152E-3,
,,,-14.6239996,-28.00000086E-3,
,,,-14.6207991,-32.00000152E-3,
,,,-14.6175995,-16.0000008E-3,
,,,-14.6143990,-24.00000021E-3,
,,,-14.6111994,-24.00000021E-3,
,,,-14.6079988,-36.00000218E-3,
,,,-14.6047993,-28.00000086E-3,
,,,-14.6015987,-16.0000008E-3,
,,,-14.5983992,-24.00000021E-3,
,,,-14.5951996,-16.0000008E-3,
,,,-14.5919991,-16.0000008E-3,
,,,-14.5887995,-28.00000086E-3,
,,,-14.5855989,-16.0000008E-3,
,,,-14.5823994,-20.0000014E-3,
,,,-14.5791988,-20.0000014E-3,
,,,-14.5759993,-16.0000008E-3,
,,,-14.5727987,-12.0000001E-3,
,,,-14.5695992,-16.0000008E-3,
,,,-14.5663996,-28.00000086E-3,
,,,-14.5631990,-8.000000380E-3,
,,,-14.5599995,-4.00000019E-3,
,,,-14.5567989,-4.00000019E-3,
,,,-14.5535994,-4.00000019E-3,
,,,-14.5503988,-12.0000001E-3,
,,,-14.5471992,0.0,
,,,-14.5439987,-20.0000014E-3,
,,,-14.5407991,-16.0000008E-3,
,,,-14.5375996,0.0,
,,,-14.5343990,8.000000380E-3,
,,,-14.5311995,0.0,
,,,-14.5279989,12.0000001E-3,
,,,-14.5247993,8.000000380E-3,
,,,-14.5215988,4.00000019E-3,
,,,-14.5183992,4.00000019E-3,
,,,-14.5151987,12.0000001E-3,
,,,-14.5119991,12.0000001E-3,
,,,-14.5087996,20.0000014E-3,
,,,-14.5055990,20.0000014E-3,
,,,-14.5023994,4.00000019E-3,
,,,-14.4991989,16.0000008E-3,
,,,-14.4959993,20.0000014E-3,
,,,-14.4927988,20.0000014E-3,
,,,-14.4895992,24.00000021E-3,
,,,-14.4863987,20.0000014E-3,
,,,-14.4831991,24.00000021E-3,
,,,-14.4799995,24.00000021E-3,
,,,-14.4767990,20.0000014E-3,
,,,-14.4735994,28.00000086E-3,
,,,-14.4703989,28.00000086E-3,
,,,-14.4671993,40.00000283E-3,
,,,-14.4639988,12.0000001E-3,
,,,-14.4607992,20.0000014E-3,
,,,-14.4575996,24.00000021E-3,
,,,-14.4543991,12.0000001E-3,
,,,-14.4511995,20.0000014E-3,
,,,-14.4479990,24.00000021E-3,
,,,-14.4447994,16.0000008E-3,
,,,-14.4415989,20.0000014E-3,
,,,-14.4383993,24.00000021E-3,
,,,-14.4351988,24.00000021E-3,
,,,-14.4319992,16.0000008E-3,
,,,-14.4287996,20.0000014E-3,
,,,-14.4255991,8.000000380E-3,
,,,-14.4223995,0.0,
,,,-14.4191990,8.000000380E-3,
,,,-14.4159994,8.000000380E-3,
,,,-14.4127989,4.00000019E-3,
,,,-14.4095993,4.00000019E-3,
,,,-14.4063988,-8.000000380E-3,
,,,-14.4031992,8.000000380E-3,
,,,-14.3999996,-4.00000019E-3,
,,,-14.3967991,-16.0000008E-3,
,,,-14.3935995,-12.0000001E-3,
,,,-14.3903990,-12.0000001E-3,
,,,-14.3871994,-24.00000021E-3,
,,,-14.3839989,-12.0000001E-3,
,,,-14.3807993,-16.0000008E-3,
,,,-14.3775988,-28.00000086E-3,
,,,-14.3743992,-28.00000086E-3,
,,,-14.3711996,-36.00000218E-3,
,,,-14.3679991,-32.00000152E-3,
,,,-14.3647995,-36.00000218E-3,
,,,-14.3615990,-40.00000283E-3,
,,,-14.3583994,-40.00000283E-3,
,,,-14.3551989,-48.00000042E-3,
,,,-14.3519993,-36.00000218E-3,
,,,-14.3487988,-56.000001729E-3,
,,,-14.3455992,-48.00000042E-3,
,,,-14.3423996,-60.000002384E-3,
,,,-14.3391991,-52.00000107E-3,
,,,-14.3359995,-56.000001729E-3,
,,,-14.3327990,-52.00000107E-3,
,,,-14.3295994,-52.00000107E-3,
,,,-14.3263988,-48.00000042E-3,
,,,-14.3231993,-44.00000349E-3,
,,,-14.3199987,-52.00000107E-3,
,,,-14.3167992,-28.00000086E-3,
,,,-14.3135996,-48.00000042E-3,
,,,-14.3103991,-44.00000349E-3,
,,,-14.3071995,-40.00000283E-3,
,,,-14.3039989,-40.00000283E-3,
,,,-14.3007994,-36.00000218E-3,
,,,-14.2975988,-44.00000349E-3,
,,,-14.2943993,-32.00000152E-3,
,,,-14.2911987,-32.00000152E-3,
,,,-14.2879992,-36.00000218E-3,
,,,-14.2847996,-36.00000218E-3,
,,,-14.2815990,-20.0000014E-3,
,,,-14.2783995,-32.00000152E-3,
,,,-14.2751989,-28.00000086E-3,
,,,-14.2719994,-32.00000152E-3,
,,,-14.2687988,-32.00000152E-3,
,,,-14.2655993,-28.00000086E-3,
,,,-14.2623987,-24.00000021E-3,
,,,-14.2591991,-32.00000152E-3,
,,,-14.2559996,-28.00000086E-3,
,,,-14.2527990,-36.00000218E-3,
,,,-14.2495995,-28.00000086E-3,
,,,-14.2463989,-24.00000021E-3,
,,,-14.2431993,-40.00000283E-3,
,,,-14.2399988,-28.00000086E-3,
,,,-14.2367992,-24.00000021E-3,
,,,-14.2335987,-28.00000086E-3,
,,,-14.2303991,-20.0000014E-3,
,,,-14.2271996,-20.0000014E-3,
,,,-14.2239990,-16.0000008E-3,
,,,-14.2207994,-20.0000014E-3,
,,,-14.2175989,-20.0000014E-3,
,,,-14.2143993,-16.0000008E-3,
,,,-14.2111988,-16.0000008E-3,
,,,-14.2079992,-16.0000008E-3,
,,,-14.2047987,-16.0000008E-3,
,,,-14.2015991,-4.00000019E-3,
,,,-14.1983995,-12.0000001E-3,
,,,-14.1951990,-12.0000001E-3,
,,,-14.1919994,-12.0000001E-3,
,,,-14.1887989,-12.0000001E-3,
,,,-14.1855993,0.0,
,,,-14.1823988,-8.000000380E-3,
,,,-14.1791992,-4.00000019E-3,
,,,-14.1759987,0.0,
,,,-14.1727991,-4.00000019E-3,
,,,-14.1695995,4.00000019E-3,
,,,-14.1663990,12.0000001E-3,
,,,-14.1631994,24.00000021E-3,
,,,-14.1599989,8.000000380E-3,
,,,-14.1567993,16.0000008E-3,
,,,-14.1535988,12.0000001E-3,
,,,-14.1503992,32.00000152E-3,
,,,-14.1471987,20.0000014E-3,
,,,-14.1439991,40.00000283E-3,
,,,-14.1407995,36.00000218E-3,
,,,-14.1375990,36.00000218E-3,
,,,-14.1343994,40.00000283E-3,
,,,-14.1311989,44.00000349E-3,
,,,-14.1279993,48.00000042E-3,
,,,-14.1247988,52.00000107E-3,
,,,-14.1215992,48.00000042E-3,
,,,-14.1183996,60.000002384E-3,
,,,-14.1151991,56.000001729E-3,
,,,-14.1119995,64.000003040E-3,
,,,-14.1087990,60.000002384E-3,
,,,-14.1055994,72.000004351E-3,
,,,-14.1023989,64.000003040E-3,
,,,-14.0991993,68.000003695E-3,
,,,-14.0959988,60.000002384E-3,
,,,-14.0927992,68.000003695E-3,
,,,-14.0895996,68.000003695E-3,
,,,-14.0863991,76.000005007E-3,
,,,-14.0831995,68.000003695E-3,
,,,-14.0799990,52.00000107E-3,
,,,-14.0767994,56.000001729E-3,
,,,-14.0735989,56.000001729E-3,
,,,-14.0703993,56.000001729E-3,
,,,-14.0671988,56.000001729E-3,
,,,-14.0639992,56.000001729E-3,
,,,-14.0607996,52.00000107E-3,
,,,-14.0575991,52.00000107E-3,
,,,-14.0543995,44.00000349E-3,
,,,-14.0511990,48.00000042E-3,
,,,-14.0479994,36.00000218E-3,
,,,-14.0447989,40.00000283E-3,
,,,-14.0415993,44.00000349E-3,
,,,-14.0383987,28.00000086E-3,
,,,-14.0351992,20.0000014E-3,
,,,-14.0319996,12.0000001E-3,
,,,-14.0287991,12.0000001E-3,
,,,-14.0255995,12.0000001E-3,
,,,-14.0223989,4.00000019E-3,
,,,-14.0191994,4.00000019E-3,
,,,-14.0159988,12.0000001E-3,
,,,-14.0127993,-4.00000019E-3,
,,,-14.0095987,0.0,
,,,-14.0063992,-12.0000001E-3,
,,,-14.0031996,-12.0000001E-3,
,,,-13.9999990,-12.0000001E-3,
,,,-13.9967995,-20.0000014E-3,
,,,-13.9935989,-24.00000021E-3,
,,,-13.9903994,-24.00000021E-3,
,,,-13.9871988,-36.00000218E-3,
,,,-13.9839993,-12.0000001E-3,
,,,-13.9807987,-32.00000152E-3,
,,,-13.9775991,-28.00000086E-3,
,,,-13.9743996,-40.00000283E-3,
,,,-13.9711990,-32.00000152E-3,
,,,-13.9679995,-44.00000349E-3,
,,,-13.9647989,-36.00000218E-3,
,,,-13.9615993,-52.00000107E-3,
,,,-13.9583988,-36.00000218E-3,
,,,-13.9551992,-36.00000218E-3,
,,,-13.9519987,-32.00000152E-3,
,,,-13.9487991,-40.00000283E-3,
,,,-13.9455996,-28.00000086E-3,
,,,-13.9423990,-8.000000380E-3,
,,,-13.9391994,-16.0000008E-3,
,,,-13.9359989,8.000000380E-3,
,,,-13.9327993,0.0,
,,,-13.9295988,4.00000019E-3,
,,,-13.9263992,12.0000001E-3,
,,,-13.9231987,28.00000086E-3,
,,,-13.9199991,40.00000283E-3,
,,,-13.9167995,32.00000152E-3,
,,,-13.9135990,36.00000218E-3,
,,,-13.9103994,52.00000107E-3,
,,,-13.9071989,64.000003040E-3,
,,,-13.9039993,92.000007629E-3,
,,,-13.9007988,64.000003040E-3,
,,,-13.8975992,72.000004351E-3,
,,,-13.8943987,68.000003695E-3,
,,,-13.8911991,80.000005662E-3,
,,,-13.8879995,88.000006974E-3,
,,,-13.8847990,116.0000041E-3,
,,,-13.8815994,92.000007629E-3,
,,,-13.8783989,96.000000834E-3,
,,,-13.8751993,88.000006974E-3,
,,,-13.8719988,104.0000021E-3,
,,,-13.8687992,112.0000035E-3,
,,,-13.8655987,96.000000834E-3,
,,,-13.8623991,120.0000048E-3,
,,,-13.8591995,96.000000834E-3,
,,,-13.8559990,88.000006974E-3,
,,,-13.8527994,92.000007629E-3,
,,,-13.8495989,92.000007629E-3,
,,,-13.8463993,88.000006974E-3,
,,,-13.8431988,88.000006974E-3,
,,,-13.8399992,72.000004351E-3,
,,,-13.8367987,72.000004351E-3,
,,,-13.8335991,60.000002384E-3,
,,,-13.8303995,56.000001729E-3,
,,,-13.8271990,56.000001729E-3,
,,,-13.8239994,32.00000152E-3,
,,,-13.8207989,44.00000349E-3,
,,,-13.8175993,24.00000021E-3,
,,,-13.8143988,32.00000152E-3,
,,,-13.8111992,16.0000008E-3,
,,,-13.8079996,20.0000014E-3,
,,,-13.8047991,4.00000019E-3,
,,,-13.8015995,4.00000019E-3,
,,,-13.7983990,0.0,
,,,-13.7951994,-4.00000019E-3,
,,,-13.7919989,-12.0000001E-3,
,,,-13.7887993,-16.0000008E-3,
,,,-13.7855988,-20.0000014E-3,
,,,-13.7823992,-32.00000152E-3,
,,,-13.7791996,-32.00000152E-3,
,,,-13.7759991,-32.00000152E-3,
,,,-13.7727995,-36.00000218E-3,
,,,-13.7695990,-44.00000349E-3,
,,,-13.7663994,-48.00000042E-3,
,,,-13.7631989,-56.000001729E-3,
,,,-13.7599993,-64.000003040E-3,
,,,-13.7567987,-52.00000107E-3,
,,,-13.7535992,-64.000003040E-3,
,,,-13.7503996,-60.000002384E-3,
,,,-13.7471991,-48.00000042E-3,
,,,-13.7439995,-72.000004351E-3,
,,,-13.7407990,-80.000005662E-3,
,,,-13.7375994,-72.000004351E-3,
,,,-13.7343988,-60.000002384E-3,
,,,-13.7311993,-60.000002384E-3,
,,,-13.7279987,-56.000001729E-3,
,,,-13.7247992,-52.00000107E-3,
,,,-13.7215996,-56.000001729E-3,
,,,-13.7183990,-56.000001729E-3,
,,,-13.7151995,-56.000001729E-3,
,,,-13.7119989,-76.000005007E-3,
,,,-13.7087994,-52.00000107E-3,
,,,-13.7055988,-52.00000107E-3,
,,,-13.7023993,-48.00000042E-3,
,,,-13.6991987,-56.000001729E-3,
,,,-13.6959991,-40.00000283E-3,
,,,-13.6927996,-48.00000042E-3,
,,,-13.6895990,-40.00000283E-3,
,,,-13.6863995,-28.00000086E-3,
,,,-13.6831989,-48.00000042E-3,
,,,-13.6799994,-36.00000218E-3,
,,,-13.6767988,-24.00000021E-3,
,,,-13.6735992,-28.00000086E-3,
,,,-13.6703987,-24.00000021E-3,
,,,-13.6671991,-24.00000021E-3,
,,,-13.6639996,-24.00000021E-3,
,,,-13.6607990,-24.00000021E-3,
,,,-13.6575994,-24.00000021E-3,
,,,-13.6543989,-16.0000008E-3,
,,,-13.6511993,-12.0000001E-3,
,,,-13.6479988,-12.0000001E-3,
,,,-13.6447992,-12.0000001E-3,
,,,-13.6415987,-12.0000001E-3,
,,,-13.6383991,-16.0000008E-3,
,,,-13.6351995,-8.000000380E-3,
,,,-13.6319990,-4.00000019E-3,
,,,-13.6287994,-8.000000380E-3,
,,,-13.6255989,-4.00000019E-3,
,,,-13.6223993,4.00000019E-3,
,,,-13.6191988,0.0,
,,,-13.6159992,8.000000380E-3,
,,,-13.6127987,4.00000019E-3,
,,,-13.6095991,4.00000019E-3,
,,,-13.6063995,0.0,
,,,-13.6031990,16.0000008E-3,
,,,-13.5999994,12.0000001E-3,
,,,-13.5967989,4.00000019E-3,
,,,-13.5935993,20.0000014E-3,
,,,-13.5903988,16.0000008E-3,
,,,-13.5871992,20.0000014E-3,
,,,-13.5839987,0.0,
,,,-13.5807991,16.0000008E-3,
,,,-13.5775995,24.00000021E-3,
,,,-13.5743990,24.00000021E-3,
,,,-13.5711994,24.00000021E-3,
,,,-13.5679989,8.000000380E-3,
,,,-13.5647993,24.00000021E-3,
,,,-13.5615988,8.000000380E-3,
,,,-13.5583992,24.00000021E-3,
,,,-13.5551987,24.00000021E-3,
,,,-13.5519991,12.0000001E-3,
,,,-13.5487995,24.00000021E-3,
,,,-13.5455990,24.00000021E-3,
,,,-13.5423994,24.00000021E-3,
,,,-13.5391989,16.0000008E-3,
,,,-13.5359993,20.0000014E-3,
,,,-13.5327988,20.0000014E-3,
,,,-13.5295992,16.0000008E-3,
,,,-13.5263987,20.0000014E-3,
,,,-13.5231991,28.00000086E-3,
,,,-13.5199995,8.000000380E-3,
,,,-13.5167990,12.0000001E-3,
,,,-13.5135994,16.0000008E-3,
,,,-13.5103989,8.000000380E-3,
,,,-13.5071993,12.0000001E-3,
,,,-13.5039988,20.0000014E-3,
,,,-13.5007992,12.0000001E-3,
,,,-13.4975986,12.0000001E-3,
,,,-13.4943991,8.000000380E-3,
,,,-13.4911995,0.0,
,,,-13.4879990,12.0000001E-3,
,,,-13.4847994,-4.00000019E-3,
,,,-13.4815989,4.00000019E-3,
,,,-13.4783993,0.0,
,,,-13.4751987,0.0,
,,,-13.4719992,-4.00000019E-3,
,,,-13.4687996,-4.00000019E-3,
,,,-13.4655991,4.00000019E-3,
,,,-13.4623995,0.0,
,,,-13.4591990,4.00000019E-3,
,,,-13.4559994,0.0,
,,,-13.4527988,-8.000000380E-3,
,,,-13.4495993,-4.00000019E-3,
,,,-13.4463987,-12.0000001E-3,
,,,-13.4431992,-12.0000001E-3,
,,,-13.4399996,-12.0000001E-3,
,,,-13.4367990,-4.00000019E-3,
,,,-13.4335995,-8.000000380E-3,
,,,-13.4303989,-12.0000001E-3,
,,,-13.4271994,-4.00000019E-3,
,,,-13.4239988,-4.00000019E-3,
,,,-13.4207993,4.00000019E-3,
,,,-13.4175987,-16.0000008E-3,
,,,-13.4143991,-12.0000001E-3,
,,,-13.4111996,-16.0000008E-3,
,,,-13.4079990,-24.00000021E-3,
,,,-13.4047995,-8.000000380E-3,
,,,-13.4015989,-16.0000008E-3,
,,,-13.3983994,-12.0000001E-3,
,,,-13.3951988,-4.00000019E-3,
,,,-13.3919992,-4.00000019E-3,
,,,-13.3887987,-12.0000001E-3,
,,,-13.3855991,-16.0000008E-3,
,,,-13.3823996,0.0,
,,,-13.3791990,-4.00000019E-3,
,,,-13.3759995,-4.00000019E-3,
,,,-13.3727989,-4.00000019E-3,
,,,-13.3695993,4.00000019E-3,
,,,-13.3663988,16.0000008E-3,
,,,-13.3631992,-4.00000019E-3,
,,,-13.3599987,12.0000001E-3,
,,,-13.3567991,0.0,
,,,-13.3535995,4.00000019E-3,
,,,-13.3503990,8.000000380E-3,
,,,-13.3471994,4.00000019E-3,
,,,-13.3439989,12.0000001E-3,
,,,-13.3407993,8.000000380E-3,
,,,-13.3375988,8.000000380E-3,
,,,-13.3343992,8.000000380E-3,
,,,-13.3311987,4.00000019E-3,
,,,-13.3279991,4.00000019E-3,
,,,-13.3247995,4.00000019E-3,
,,,-13.3215990,-12.0000001E-3,
,,,-13.3183994,8.000000380E-3,
,,,-13.3151989,8.000000380E-3,
,,,-13.3119993,-12.0000001E-3,
,,,-13.3087988,12.0000001E-3,
,,,-13.3055992,12.0000001E-3,
,,,-13.3023987,16.0000008E-3,
,,,-13.2991991,12.0000001E-3,
,,,-13.2959995,24.00000021E-3,
,,,-13.2927990,16.0000008E-3,
,,,-13.2895994,8.000000380E-3,
,,,-13.2863989,-4.00000019E-3,
,,,-13.2831993,8.000000380E-3,
,,,-13.2799988,4.00000019E-3,
,,,-13.2767992,12.0000001E-3,
,,,-13.2735987,8.000000380E-3,
,,,-13.2703991,12.0000001E-3,
,,,-13.2671995,20.0000014E-3,
,,,-13.2639990,24.00000021E-3,
,,,-13.2607994,20.0000014E-3,
,,,-13.2575989,24.00000021E-3,
,,,-13.2543993,24.00000021E-3,
,,,-13.2511988,24.00000021E-3,
,,,-13.2479992,36.00000218E-3,
,,,-13.2447987,32.00000152E-3,
,,,-13.2415991,28.00000086E-3,
,,,-13.2383995,28.00000086E-3,
,,,-13.2351990,8.000000380E-3,
,,,-13.2319994,32.00000152E-3,
,,,-13.2287989,32.00000152E-3,
,,,-13.2255993,36.00000218E-3,
,,,-13.2223988,20.0000014E-3,
,,,-13.2191992,32.00000152E-3,
,,,-13.2159986,40.00000283E-3,
,,,-13.2127991,28.00000086E-3,
,,,-13.2095995,24.00000021E-3,
,,,-13.2063990,24.00000021E-3,
,,,-13.2031994,20.0000014E-3,
,,,-13.1999989,20.0000014E-3,
,,,-13.1967993,24.00000021E-3,
,,,-13.1935987,24.00000021E-3,
,,,-13.1903992,8.000000380E-3,
,,,-13.1871986,4.00000019E-3,
,,,-13.1839991,12.0000001E-3,
,,,-13.1807995,8.000000380E-3,
,,,-13.1775990,16.0000008E-3,
,,,-13.1743994,-8.000000380E-3,
,,,-13.1711988,0.0,
,,,-13.1679993,4.00000019E-3,
,,,-13.1647987,0.0,
,,,-13.1615992,-4.00000019E-3,
,,,-13.1583996,-4.00000019E-3,
,,,-13.1551991,-12.0000001E-3,
,,,-13.1519995,-12.0000001E-3,
,,,-13.1487989,-8.000000380E-3,
,,,-13.1455994,-12.0000001E-3,
,,,-13.1423988,-8.000000380E-3,
,,,-13.1391993,-16.0000008E-3,
,,,-13.1359987,-16.0000008E-3,
,,,-13.1327991,-20.0000014E-3,
,,,-13.1295996,-16.0000008E-3,
,,,-13.1263990,-24.00000021E-3,
,,,-13.1231995,-16.0000008E-3,
,,,-13.1199989,-12.0000001E-3,
,,,-13.1167994,-24.00000021E-3,
,,,-13.1135988,-24.00000021E-3,
,,,-13.1103992,-24.00000021E-3,
,,,-13.1071987,-4.00000019E-3,
,,,-13.1039991,-20.0000014E-3,
,,,-13.1007996,-12.0000001E-3,
,,,-13.0975990,-20.0000014E-3,
,,,-13.0943995,-20.0000014E-3,
,,,-13.0911989,-16.0000008E-3,
,,,-13.0879993,-20.0000014E-3,
,,,-13.0847988,-20.0000014E-3,
,,,-13.0815992,-20.0000014E-3,
,,,-13.0783987,-12.0000001E-3,
,,,-13.0751991,-8.000000380E-3,
,,,-13.0719995,8.000000380E-3,
,,,-13.0687990,4.00000019E-3,
,,,-13.0655994,0.0,
,,,-13.0623989,4.00000019E-3,
,,,-13.0591993,12.0000001E-3,
,,,-13.0559988,16.0000008E-3,
,,,-13.0527992,20.0000014E-3,
,,,-13.0495987,24.00000021E-3,
,,,-13.0463991,20.0000014E-3,
,,,-13.0431995,40.00000283E-3,
,,,-13.0399990,16.0000008E-3,
,,,-13.0367994,40.00000283E-3,
,,,-13.0335989,40.00000283E-3,
,,,-13.0303993,44.00000349E-3,
,,,-13.0271988,52.00000107E-3,
,,,-13.0239992,60.000002384E-3,
,,,-13.0207987,52.00000107E-3,
,,,-13.0175991,56.000001729E-3,
,,,-13.0143995,60.000002384E-3,
,,,-13.0111990,64.000003040E-3,
,,,-13.0079994,48.00000042E-3,
,,,-13.0047989,56.000001729E-3,
,,,-13.0015993,52.00000107E-3,
,,,-12.9983988,52.00000107E-3,
,,,-12.9951992,48.00000042E-3,
,,,-12.9919987,48.00000042E-3,
,,,-12.9887991,36.00000218E-3,
,,,-12.9855995,36.00000218E-3,
,,,-12.9823990,44.00000349E-3,
,,,-12.9791994,32.00000152E-3,
,,,-12.9759989,32.00000152E-3,
,,,-12.9727993,24.00000021E-3,
,,,-12.9695988,16.0000008E-3,
,,,-12.9663992,4.00000019E-3,
,,,-12.9631987,8.000000380E-3,
,,,-12.9599991,0.0,
,,,-12.9567995,-4.00000019E-3,
,,,-12.9535990,-24.00000021E-3,
,,,-12.9503994,-12.0000001E-3,
,,,-12.9471989,-16.0000008E-3,
,,,-12.9439993,-20.0000014E-3,
,,,-12.9407988,-12.0000001E-3,
,,,-12.9375992,-28.00000086E-3,
,,,-12.9343987,-32.00000152E-3,
,,,-12.9311991,-36.00000218E-3,
,,,-12.9279995,-36.00000218E-3,
,,,-12.9247990,-36.00000218E-3,
,,,-12.9215994,-36.00000218E-3,
,,,-12.9183989,-52.00000107E-3,
,,,-12.9151993,-44.00000349E-3,
,,,-12.9119987,-52.00000107E-3,
,,,-12.9087992,-32.00000152E-3,
,,,-12.9055986,-68.000003695E-3,
,,,-12.9023991,-72.000004351E-3,
,,,-12.8991995,-64.000003040E-3,
,,,-12.8959990,-68.000003695E-3,
,,,-12.8927994,-60.000002384E-3,
,,,-12.8895988,-60.000002384E-3,
,,,-12.8863993,-64.000003040E-3,
,,,-12.8831987,-60.000002384E-3,
,,,-12.8799992,-64.000003040E-3,
,,,-12.8767986,-56.000001729E-3,
,,,-12.8735991,-56.000001729E-3,
,,,-12.8703995,-52.00000107E-3,
,,,-12.8671989,-56.000001729E-3,
,,,-12.8639994,-52.00000107E-3,
,,,-12.8607988,-48.00000042E-3,
,,,-12.8575993,-48.00000042E-3,
,,,-12.8543987,-52.00000107E-3,
,,,-12.8511992,-48.00000042E-3,
,,,-12.8479986,-40.00000283E-3,
,,,-12.8447990,-40.00000283E-3,
,,,-12.8415995,-36.00000218E-3,
,,,-12.8383989,-32.00000152E-3,
,,,-12.8351994,-36.00000218E-3,
,,,-12.8319988,-24.00000021E-3,
,,,-12.8287992,-32.00000152E-3,
,,,-12.8255987,-56.000001729E-3,
,,,-12.8223991,-16.0000008E-3,
,,,-12.8191996,-24.00000021E-3,
,,,-12.8159990,-28.00000086E-3,
,,,-12.8127995,-16.0000008E-3,
,,,-12.8095989,-16.0000008E-3,
,,,-12.8063993,-8.000000380E-3,
,,,-12.8031988,-4.00000019E-3,
,,,-12.7999992,0.0,
,,,-12.7967987,-16.0000008E-3,
,,,-12.7935991,-8.000000380E-3,
,,,-12.7903996,-4.00000019E-3,
,,,-12.7871990,-4.00000019E-3,
,,,-12.7839994,-4.00000019E-3,
,,,-12.7807989,0.0,
,,,-12.7775993,4.00000019E-3,
,,,-12.7743988,8.000000380E-3,
,,,-12.7711992,4.00000019E-3,
,,,-12.7679987,4.00000019E-3,
,,,-12.7647991,4.00000019E-3,
,,,-12.7615995,8.000000380E-3,
,,,-12.7583990,8.000000380E-3,
,,,-12.7551994,8.000000380E-3,
,,,-12.7519989,12.0000001E-3,
,,,-12.7487993,8.000000380E-3,
,,,-12.7455988,8.000000380E-3,
,,,-12.7423992,8.000000380E-3,
,,,-12.7391987,12.0000001E-3,
,,,-12.7359991,8.000000380E-3,
,,,-12.7327995,16.0000008E-3,
,,,-12.7295990,20.0000014E-3,
,,,-12.7263994,20.0000014E-3,
,,,-12.7231989,20.0000014E-3,
,,,-12.7199993,20.0000014E-3,
,,,-12.7167988,20.0000014E-3,
,,,-12.7135992,20.0000014E-3,
,,,-12.7103987,20.0000014E-3,
,,,-12.7071991,24.00000021E-3,
,,,-12.7039995,36.00000218E-3,
,,,-12.7007990,32.00000152E-3,
,,,-12.6975994,24.00000021E-3,
,,,-12.6943989,24.00000021E-3,
,,,-12.6911993,24.00000021E-3,
,,,-12.6879988,28.00000086E-3,
,,,-12.6847992,32.00000152E-3,
,,,-12.6815987,24.00000021E-3,
,,,-12.6783991,20.0000014E-3,
,,,-12.6751995,28.00000086E-3,
,,,-12.6719990,32.00000152E-3,
,,,-12.6687994,28.00000086E-3,
,,,-12.6655989,24.00000021E-3,
,,,-12.6623993,44.00000349E-3,
,,,-12.6591988,28.00000086E-3,
,,,-12.6559992,44.00000349E-3,
,,,-12.6527987,36.00000218E-3,
,,,-12.6495991,28.00000086E-3,
,,,-12.6463995,12.0000001E-3,
,,,-12.6431990,36.00000218E-3,
,,,-12.6399994,24.00000021E-3,
,,,-12.6367989,24.00000021E-3,
,,,-12.6335993,40.00000283E-3,
,,,-12.6303988,40.00000283E-3,
,,,-12.6271992,44.00000349E-3,
,,,-12.6239986,40.00000283E-3,
,,,-12.6207991,44.00000349E-3,
,,,-12.6175995,36.00000218E-3,
,,,-12.6143990,40.00000283E-3,
,,,-12.6111994,36.00000218E-3,
,,,-12.6079988,36.00000218E-3,
,,,-12.6047993,32.00000152E-3,
,,,-12.6015987,24.00000021E-3,
,,,-12.5983992,28.00000086E-3,
,,,-12.5951986,20.0000014E-3,
,,,-12.5919991,24.00000021E-3,
,,,-12.5887995,12.0000001E-3,
,,,-12.5855989,20.0000014E-3,
,,,-12.5823994,8.000000380E-3,
,,,-12.5791988,12.0000001E-3,
,,,-12.5759993,20.0000014E-3,
,,,-12.5727987,4.00000019E-3,
,,,-12.5695992,0.0,
,,,-12.5663986,0.0,
,,,-12.5631990,4.00000019E-3,
,,,-12.5599995,-4.00000019E-3,
,,,-12.5567989,-12.0000001E-3,
,,,-12.5535994,-8.000000380E-3,
,,,-12.5503988,-12.0000001E-3,
,,,-12.5471992,-16.0000008E-3,
,,,-12.5439987,-20.0000014E-3,
,,,-12.5407991,-20.0000014E-3,
,,,-12.5375986,-24.00000021E-3,
,,,-12.5343990,-20.0000014E-3,
,,,-12.5311995,-24.00000021E-3,
,,,-12.5279989,-40.00000283E-3,
,,,-12.5247993,-20.0000014E-3,
,,,-12.5215988,-28.00000086E-3,
,,,-12.5183992,-24.00000021E-3,
,,,-12.5151987,-24.00000021E-3,
,,,-12.5119991,-24.00000021E-3,
,,,-12.5087986,-32.00000152E-3,
,,,-12.5055990,-36.00000218E-3,
,,,-12.5023994,-24.00000021E-3,
,,,-12.4991989,-32.00000152E-3,
,,,-12.4959993,-24.00000021E-3,
,,,-12.4927988,-28.00000086E-3,
,,,-12.4895992,-24.00000021E-3,
,,,-12.4863987,-20.0000014E-3,
,,,-12.4831991,-20.0000014E-3,
,,,-12.4799995,-8.000000380E-3,
,,,-12.4767990,-12.0000001E-3,
,,,-12.4735994,-20.0000014E-3,
,,,-12.4703989,-16.0000008E-3,
,,,-12.4671993,-4.00000019E-3,
,,,-12.4639988,-12.0000001E-3,
,,,-12.4607992,-12.0000001E-3,
,,,-12.4575987,-4.00000019E-3,
,,,-12.4543991,-16.0000008E-3,
,,,-12.4511995,-8.000000380E-3,
,,,-12.4479990,4.00000019E-3,
,,,-12.4447994,-4.00000019E-3,
,,,-12.4415989,-8.000000380E-3,
,,,-12.4383993,-4.00000019E-3,
,,,-12.4351988,-12.0000001E-3,
,,,-12.4319992,4.00000019E-3,
,,,-12.4287987,4.00000019E-3,
,,,-12.4255991,24.00000021E-3,
,,,-12.4223995,0.0,
,,,-12.4191990,8.000000380E-3,
,,,-12.4159994,8.000000380E-3,
,,,-12.4127989,8.000000380E-3,
,,,-12.4095993,8.000000380E-3,
,,,-12.4063988,4.00000019E-3,
,,,-12.4031992,16.0000008E-3,
,,,-12.3999987,8.000000380E-3,
,,,-12.3967991,12.0000001E-3,
,,,-12.3935995,4.00000019E-3,
,,,-12.3903990,12.0000001E-3,
,,,-12.3871994,8.000000380E-3,
,,,-12.3839989,4.00000019E-3,
,,,-12.3807993,20.0000014E-3,
,,,-12.3775988,12.0000001E-3,
,,,-12.3743992,16.0000008E-3,
,,,-12.3711987,8.000000380E-3,
,,,-12.3679991,8.000000380E-3,
,,,-12.3647995,12.0000001E-3,
,,,-12.3615990,16.0000008E-3,
,,,-12.3583994,12.0000001E-3,
,,,-12.3551989,12.0000001E-3,
,,,-12.3519993,8.000000380E-3,
,,,-12.3487988,8.000000380E-3,
,,,-12.3455992,8.000000380E-3,
,,,-12.3423986,0.0,
,,,-12.3391991,8.000000380E-3,
,,,-12.3359995,4.00000019E-3,
,,,-12.3327990,4.00000019E-3,
,,,-12.3295994,8.000000380E-3,
,,,-12.3263988,0.0,
,,,-12.3231993,-4.00000019E-3,
,,,-12.3199987,-8.000000380E-3,
,,,-12.3167992,0.0,
,,,-12.3135986,0.0,
,,,-12.3103991,-4.00000019E-3,
,,,-12.3071995,0.0,
,,,-12.3039989,0.0,
,,,-12.3007994,-8.000000380E-3,
,,,-12.2975988,0.0,
,,,-12.2943993,0.0,
,,,-12.2911987,-8.000000380E-3,
,,,-12.2879992,4.00000019E-3,
,,,-12.2847986,-12.0000001E-3,
,,,-12.2815990,0.0,
,,,-12.2783995,-12.0000001E-3,
,,,-12.2751989,-8.000000380E-3,
,,,-12.2719994,-12.0000001E-3,
,,,-12.2687988,-8.000000380E-3,
,,,-12.2655993,-12.0000001E-3,
,,,-12.2623987,-20.0000014E-3,
,,,-12.2591991,-20.0000014E-3,
,,,-12.2559986,-8.000000380E-3,
,,,-12.2527990,-12.0000001E-3,
,,,-12.2495995,-4.00000019E-3,
,,,-12.2463989,-4.00000019E-3,
,,,-12.2431993,8.000000380E-3,
,,,-12.2399988,-8.000000380E-3,
,,,-12.2367992,-8.000000380E-3,
,,,-12.2335987,-4.00000019E-3,
,,,-12.2303991,16.0000008E-3,
,,,-12.2271986,-12.0000001E-3,
,,,-12.2239990,0.0,
,,,-12.2207994,-4.00000019E-3,
,,,-12.2175989,0.0,
,,,-12.2143993,4.00000019E-3,
,,,-12.2111988,12.0000001E-3,
,,,-12.2079992,16.0000008E-3,
,,,-12.2047987,12.0000001E-3,
,,,-12.2015991,28.00000086E-3,
,,,-12.1983986,32.00000152E-3,
,,,-12.1951990,40.00000283E-3,
,,,-12.1919994,36.00000218E-3,
,,,-12.1887989,44.00000349E-3,
,,,-12.1855993,56.000001729E-3,
,,,-12.1823988,64.000003040E-3,
,,,-12.1791992,60.000002384E-3,
,,,-12.1759987,68.000003695E-3,
,,,-12.1727991,76.000005007E-3,
,,,-12.1695995,76.000005007E-3,
,,,-12.1663990,76.000005007E-3,
,,,-12.1631994,84.000006318E-3,
,,,-12.1599989,80.000005662E-3,
,,,-12.1567993,92.000007629E-3,
,,,-12.1535988,100.0000015E-3,
,,,-12.1503992,96.000000834E-3,
,,,-12.1471987,120.0000048E-3,
,,,-12.1439991,104.0000021E-3,
,,,-12.1407995,116.0000041E-3,
,,,-12.1375990,100.0000015E-3,
,,,-12.1343994,100.0000015E-3,
,,,-12.1311989,100.0000015E-3,
,,,-12.1279993,104.0000021E-3,
,,,-12.1247988,104.0000021E-3,
,,,-12.1215992,52.00000107E-3,
,,,-12.1183987,100.0000015E-3,
,,,-12.1151991,96.000000834E-3,
,,,-12.1119995,96.000000834E-3,
,,,-12.1087990,88.000006974E-3,
,,,-12.1055994,96.000000834E-3,
,,,-12.1023989,84.000006318E-3,
,,,-12.0991993,84.000006318E-3,
,,,-12.0959988,68.000003695E-3,
,,,-12.0927992,64.000003040E-3,
,,,-12.0895987,68.000003695E-3,
,,,-12.0863991,52.00000107E-3,
,,,-12.0831995,56.000001729E-3,
,,,-12.0799990,44.00000349E-3,
,,,-12.0767994,44.00000349E-3,
,,,-12.0735989,40.00000283E-3,
,,,-12.0703993,36.00000218E-3,
,,,-12.0671988,4.00000019E-3,
,,,-12.0639992,36.00000218E-3,
,,,-12.0607986,24.00000021E-3,
,,,-12.0575991,12.0000001E-3,
,,,-12.0543995,8.000000380E-3,
,,,-12.0511990,4.00000019E-3,
,,,-12.0479994,-8.000000380E-3,
,,,-12.0447989,-4.00000019E-3,
,,,-12.0415993,-36.00000218E-3,
,,,-12.0383987,-20.0000014E-3,
,,,-12.0351992,-28.00000086E-3,
,,,-12.0319986,-32.00000152E-3,
,,,-12.0287991,-40.00000283E-3,
,,,-12.0255995,-44.00000349E-3,
,,,-12.0223989,-48.00000042E-3,
,,,-12.0191994,-56.000001729E-3,
,,,-12.0159988,-48.00000042E-3,
,,,-12.0127993,-40.00000283E-3,
,,,-12.0095987,-52.00000107E-3,
,,,-12.0063992,-68.000003695E-3,
,,,-12.0031986,-56.000001729E-3,
,,,-11.9999990,-60.000002384E-3,
,,,-11.9967995,-68.000003695E-3,
,,,-11.9935989,-64.000003040E-3,
,,,-11.9903994,-68.000003695E-3,
,,,-11.9871988,-64.000003040E-3,
,,,-11.9839993,-72.000004351E-3,
,,,-11.9807987,-52.00000107E-3,
,,,-11.9775991,-68.000003695E-3,
,,,-11.9743986,-68.000003695E-3,
,,,-11.9711990,-64.000003040E-3,
,,,-11.9679995,-60.000002384E-3,
,,,-11.9647989,-64.000003040E-3,
,,,-11.9615993,-68.000003695E-3,
,,,-11.9583988,-60.000002384E-3,
,,,-11.9551992,-60.000002384E-3,
,,,-11.9519987,-52.00000107E-3,
,,,-11.9487991,-64.000003040E-3,
,,,-11.9455986,-60.000002384E-3,
,,,-11.9423990,-44.00000349E-3,
,,,-11.9391994,-52.00000107E-3,
,,,-11.9359989,-60.000002384E-3,
,,,-11.9327993,-56.000001729E-3,
,,,-11.9295988,-60.000002384E-3,
,,,-11.9263992,-60.000002384E-3,
,,,-11.9231987,-36.00000218E-3,
,,,-11.9199991,-48.00000042E-3,
,,,-11.9167986,-56.000001729E-3,
,,,-11.9135990,-52.00000107E-3,
,,,-11.9103994,-36.00000218E-3,
,,,-11.9071989,-44.00000349E-3,
,,,-11.9039993,-40.00000283E-3,
,,,-11.9007988,-32.00000152E-3,
,,,-11.8975992,-32.00000152E-3,
,,,-11.8943987,-36.00000218E-3,
,,,-11.8911991,-28.00000086E-3,
,,,-11.8879986,-28.00000086E-3,
,,,-11.8847990,-24.00000021E-3,
,,,-11.8815994,-16.0000008E-3,
,,,-11.8783989,-20.0000014E-3,
,,,-11.8751993,-12.0000001E-3,
,,,-11.8719988,-16.0000008E-3,
,,,-11.8687992,-12.0000001E-3,
,,,-11.8655987,0.0,
,,,-11.8623991,-16.0000008E-3,
,,,-11.8591986,-8.000000380E-3,
,,,-11.8559990,4.00000019E-3,
,,,-11.8527994,8.000000380E-3,
,,,-11.8495989,4.00000019E-3,
,,,-11.8463993,4.00000019E-3,
,,,-11.8431988,0.0,
,,,-11.8399992,12.0000001E-3,
,,,-11.8367987,12.0000001E-3,
,,,-11.8335991,12.0000001E-3,
,,,-11.8303995,12.0000001E-3,
,,,-11.8271990,16.0000008E-3,
,,,-11.8239994,24.00000021E-3,
,,,-11.8207989,28.00000086E-3,
,,,-11.8175993,16.0000008E-3,
,,,-11.8143988,20.0000014E-3,
,,,-11.8111992,32.00000152E-3,
,,,-11.8079987,36.00000218E-3,
,,,-11.8047991,28.00000086E-3,
,,,-11.8015995,24.00000021E-3,
,,,-11.7983990,16.0000008E-3,
,,,-11.7951994,24.00000021E-3,
,,,-11.7919989,20.0000014E-3,
,,,-11.7887993,24.00000021E-3,
,,,-11.7855988,12.0000001E-3,
,,,-11.7823992,20.0000014E-3,
,,,-11.7791986,24.00000021E-3,
,,,-11.7759991,16.0000008E-3,
,,,-11.7727995,12.0000001E-3,
,,,-11.7695990,24.00000021E-3,
,,,-11.7663994,28.00000086E-3,
,,,-11.7631989,24.00000021E-3,
,,,-11.7599993,16.0000008E-3,
,,,-11.7567987,16.0000008E-3,
,,,-11.7535992,16.0000008E-3,
,,,-11.7503986,16.0000008E-3,
,,,-11.7471991,4.00000019E-3,
,,,-11.7439995,8.000000380E-3,
,,,-11.7407990,4.00000019E-3,
,,,-11.7375994,4.00000019E-3,
,,,-11.7343988,8.000000380E-3,
,,,-11.7311993,8.000000380E-3,
,,,-11.7279987,0.0,
,,,-11.7247992,8.000000380E-3,
,,,-11.7215986,0.0,
,,,-11.7183990,-4.00000019E-3,
,,,-11.7151995,-8.000000380E-3,
,,,-11.7119989,-12.0000001E-3,
,,,-11.7087994,-16.0000008E-3,
,,,-11.7055988,-8.000000380E-3,
,,,-11.7023993,-16.0000008E-3,
,,,-11.6991987,-16.0000008E-3,
,,,-11.6959991,-12.0000001E-3,
,,,-11.6927986,-16.0000008E-3,
,,,-11.6895990,-20.0000014E-3,
,,,-11.6863995,-8.000000380E-3,
,,,-11.6831989,-40.00000283E-3,
,,,-11.6799994,-8.000000380E-3,
,,,-11.6767988,-20.0000014E-3,
,,,-11.6735992,-28.00000086E-3,
,,,-11.6703987,-28.00000086E-3,
,,,-11.6671991,-28.00000086E-3,
,,,-11.6639986,-32.00000152E-3,
,,,-11.6607990,-20.0000014E-3,
,,,-11.6575994,-20.0000014E-3,
,,,-11.6543989,-20.0000014E-3,
,,,-11.6511993,-20.0000014E-3,
,,,-11.6479988,-12.0000001E-3,
,,,-11.6447992,-20.0000014E-3,
,,,-11.6415987,-12.0000001E-3,
,,,-11.6383991,-12.0000001E-3,
,,,-11.6351986,-12.0000001E-3,
,,,-11.6319990,-12.0000001E-3,
,,,-11.6287994,-8.000000380E-3,
,,,-11.6255989,-24.00000021E-3,
,,,-11.6223993,-4.00000019E-3,
,,,-11.6191988,-12.0000001E-3,
,,,-11.6159992,-12.0000001E-3,
,,,-11.6127987,-8.000000380E-3,
,,,-11.6095991,-8.000000380E-3,
,,,-11.6063986,0.0,
,,,-11.6031990,-8.000000380E-3,
,,,-11.5999994,4.00000019E-3,
,,,-11.5967989,-8.000000380E-3,
,,,-11.5935993,-4.00000019E-3,
,,,-11.5903988,-4.00000019E-3,
,,,-11.5871992,-4.00000019E-3,
,,,-11.5839987,-8.000000380E-3,
,,,-11.5807991,4.00000019E-3,
,,,-11.5775986,0.0,
,,,-11.5743990,0.0,
,,,-11.5711994,4.00000019E-3,
,,,-11.5679989,8.000000380E-3,
,,,-11.5647993,8.000000380E-3,
,,,-11.5615988,0.0,
,,,-11.5583992,8.000000380E-3,
,,,-11.5551987,8.000000380E-3,
,,,-11.5519991,8.000000380E-3,
,,,-11.5487986,16.0000008E-3,
,,,-11.5455990,16.0000008E-3,
,,,-11.5423994,8.000000380E-3,
,,,-11.5391989,16.0000008E-3,
,,,-11.5359993,12.0000001E-3,
,,,-11.5327988,24.00000021E-3,
,,,-11.5295992,28.00000086E-3,
,,,-11.5263987,12.0000001E-3,
,,,-11.5231991,16.0000008E-3,
,,,-11.5199986,28.00000086E-3,
,,,-11.5167990,24.00000021E-3,
,,,-11.5135994,32.00000152E-3,
,,,-11.5103989,28.00000086E-3,
,,,-11.5071993,32.00000152E-3,
,,,-11.5039988,32.00000152E-3,
,,,-11.5007992,28.00000086E-3,
,,,-11.4975986,28.00000086E-3,
,,,-11.4943991,24.00000021E-3,
,,,-11.4911995,28.00000086E-3,
,,,-11.4879990,28.00000086E-3,
,,,-11.4847994,28.00000086E-3,
,,,-11.4815989,12.0000001E-3,
,,,-11.4783993,24.00000021E-3,
,,,-11.4751987,20.0000014E-3,
,,,-11.4719992,-16.0000008E-3,
,,,-11.4687986,20.0000014E-3,
,,,-11.4655991,16.0000008E-3,
,,,-11.4623995,20.0000014E-3,
,,,-11.4591990,8.000000380E-3,
,,,-11.4559994,4.00000019E-3,
,,,-11.4527988,8.000000380E-3,
,,,-11.4495993,12.0000001E-3,
,,,-11.4463987,12.0000001E-3,
,,,-11.4431992,8.000000380E-3,
,,,-11.4399986,20.0000014E-3,
,,,-11.4367990,12.0000001E-3,
,,,-11.4335995,8.000000380E-3,
,,,-11.4303989,12.0000001E-3,
,,,-11.4271994,12.0000001E-3,
,,,-11.4239988,12.0000001E-3,
,,,-11.4207993,8.000000380E-3,
,,,-11.4175987,8.000000380E-3,
,,,-11.4143991,8.000000380E-3,
,,,-11.4111986,8.000000380E-3,
,,,-11.4079990,20.0000014E-3,
,,,-11.4047995,4.00000019E-3,
,,,-11.4015989,8.000000380E-3,
,,,-11.3983994,8.000000380E-3,
,,,-11.3951988,16.0000008E-3,
,,,-11.3919992,12.0000001E-3,
,,,-11.3887987,16.0000008E-3,
,,,-11.3855991,28.00000086E-3,
,,,-11.3823986,28.00000086E-3,
,,,-11.3791990,16.0000008E-3,
,,,-11.3759995,20.0000014E-3,
,,,-11.3727989,20.0000014E-3,
,,,-11.3695993,20.0000014E-3,
,,,-11.3663988,24.00000021E-3,
,,,-11.3631992,40.00000283E-3,
,,,-11.3599987,24.00000021E-3,
,,,-11.3567991,28.00000086E-3,
,,,-11.3535986,32.00000152E-3,
,,,-11.3503990,32.00000152E-3,
,,,-11.3471994,36.00000218E-3,
,,,-11.3439989,44.00000349E-3,
,,,-11.3407993,44.00000349E-3,
,,,-11.3375988,56.000001729E-3,
,,,-11.3343992,60.000002384E-3,
,,,-11.3311987,56.000001729E-3,
,,,-11.3279991,48.00000042E-3,
,,,-11.3247986,68.000003695E-3,
,,,-11.3215990,76.000005007E-3,
,,,-11.3183994,84.000006318E-3,
,,,-11.3151989,88.000006974E-3,
,,,-11.3119993,92.000007629E-3,
,,,-11.3087988,92.000007629E-3,
,,,-11.3055992,100.0000015E-3,
,,,-11.3023987,104.0000021E-3,
,,,-11.2991991,108.0000028E-3,
,,,-11.2959986,108.0000028E-3,
,,,-11.2927990,84.000006318E-3,
,,,-11.2895994,100.0000015E-3,
,,,-11.2863989,108.0000028E-3,
,,,-11.2831993,112.0000035E-3,
,,,-11.2799988,140.0000006E-3,
,,,-11.2767992,104.0000021E-3,
,,,-11.2735987,104.0000021E-3,
,,,-11.2703991,104.0000021E-3,
,,,-11.2671986,100.0000015E-3,
,,,-11.2639990,96.000000834E-3,
,,,-11.2607994,92.000007629E-3,
,,,-11.2575989,92.000007629E-3,
,,,-11.2543993,80.000005662E-3,
,,,-11.2511988,76.000005007E-3,
,,,-11.2479992,80.000005662E-3,
,,,-11.2447987,76.000005007E-3,
,,,-11.2415991,76.000005007E-3,
,,,-11.2383986,60.000002384E-3,
,,,-11.2351990,56.000001729E-3,
,,,-11.2319994,44.00000349E-3,
,,,-11.2287989,44.00000349E-3,
,,,-11.2255993,36.00000218E-3,
,,,-11.2223988,36.00000218E-3,
,,,-11.2191992,40.00000283E-3,
,,,-11.2159986,24.00000021E-3,
,,,-11.2127991,16.0000008E-3,
,,,-11.2095985,8.000000380E-3,
,,,-11.2063990,12.0000001E-3,
,,,-11.2031994,4.00000019E-3,
,,,-11.1999989,4.00000019E-3,
,,,-11.1967993,-8.000000380E-3,
,,,-11.1935987,-24.00000021E-3,
,,,-11.1903992,-32.00000152E-3,
,,,-11.1871986,-36.00000218E-3,
,,,-11.1839991,-64.000003040E-3,
,,,-11.1807995,-80.000005662E-3,
,,,-11.1775990,-80.000005662E-3,
,,,-11.1743994,-92.000007629E-3,
,,,-11.1711988,-100.0000015E-3,
,,,-11.1679993,-112.0000035E-3,
,,,-11.1647987,-128.0000061E-3,
,,,-11.1615992,-131.9999993E-3,
,,,-11.1583986,-148.0000019E-3,
,,,-11.1551991,-148.0000019E-3,
,,,-11.1519995,-128.0000061E-3,
,,,-11.1487989,-156.00000322E-3,
,,,-11.1455994,-160.00001132E-3,
,,,-11.1423988,-156.00000322E-3,
,,,-11.1391993,-148.0000019E-3,
,,,-11.1359987,-164.00000453E-3,
,,,-11.1327991,-156.00000322E-3,
,,,-11.1295986,-152.00001001E-3,
,,,-11.1263990,-164.00000453E-3,
,,,-11.1231995,-152.00001001E-3,
,,,-11.1199989,-144.0000087E-3,
,,,-11.1167994,-152.00001001E-3,
,,,-11.1135988,-148.0000019E-3,
,,,-11.1103992,-144.0000087E-3,
,,,-11.1071987,-144.0000087E-3,
,,,-11.1039991,-136.0000074E-3,
,,,-11.1007986,-140.0000006E-3,
,,,-11.0975990,-124.0000054E-3,
,,,-11.0943995,-120.0000048E-3,
,,,-11.0911989,-112.0000035E-3,
,,,-11.0879993,-112.0000035E-3,
,,,-11.0847988,-104.0000021E-3,
,,,-11.0815992,-100.0000015E-3,
,,,-11.0783987,-96.000000834E-3,
,,,-11.0751991,-88.000006974E-3,
,,,-11.0719986,-88.000006974E-3,
,,,-11.0687990,-76.000005007E-3,
,,,-11.0655994,-80.000005662E-3,
,,,-11.0623989,-60.000002384E-3,
,,,-11.0591993,-76.000005007E-3,
,,,-11.0559988,-60.000002384E-3,
,,,-11.0527992,-64.000003040E-3,
,,,-11.0495987,-52.00000107E-3,
,,,-11.0463991,-32.00000152E-3,
,,,-11.0431986,-36.00000218E-3,
,,,-11.0399990,-36.00000218E-3,
,,,-11.0367994,-28.00000086E-3,
,,,-11.0335989,-16.0000008E-3,
,,,-11.0303993,-20.0000014E-3,
,,,-11.0271988,0.0,
,,,-11.0239992,-8.000000380E-3,
,,,-11.0207987,12.0000001E-3,
,,,-11.0175991,8.000000380E-3,
,,,-11.0143986,12.0000001E-3,
,,,-11.0111990,20.0000014E-3,
,,,-11.0079994,24.00000021E-3,
,,,-11.0047989,36.00000218E-3,
,,,-11.0015993,24.00000021E-3,
,,,-10.9983988,32.00000152E-3,
,,,-10.9951992,32.00000152E-3,
,,,-10.9919987,44.00000349E-3,
,,,-10.9887991,40.00000283E-3,
,,,-10.9855986,48.00000042E-3,
,,,-10.9823990,56.000001729E-3,
,,,-10.9791994,60.000002384E-3,
,,,-10.9759989,40.00000283E-3,
,,,-10.9727993,56.000001729E-3,
,,,-10.9695988,52.00000107E-3,
,,,-10.9663992,68.000003695E-3,
,,,-10.9631987,56.000001729E-3,
,,,-10.9599991,68.000003695E-3,
,,,-10.9567986,64.000003040E-3,
,,,-10.9535990,72.000004351E-3,
,,,-10.9503994,60.000002384E-3,
,,,-10.9471989,64.000003040E-3,
,,,-10.9439993,64.000003040E-3,
,,,-10.9407988,56.000001729E-3,
,,,-10.9375992,56.000001729E-3,
,,,-10.9343987,56.000001729E-3,
,,,-10.9311991,60.000002384E-3,
,,,-10.9279985,56.000001729E-3,
,,,-10.9247990,60.000002384E-3,
,,,-10.9215994,52.00000107E-3,
,,,-10.9183989,56.000001729E-3,
,,,-10.9151993,48.00000042E-3,
,,,-10.9119987,52.00000107E-3,
,,,-10.9087992,52.00000107E-3,
,,,-10.9055986,36.00000218E-3,
,,,-10.9023991,40.00000283E-3,
,,,-10.8991985,36.00000218E-3,
,,,-10.8959990,48.00000042E-3,
,,,-10.8927994,44.00000349E-3,
,,,-10.8895988,40.00000283E-3,
,,,-10.8863993,32.00000152E-3,
,,,-10.8831987,36.00000218E-3,
,,,-10.8799992,40.00000283E-3,
,,,-10.8767986,40.00000283E-3,
,,,-10.8735991,40.00000283E-3,
,,,-10.8703985,36.00000218E-3,
,,,-10.8671989,36.00000218E-3,
,,,-10.8639994,40.00000283E-3,
,,,-10.8607988,36.00000218E-3,
,,,-10.8575993,40.00000283E-3,
,,,-10.8543987,36.00000218E-3,
,,,-10.8511992,48.00000042E-3,
,,,-10.8479986,40.00000283E-3,
,,,-10.8447990,40.00000283E-3,
,,,-10.8415995,44.00000349E-3,
,,,-10.8383989,32.00000152E-3,
,,,-10.8351994,28.00000086E-3,
,,,-10.8319988,36.00000218E-3,
,,,-10.8287992,40.00000283E-3,
,,,-10.8255987,32.00000152E-3,
,,,-10.8223991,28.00000086E-3,
,,,-10.8191986,28.00000086E-3,
,,,-10.8159990,40.00000283E-3,
,,,-10.8127995,32.00000152E-3,
,,,-10.8095989,28.00000086E-3,
,,,-10.8063993,24.00000021E-3,
,,,-10.8031988,16.0000008E-3,
,,,-10.7999992,28.00000086E-3,
,,,-10.7967987,20.0000014E-3,
,,,-10.7935991,24.00000021E-3,
,,,-10.7903986,12.0000001E-3,
,,,-10.7871990,8.000000380E-3,
,,,-10.7839994,12.0000001E-3,
,,,-10.7807989,8.000000380E-3,
,,,-10.7775993,4.00000019E-3,
,,,-10.7743988,8.000000380E-3,
,,,-10.7711992,8.000000380E-3,
,,,-10.7679987,4.00000019E-3,
,,,-10.7647991,-4.00000019E-3,
,,,-10.7615986,-4.00000019E-3,
,,,-10.7583990,-12.0000001E-3,
,,,-10.7551994,-16.0000008E-3,
,,,-10.7519989,-16.0000008E-3,
,,,-10.7487993,-20.0000014E-3,
,,,-10.7455988,-12.0000001E-3,
,,,-10.7423992,-24.00000021E-3,
,,,-10.7391987,-36.00000218E-3,
,,,-10.7359991,-44.00000349E-3,
,,,-10.7327986,-32.00000152E-3,
,,,-10.7295990,-32.00000152E-3,
,,,-10.7263994,-40.00000283E-3,
,,,-10.7231989,-36.00000218E-3,
,,,-10.7199993,-44.00000349E-3,
,,,-10.7167988,-36.00000218E-3,
,,,-10.7135992,-32.00000152E-3,
,,,-10.7103987,-40.00000283E-3,
,,,-10.7071991,-40.00000283E-3,
,,,-10.7039986,-40.00000283E-3,
,,,-10.7007990,-40.00000283E-3,
,,,-10.6975994,-44.00000349E-3,
,,,-10.6943989,-36.00000218E-3,
,,,-10.6911993,-32.00000152E-3,
,,,-10.6879988,-40.00000283E-3,
,,,-10.6847992,-52.00000107E-3,
,,,-10.6815987,-32.00000152E-3,
,,,-10.6783991,-52.00000107E-3,
,,,-10.6751986,-24.00000021E-3,
,,,-10.6719990,-32.00000152E-3,
,,,-10.6687994,-24.00000021E-3,
,,,-10.6655989,-28.00000086E-3,
,,,-10.6623993,-20.0000014E-3,
,,,-10.6591988,-28.00000086E-3,
,,,-10.6559992,-20.0000014E-3,
,,,-10.6527987,-36.00000218E-3,
,,,-10.6495991,-24.00000021E-3,
,,,-10.6463985,-24.00000021E-3,
,,,-10.6431990,-16.0000008E-3,
,,,-10.6399994,-28.00000086E-3,
,,,-10.6367989,-20.0000014E-3,
,,,-10.6335993,-20.0000014E-3,
,,,-10.6303988,-16.0000008E-3,
,,,-10.6271992,-24.00000021E-3,
,,,-10.6239986,-28.00000086E-3,
,,,-10.6207991,-24.00000021E-3,
,,,-10.6175985,-20.0000014E-3,
,,,-10.6143990,-20.0000014E-3,
,,,-10.6111994,-20.0000014E-3,
,,,-10.6079988,0.0,
,,,-10.6047993,-16.0000008E-3,
,,,-10.6015987,-20.0000014E-3,
,,,-10.5983992,-20.0000014E-3,
,,,-10.5951986,-16.0000008E-3,
,,,-10.5919991,-24.00000021E-3,
,,,-10.5887985,-20.0000014E-3,
,,,-10.5855989,-28.00000086E-3,
,,,-10.5823994,-32.00000152E-3,
,,,-10.5791988,-16.0000008E-3,
,,,-10.5759993,-20.0000014E-3,
,,,-10.5727987,-24.00000021E-3,
,,,-10.5695992,-20.0000014E-3,
,,,-10.5663986,-12.0000001E-3,
,,,-10.5631990,-20.0000014E-3,
,,,-10.5599985,-28.00000086E-3,
,,,-10.5567989,-20.0000014E-3,
,,,-10.5535994,-20.0000014E-3,
,,,-10.5503988,-20.0000014E-3,
,,,-10.5471992,-20.0000014E-3,
,,,-10.5439987,-16.0000008E-3,
,,,-10.5407991,-28.00000086E-3,
,,,-10.5375986,-8.000000380E-3,
,,,-10.5343990,-12.0000001E-3,
,,,-10.5311995,-8.000000380E-3,
,,,-10.5279989,0.0,
,,,-10.5247993,8.000000380E-3,
,,,-10.5215988,16.0000008E-3,
,,,-10.5183992,16.0000008E-3,
,,,-10.5151987,24.00000021E-3,
,,,-10.5119991,24.00000021E-3,
,,,-10.5087986,28.00000086E-3,
,,,-10.5055990,40.00000283E-3,
,,,-10.5023994,48.00000042E-3,
,,,-10.4991989,60.000002384E-3,
,,,-10.4959993,56.000001729E-3,
,,,-10.4927988,52.00000107E-3,
,,,-10.4895992,68.000003695E-3,
,,,-10.4863987,72.000004351E-3,
,,,-10.4831991,76.000005007E-3,
,,,-10.4799986,96.000000834E-3,
,,,-10.4767990,96.000000834E-3,
,,,-10.4735994,92.000007629E-3,
,,,-10.4703989,96.000000834E-3,
,,,-10.4671993,96.000000834E-3,
,,,-10.4639988,100.0000015E-3,
,,,-10.4607992,116.0000041E-3,
,,,-10.4575987,100.0000015E-3,
,,,-10.4543991,116.0000041E-3,
,,,-10.4511986,104.0000021E-3,
,,,-10.4479990,104.0000021E-3,
,,,-10.4447994,100.0000015E-3,
,,,-10.4415989,104.0000021E-3,
,,,-10.4383993,104.0000021E-3,
,,,-10.4351988,112.0000035E-3,
,,,-10.4319992,96.000000834E-3,
,,,-10.4287987,80.000005662E-3,
,,,-10.4255991,84.000006318E-3,
,,,-10.4223986,76.000005007E-3,
,,,-10.4191990,72.000004351E-3,
,,,-10.4159994,76.000005007E-3,
,,,-10.4127989,52.00000107E-3,
,,,-10.4095993,48.00000042E-3,
,,,-10.4063988,44.00000349E-3,
,,,-10.4031992,28.00000086E-3,
,,,-10.3999987,28.00000086E-3,
,,,-10.3967991,20.0000014E-3,
,,,-10.3935986,12.0000001E-3,
,,,-10.3903990,4.00000019E-3,
,,,-10.3871994,4.00000019E-3,
,,,-10.3839989,-8.000000380E-3,
,,,-10.3807993,-16.0000008E-3,
,,,-10.3775988,-20.0000014E-3,
,,,-10.3743992,-28.00000086E-3,
,,,-10.3711987,-32.00000152E-3,
,,,-10.3679991,-40.00000283E-3,
,,,-10.3647985,-76.000005007E-3,
,,,-10.3615990,-60.000002384E-3,
,,,-10.3583994,-48.00000042E-3,
,,,-10.3551989,-56.000001729E-3,
,,,-10.3519993,-60.000002384E-3,
,,,-10.3487988,-64.000003040E-3,
,,,-10.3455992,-52.00000107E-3,
,,,-10.3423986,-48.00000042E-3,
,,,-10.3391991,-60.000002384E-3,
,,,-10.3359985,-52.00000107E-3,
,,,-10.3327990,-60.000002384E-3,
,,,-10.3295994,-64.000003040E-3,
,,,-10.3263988,-60.000002384E-3,
,,,-10.3231993,-56.000001729E-3,
,,,-10.3199987,-60.000002384E-3,
,,,-10.3167992,-56.000001729E-3,
,,,-10.3135986,-76.000005007E-3,
,,,-10.3103991,-48.00000042E-3,
,,,-10.3071985,-48.00000042E-3,
,,,-10.3039989,-44.00000349E-3,
,,,-10.3007994,-40.00000283E-3,
,,,-10.2975988,-40.00000283E-3,
,,,-10.2943993,-32.00000152E-3,
,,,-10.2911987,-32.00000152E-3,
,,,-10.2879992,-36.00000218E-3,
,,,-10.2847986,-32.00000152E-3,
,,,-10.2815990,-40.00000283E-3,
,,,-10.2783985,-32.00000152E-3,
,,,-10.2751989,-24.00000021E-3,
,,,-10.2719994,-8.000000380E-3,
,,,-10.2687988,-28.00000086E-3,
,,,-10.2655993,-16.0000008E-3,
,,,-10.2623987,-12.0000001E-3,
,,,-10.2591991,-28.00000086E-3,
,,,-10.2559986,-12.0000001E-3,
,,,-10.2527990,-16.0000008E-3,
,,,-10.2495985,-16.0000008E-3,
,,,-10.2463989,-16.0000008E-3,
,,,-10.2431993,-8.000000380E-3,
,,,-10.2399988,-16.0000008E-3,
,,,-10.2367992,-12.0000001E-3,
,,,-10.2335987,-4.00000019E-3,
,,,-10.2303991,-12.0000001E-3,
,,,-10.2271986,-16.0000008E-3,
,,,-10.2239990,-12.0000001E-3,
,,,-10.2207985,0.0,
,,,-10.2175989,0.0,
,,,-10.2143993,8.000000380E-3,
,,,-10.2111988,12.0000001E-3,
,,,-10.2079992,4.00000019E-3,
,,,-10.2047987,4.00000019E-3,
,,,-10.2015991,12.0000001E-3,
,,,-10.1983986,16.0000008E-3,
,,,-10.1951990,20.0000014E-3,
,,,-10.1919994,24.00000021E-3,
,,,-10.1887989,28.00000086E-3,
,,,-10.1855993,24.00000021E-3,
,,,-10.1823988,28.00000086E-3,
,,,-10.1791992,40.00000283E-3,
,,,-10.1759987,40.00000283E-3,
,,,-10.1727991,40.00000283E-3,
,,,-10.1695986,36.00000218E-3,
,,,-10.1663990,36.00000218E-3,
,,,-10.1631994,24.00000021E-3,
,,,-10.1599989,36.00000218E-3,
,,,-10.1567993,44.00000349E-3,
,,,-10.1535988,44.00000349E-3,
,,,-10.1503992,48.00000042E-3,
,,,-10.1471987,56.000001729E-3,
,,,-10.1439991,72.000004351E-3,
,,,-10.1407986,44.00000349E-3,
,,,-10.1375990,48.00000042E-3,
,,,-10.1343994,48.00000042E-3,
,,,-10.1311989,52.00000107E-3,
,,,-10.1279993,56.000001729E-3,
,,,-10.1247988,56.000001729E-3,
,,,-10.1215992,52.00000107E-3,
,,,-10.1183987,52.00000107E-3,
,,,-10.1151991,56.000001729E-3,
,,,-10.1119986,52.00000107E-3,
,,,-10.1087990,44.00000349E-3,
,,,-10.1055994,36.00000218E-3,
,,,-10.1023989,72.000004351E-3,
,,,-10.0991993,52.00000107E-3,
,,,-10.0959988,28.00000086E-3,
,,,-10.0927992,72.000004351E-3,
,,,-10.0895987,36.00000218E-3,
,,,-10.0863991,28.00000086E-3,
,,,-10.0831985,40.00000283E-3,
,,,-10.0799990,16.0000008E-3,
,,,-10.0767994,8.000000380E-3,
,,,-10.0735989,12.0000001E-3,
,,,-10.0703993,8.000000380E-3,
,,,-10.0671988,4.00000019E-3,
,,,-10.0639992,-8.000000380E-3,
,,,-10.0607986,-12.0000001E-3,
,,,-10.0575991,-12.0000001E-3,
,,,-10.0543985,-12.0000001E-3,
,,,-10.0511990,-16.0000008E-3,
,,,-10.0479994,-24.00000021E-3,
,,,-10.0447989,-12.0000001E-3,
,,,-10.0415993,-24.00000021E-3,
,,,-10.0383987,-28.00000086E-3,
,,,-10.0351992,-24.00000021E-3,
,,,-10.0319986,-64.000003040E-3,
,,,-10.0287991,-36.00000218E-3,
,,,-10.0255985,-32.00000152E-3,
,,,-10.0223989,-32.00000152E-3,
,,,-10.0191994,-52.00000107E-3,
,,,-10.0159988,-44.00000349E-3,
,,,-10.0127993,-44.00000349E-3,
,,,-10.0095987,-44.00000349E-3,
,,,-10.0063992,-48.00000042E-3,
,,,-10.0031986,-40.00000283E-3,
,,,-9.999999046,-48.00000042E-3,
,,,-9.996798515,-44.00000349E-3,
,,,-9.993598938,-44.00000349E-3,
,,,-9.990399361,-100.0000015E-3,
,,,-9.987198830,-48.00000042E-3,
,,,-9.983999252,-44.00000349E-3,
,,,-9.980798721,-48.00000042E-3,
,,,-9.977599144,-44.00000349E-3,
,,,-9.974398613,-48.00000042E-3,
,,,-9.971199036,-40.00000283E-3,
,,,-9.967998505,-44.00000349E-3,
,,,-9.964798927,-44.00000349E-3,
,,,-9.961599350,-36.00000218E-3,
,,,-9.958398819,-36.00000218E-3,
,,,-9.955199242,-32.00000152E-3,
,,,-9.951998711,-40.00000283E-3,
,,,-9.948799133,-48.00000042E-3,
,,,-9.945598602,-36.00000218E-3,
,,,-9.942399025,-28.00000086E-3,
,,,-9.939198494,-56.000001729E-3,
,,,-9.935998917,-40.00000283E-3,
,,,-9.932799339,-36.00000218E-3,
,,,-9.929598808,-40.00000283E-3,
,,,-9.926399231,-36.00000218E-3,
,,,-9.923198700,-36.00000218E-3,
,,,-9.919999123,-28.00000086E-3,
,,,-9.916798592,-28.00000086E-3,
,,,-9.913599014,-32.00000152E-3,
,,,-9.910398483,-32.00000152E-3,
,,,-9.907198906,-28.00000086E-3,
,,,-9.903999329,-40.00000283E-3,
,,,-9.900798798,-28.00000086E-3,
,,,-9.897599220,-36.00000218E-3,
,,,-9.894398689,-32.00000152E-3,
,,,-9.891199112,-16.0000008E-3,
,,,-9.887998581,-28.00000086E-3,
,,,-9.884799004,-24.00000021E-3,
,,,-9.881599426,-24.00000021E-3,
,,,-9.878398895,-12.0000001E-3,
,,,-9.875199318,-16.0000008E-3,
,,,-9.871998787,-12.0000001E-3,
,,,-9.868799210,-20.0000014E-3,
,,,-9.865598679,-16.0000008E-3,
,,,-9.862399101,-8.000000380E-3,
,,,-9.859198570,-4.00000019E-3,
,,,-9.855998993,-4.00000019E-3,
,,,-9.852799416,0.0,
,,,-9.849598885,-4.00000019E-3,
,,,-9.846399307,-12.0000001E-3,
,,,-9.843198776,-8.000000380E-3,
,,,-9.839999199,-8.000000380E-3,
,,,-9.836798668,-8.000000380E-3,
,,,-9.833599091,0.0,
,,,-9.830398560,-4.00000019E-3,
,,,-9.827198982,-16.0000008E-3,
,,,-9.823999405,-12.0000001E-3,
,,,-9.820798874,-4.00000019E-3,
,,,-9.817599297,-4.00000019E-3,
,,,-9.814398766,-4.00000019E-3,
,,,-9.811199188,0.0,
,,,-9.807998657,0.0,
,,,-9.804799080,-4.00000019E-3,
,,,-9.801598549,16.0000008E-3,
,,,-9.798398972,4.00000019E-3,
,,,-9.795199394,4.00000019E-3,
,,,-9.791998863,12.0000001E-3,
,,,-9.788799286,16.0000008E-3,
,,,-9.785598755,4.00000019E-3,
,,,-9.782399178,12.0000001E-3,
,,,-9.779198647,12.0000001E-3,
,,,-9.775999069,8.000000380E-3,
,,,-9.772798538,8.000000380E-3,
,,,-9.769598961,16.0000008E-3,
,,,-9.766399384,4.00000019E-3,
,,,-9.763198853,16.0000008E-3,
,,,-9.759999275,16.0000008E-3,
,,,-9.756798744,32.00000152E-3,
,,,-9.753599167,24.00000021E-3,
,,,-9.750398636,28.00000086E-3,
,,,-9.747199059,28.00000086E-3,
,,,-9.743998528,36.00000218E-3,
,,,-9.740798950,36.00000218E-3,
,,,-9.737599373,40.00000283E-3,
,,,-9.734398842,48.00000042E-3,
,,,-9.731199265,48.00000042E-3,
,,,-9.727998734,52.00000107E-3,
,,,-9.724799156,48.00000042E-3,
,,,-9.721598625,68.000003695E-3,
,,,-9.718399048,76.000005007E-3,
,,,-9.715198517,84.000006318E-3,
,,,-9.711998940,80.000005662E-3,
,,,-9.708799362,88.000006974E-3,
,,,-9.705598831,104.0000021E-3,
,,,-9.702399254,112.0000035E-3,
,,,-9.699198723,108.0000028E-3,
,,,-9.695999146,112.0000035E-3,
,,,-9.692798615,112.0000035E-3,
,,,-9.689599037,128.0000061E-3,
,,,-9.686398506,131.9999993E-3,
,,,-9.683198929,131.9999993E-3,
,,,-9.679999352,144.0000087E-3,
,,,-9.676798820,144.0000087E-3,
,,,-9.673599243,148.0000019E-3,
,,,-9.670398712,152.00001001E-3,
,,,-9.667199135,136.0000074E-3,
,,,-9.663998604,152.00001001E-3,
,,,-9.660799026,152.00001001E-3,
,,,-9.657598495,148.0000019E-3,
,,,-9.654398918,140.0000006E-3,
,,,-9.651199341,144.0000087E-3,
,,,-9.647998810,140.0000006E-3,
,,,-9.644799232,131.9999993E-3,
,,,-9.641598701,128.0000061E-3,
,,,-9.638399124,128.0000061E-3,
,,,-9.635198593,112.0000035E-3,
,,,-9.631999016,116.0000041E-3,
,,,-9.628798485,104.0000021E-3,
,,,-9.625598907,96.000000834E-3,
,,,-9.622399330,80.000005662E-3,
,,,-9.619198799,84.000006318E-3,
,,,-9.615999222,64.000003040E-3,
,,,-9.612798691,60.000002384E-3,
,,,-9.609599113,60.000002384E-3,
,,,-9.606398582,40.00000283E-3,
,,,-9.603199005,40.00000283E-3,
,,,-9.599998474,24.00000021E-3,
,,,-9.596798897,12.0000001E-3,
,,,-9.593599319,8.000000380E-3,
,,,-9.590398788,-8.000000380E-3,
,,,-9.587199211,-20.0000014E-3,
,,,-9.583998680,-20.0000014E-3,
,,,-9.580799103,-36.00000218E-3,
,,,-9.577598572,-40.00000283E-3,
,,,-9.574398994,-48.00000042E-3,
,,,-9.571198463,-48.00000042E-3,
,,,-9.567998886,-56.000001729E-3,
,,,-9.564799309,-68.000003695E-3,
,,,-9.561598778,-76.000005007E-3,
,,,-9.558399200,-80.000005662E-3,
,,,-9.555198669,-88.000006974E-3,
,,,-9.551999092,-84.000006318E-3,
,,,-9.548798561,-96.000000834E-3,
,,,-9.545598984,-92.000007629E-3,
,,,-9.542399406,-108.0000028E-3,
,,,-9.539198875,-96.000000834E-3,
,,,-9.535999298,-108.0000028E-3,
,,,-9.532798767,-96.000000834E-3,
,,,-9.529599190,-108.0000028E-3,
,,,-9.526398659,-112.0000035E-3,
,,,-9.523199081,-104.0000021E-3,
,,,-9.519998550,-104.0000021E-3,
,,,-9.516798973,-112.0000035E-3,
,,,-9.513599396,-104.0000021E-3,
,,,-9.510398865,-108.0000028E-3,
,,,-9.507199287,-108.0000028E-3,
,,,-9.503998756,-108.0000028E-3,
,,,-9.500799179,-108.0000028E-3,
,,,-9.497598648,-104.0000021E-3,
,,,-9.494399071,-96.000000834E-3,
,,,-9.491198540,-104.0000021E-3,
,,,-9.487998962,-96.000000834E-3,
,,,-9.484799385,-104.0000021E-3,
,,,-9.481598854,-100.0000015E-3,
,,,-9.478399277,-84.000006318E-3,
,,,-9.475198746,-96.000000834E-3,
,,,-9.471999168,-88.000006974E-3,
,,,-9.468798637,-84.000006318E-3,
,,,-9.465599060,-84.000006318E-3,
,,,-9.462398529,-80.000005662E-3,
,,,-9.459198952,-72.000004351E-3,
,,,-9.455999374,-68.000003695E-3,
,,,-9.452798843,-64.000003040E-3,
,,,-9.449599266,-56.000001729E-3,
,,,-9.446398735,-56.000001729E-3,
,,,-9.443199158,-48.00000042E-3,
,,,-9.439998627,-56.000001729E-3,
,,,-9.436799049,-44.00000349E-3,
,,,-9.433598518,-36.00000218E-3,
,,,-9.430398941,-28.00000086E-3,
,,,-9.427199364,-28.00000086E-3,
,,,-9.423998833,-24.00000021E-3,
,,,-9.420799255,-20.0000014E-3,
,,,-9.417598724,-20.0000014E-3,
,,,-9.414399147,-16.0000008E-3,
,,,-9.411198616,-12.0000001E-3,
,,,-9.407999039,-12.0000001E-3,
,,,-9.404798508,-4.00000019E-3,
,,,-9.401598930,-20.0000014E-3,
,,,-9.398399353,8.000000380E-3,
,,,-9.395198822,8.000000380E-3,
,,,-9.391999245,8.000000380E-3,
,,,-9.388798714,12.0000001E-3,
,,,-9.385599136,24.00000021E-3,
,,,-9.382398605,8.000000380E-3,
,,,-9.379199028,8.000000380E-3,
,,,-9.375998497,16.0000008E-3,
,,,-9.372798920,20.0000014E-3,
,,,-9.369599342,24.00000021E-3,
,,,-9.366398811,20.0000014E-3,
,,,-9.363199234,24.00000021E-3,
,,,-9.359998703,40.00000283E-3,
,,,-9.356799126,32.00000152E-3,
,,,-9.353598595,24.00000021E-3,
,,,-9.350399017,20.0000014E-3,
,,,-9.347198486,36.00000218E-3,
,,,-9.343998909,12.0000001E-3,
,,,-9.340799332,24.00000021E-3,
,,,-9.337598801,24.00000021E-3,
,,,-9.334399223,28.00000086E-3,
,,,-9.331198692,24.00000021E-3,
,,,-9.327999115,24.00000021E-3,
,,,-9.324798584,20.0000014E-3,
,,,-9.321599007,28.00000086E-3,
,,,-9.318398476,12.0000001E-3,
,,,-9.315198898,16.0000008E-3,
,,,-9.311999321,24.00000021E-3,
,,,-9.308798790,20.0000014E-3,
,,,-9.305599213,28.00000086E-3,
,,,-9.302398682,24.00000021E-3,
,,,-9.299199104,16.0000008E-3,
,,,-9.295998573,20.0000014E-3,
,,,-9.292798996,16.0000008E-3,
,,,-9.289598465,16.0000008E-3,
,,,-9.286398888,12.0000001E-3,
,,,-9.283199310,8.000000380E-3,
,,,-9.279998779,12.0000001E-3,
,,,-9.276799202,16.0000008E-3,
,,,-9.273598671,12.0000001E-3,
,,,-9.270399094,12.0000001E-3,
,,,-9.267198563,16.0000008E-3,
,,,-9.263998985,16.0000008E-3,
,,,-9.260798454,4.00000019E-3,
,,,-9.257598877,8.000000380E-3,
,,,-9.254399300,8.000000380E-3,
,,,-9.251198769,12.0000001E-3,
,,,-9.247999191,4.00000019E-3,
,,,-9.244798660,12.0000001E-3,
,,,-9.241599083,8.000000380E-3,
,,,-9.238398552,12.0000001E-3,
,,,-9.235198975,-8.000000380E-3,
,,,-9.231998444,8.000000380E-3,
,,,-9.228798866,0.0,
,,,-9.225599289,12.0000001E-3,
,,,-9.222398758,8.000000380E-3,
,,,-9.219199181,0.0,
,,,-9.215998650,-4.00000019E-3,
,,,-9.212799072,0.0,
,,,-9.209598541,-4.00000019E-3,
,,,-9.206398964,-28.00000086E-3,
,,,-9.203199387,0.0,
,,,-9.199998856,0.0,
,,,-9.196799278,-8.000000380E-3,
,,,-9.193598747,-4.00000019E-3,
,,,-9.190399170,-12.0000001E-3,
,,,-9.187198639,-12.0000001E-3,
,,,-9.183999062,-16.0000008E-3,
,,,-9.180798531,-28.00000086E-3,
,,,-9.177598953,-24.00000021E-3,
,,,-9.174399376,-16.0000008E-3,
,,,-9.171198845,-20.0000014E-3,
,,,-9.167999268,-20.0000014E-3,
,,,-9.164798737,-12.0000001E-3,
,,,-9.161599159,-20.0000014E-3,
,,,-9.158398628,-16.0000008E-3,
,,,-9.155199051,-36.00000218E-3,
,,,-9.151998520,-20.0000014E-3,
,,,-9.148798943,-20.0000014E-3,
,,,-9.145599365,0.0,
,,,-9.142398834,-16.0000008E-3,
,,,-9.139199257,-12.0000001E-3,
,,,-9.135998726,-12.0000001E-3,
,,,-9.132799149,-16.0000008E-3,
,,,-9.129598618,-20.0000014E-3,
,,,-9.126399040,-16.0000008E-3,
,,,-9.123198509,-12.0000001E-3,
,,,-9.119998932,-16.0000008E-3,
,,,-9.116799355,-16.0000008E-3,
,,,-9.113598824,-16.0000008E-3,
,,,-9.110399246,-12.0000001E-3,
,,,-9.107198715,-16.0000008E-3,
,,,-9.103999138,-36.00000218E-3,
,,,-9.100798607,-4.00000019E-3,
,,,-9.097599030,-4.00000019E-3,
,,,-9.094398499,-8.000000380E-3,
,,,-9.091198921,-8.000000380E-3,
,,,-9.087999344,0.0,
,,,-9.084798813,0.0,
,,,-9.081599236,12.0000001E-3,
,,,-9.078398705,8.000000380E-3,
,,,-9.075199127,20.0000014E-3,
,,,-9.071998596,12.0000001E-3,
,,,-9.068799019,20.0000014E-3,
,,,-9.065598488,16.0000008E-3,
,,,-9.062398911,24.00000021E-3,
,,,-9.059199333,12.0000001E-3,
,,,-9.055998802,36.00000218E-3,
,,,-9.052799225,20.0000014E-3,
,,,-9.049598694,24.00000021E-3,
,,,-9.046399117,20.0000014E-3,
,,,-9.043198586,16.0000008E-3,
,,,-9.039999008,36.00000218E-3,
,,,-9.036798477,24.00000021E-3,
,,,-9.033598900,12.0000001E-3,
,,,-9.030399323,20.0000014E-3,
,,,-9.027198792,12.0000001E-3,
,,,-9.023999214,4.00000019E-3,
,,,-9.020798683,4.00000019E-3,
,,,-9.017599106,8.000000380E-3,
,,,-9.014398575,8.000000380E-3,
,,,-9.011198997,4.00000019E-3,
,,,-9.007998466,-8.000000380E-3,
,,,-9.004798889,-4.00000019E-3,
,,,-9.001599312,0.0,
,,,-8.998398781,-8.000000380E-3,
,,,-8.995199203,-12.0000001E-3,
,,,-8.991998672,-12.0000001E-3,
,,,-8.988799095,-8.000000380E-3,
,,,-8.985598564,-8.000000380E-3,
,,,-8.982398987,-12.0000001E-3,
,,,-8.979198456,-12.0000001E-3,
,,,-8.975998878,-8.000000380E-3,
,,,-8.972799301,-8.000000380E-3,
,,,-8.969598770,-20.0000014E-3,
,,,-8.966399193,-12.0000001E-3,
,,,-8.963198662,-36.00000218E-3,
,,,-8.959999084,-32.00000152E-3,
,,,-8.956798553,-40.00000283E-3,
,,,-8.953598976,-44.00000349E-3,
,,,-8.950398445,-52.00000107E-3,
,,,-8.947198868,-60.000002384E-3,
,,,-8.943999290,-76.000005007E-3,
,,,-8.940798759,-76.000005007E-3,
,,,-8.937599182,-72.000004351E-3,
,,,-8.934398651,-68.000003695E-3,
,,,-8.931199074,-72.000004351E-3,
,,,-8.927998543,-76.000005007E-3,
,,,-8.924798965,-72.000004351E-3,
,,,-8.921598434,-68.000003695E-3,
,,,-8.918398857,-68.000003695E-3,
,,,-8.915199280,-52.00000107E-3,
,,,-8.911998749,-48.00000042E-3,
,,,-8.908799171,-32.00000152E-3,
,,,-8.905598640,-32.00000152E-3,
,,,-8.902399063,-24.00000021E-3,
,,,-8.899198532,-20.0000014E-3,
,,,-8.895998955,0.0,
,,,-8.892799377,8.000000380E-3,
,,,-8.889598846,12.0000001E-3,
,,,-8.886399269,20.0000014E-3,
,,,-8.883198738,40.00000283E-3,
,,,-8.879999161,56.000001729E-3,
,,,-8.876798630,56.000001729E-3,
,,,-8.873599052,72.000004351E-3,
,,,-8.870398521,76.000005007E-3,
,,,-8.867198944,80.000005662E-3,
,,,-8.863999367,88.000006974E-3,
,,,-8.860798836,100.0000015E-3,
,,,-8.857599258,104.0000021E-3,
,,,-8.854398727,124.0000054E-3,
,,,-8.851199150,112.0000035E-3,
,,,-8.847998619,112.0000035E-3,
,,,-8.844799042,116.0000041E-3,
,,,-8.841598511,104.0000021E-3,
,,,-8.838398933,116.0000041E-3,
,,,-8.835199356,116.0000041E-3,
,,,-8.831998825,108.0000028E-3,
,,,-8.828799248,112.0000035E-3,
,,,-8.825598717,100.0000015E-3,
,,,-8.822399139,96.000000834E-3,
,,,-8.819198608,96.000000834E-3,
,,,-8.815999031,84.000006318E-3,
,,,-8.812798500,80.000005662E-3,
,,,-8.809598923,80.000005662E-3,
,,,-8.806399345,68.000003695E-3,
,,,-8.803198814,68.000003695E-3,
,,,-8.799999237,48.00000042E-3,
,,,-8.796798706,44.00000349E-3,
,,,-8.793599129,44.00000349E-3,
,,,-8.790398598,32.00000152E-3,
,,,-8.787199020,28.00000086E-3,
,,,-8.783998489,24.00000021E-3,
,,,-8.780798912,8.000000380E-3,
,,,-8.777599335,4.00000019E-3,
,,,-8.774398804,0.0,
,,,-8.771199226,-4.00000019E-3,
,,,-8.767998695,-12.0000001E-3,
,,,-8.764799118,-20.0000014E-3,
,,,-8.761598587,-12.0000001E-3,
,,,-8.758399010,-32.00000152E-3,
,,,-8.755198479,-28.00000086E-3,
,,,-8.751998901,-36.00000218E-3,
,,,-8.748799324,-48.00000042E-3,
,,,-8.745598793,-56.000001729E-3,
,,,-8.742399216,-56.000001729E-3,
,,,-8.739198685,-68.000003695E-3,
,,,-8.735999107,-68.000003695E-3,
,,,-8.732798576,-72.000004351E-3,
,,,-8.729598999,-64.000003040E-3,
,,,-8.726398468,-72.000004351E-3,
,,,-8.723198891,-76.000005007E-3,
,,,-8.719999313,-72.000004351E-3,
,,,-8.716798782,-76.000005007E-3,
,,,-8.713599205,-80.000005662E-3,
,,,-8.710398674,-84.000006318E-3,
,,,-8.707199097,-80.000005662E-3,
,,,-8.703998566,-80.000005662E-3,
,,,-8.700798988,-80.000005662E-3,
,,,-8.697598457,-80.000005662E-3,
,,,-8.694398880,-80.000005662E-3,
,,,-8.691199303,-68.000003695E-3,
,,,-8.687998772,-92.000007629E-3,
,,,-8.684799194,-84.000006318E-3,
,,,-8.681598663,-80.000005662E-3,
,,,-8.678399086,-88.000006974E-3,
,,,-8.675198555,-84.000006318E-3,
,,,-8.671998978,-84.000006318E-3,
,,,-8.668798447,-88.000006974E-3,
,,,-8.665598869,-84.000006318E-3,
,,,-8.662399292,-80.000005662E-3,
,,,-8.659198761,-76.000005007E-3,
,,,-8.655999184,-64.000003040E-3,
,,,-8.652798653,-68.000003695E-3,
,,,-8.649599075,-64.000003040E-3,
,,,-8.646398544,-48.00000042E-3,
,,,-8.643198967,-48.00000042E-3,
,,,-8.639998436,-48.00000042E-3,
,,,-8.636798859,-44.00000349E-3,
,,,-8.633599281,-44.00000349E-3,
,,,-8.630398750,-36.00000218E-3,
,,,-8.627199173,-28.00000086E-3,
,,,-8.623998642,-32.00000152E-3,
,,,-8.620799065,-16.0000008E-3,
,,,-8.617598534,-24.00000021E-3,
,,,-8.614398956,-24.00000021E-3,
,,,-8.611198425,-16.0000008E-3,
,,,-8.607998848,-4.00000019E-3,
,,,-8.604799271,0.0,
,,,-8.601598740,-12.0000001E-3,
,,,-8.598399162,48.00000042E-3,
,,,-8.595198631,8.000000380E-3,
,,,-8.591999054,8.000000380E-3,
,,,-8.588798523,24.00000021E-3,
,,,-8.585598946,20.0000014E-3,
,,,-8.582398415,28.00000086E-3,
,,,-8.579198837,28.00000086E-3,
,,,-8.575999260,28.00000086E-3,
,,,-8.572798729,36.00000218E-3,
,,,-8.569599152,32.00000152E-3,
,,,-8.566398621,36.00000218E-3,
,,,-8.563199043,44.00000349E-3,
,,,-8.559998512,40.00000283E-3,
,,,-8.556798935,40.00000283E-3,
,,,-8.553599358,44.00000349E-3,
,,,-8.550398827,44.00000349E-3,
,,,-8.547199249,44.00000349E-3,
,,,-8.543998718,48.00000042E-3,
,,,-8.540799141,44.00000349E-3,
,,,-8.537598610,44.00000349E-3,
,,,-8.534399033,40.00000283E-3,
,,,-8.531198502,32.00000152E-3,
,,,-8.527998924,36.00000218E-3,
,,,-8.524799347,28.00000086E-3,
,,,-8.521598816,32.00000152E-3,
,,,-8.518399239,32.00000152E-3,
,,,-8.515198708,40.00000283E-3,
,,,-8.511999130,24.00000021E-3,
,,,-8.508798599,36.00000218E-3,
,,,-8.505599022,24.00000021E-3,
,,,-8.502398491,24.00000021E-3,
,,,-8.499198914,20.0000014E-3,
,,,-8.495999336,24.00000021E-3,
,,,-8.492798805,12.0000001E-3,
,,,-8.489599228,12.0000001E-3,
,,,-8.486398697,8.000000380E-3,
,,,-8.483199120,8.000000380E-3,
,,,-8.479998589,16.0000008E-3,
,,,-8.476799011,4.00000019E-3,
,,,-8.473598480,4.00000019E-3,
,,,-8.470398903,0.0,
,,,-8.467199326,4.00000019E-3,
,,,-8.463998795,8.000000380E-3,
,,,-8.460799217,8.000000380E-3,
,,,-8.457598686,0.0,
,,,-8.454399109,-8.000000380E-3,
,,,-8.451198578,0.0,
,,,-8.447999001,-16.0000008E-3,
,,,-8.444798470,0.0,
,,,-8.441598892,-16.0000008E-3,
,,,-8.438399315,4.00000019E-3,
,,,-8.435198784,-8.000000380E-3,
,,,-8.431999207,4.00000019E-3,
,,,-8.428798676,-12.0000001E-3,
,,,-8.425599098,4.00000019E-3,
,,,-8.422398567,-4.00000019E-3,
,,,-8.419198990,-8.000000380E-3,
,,,-8.415998459,-8.000000380E-3,
,,,-8.412798882,-12.0000001E-3,
,,,-8.409599304,0.0,
,,,-8.406398773,-8.000000380E-3,
,,,-8.403199196,-4.00000019E-3,
,,,-8.399998665,4.00000019E-3,
,,,-8.396799088,-4.00000019E-3,
,,,-8.393598557,0.0,
,,,-8.390398979,-4.00000019E-3,
,,,-8.387198448,-4.00000019E-3,
,,,-8.383998871,-12.0000001E-3,
,,,-8.380799294,8.000000380E-3,
,,,-8.377598763,0.0,
,,,-8.374399185,-4.00000019E-3,
,,,-8.371198654,8.000000380E-3,
,,,-8.367999077,-4.00000019E-3,
,,,-8.364798546,-8.000000380E-3,
,,,-8.361598969,-4.00000019E-3,
,,,-8.358398438,4.00000019E-3,
,,,-8.355198860,4.00000019E-3,
,,,-8.351999283,-4.00000019E-3,
,,,-8.348798752,-4.00000019E-3,
,,,-8.345599174,-4.00000019E-3,
,,,-8.342398643,0.0,
,,,-8.339199066,-4.00000019E-3,
,,,-8.335998535,-4.00000019E-3,
,,,-8.332798958,-4.00000019E-3,
,,,-8.329598427,-16.0000008E-3,
,,,-8.326398849,-8.000000380E-3,
,,,-8.323199272,-8.000000380E-3,
,,,-8.319998741,-12.0000001E-3,
,,,-8.316799164,-4.00000019E-3,
,,,-8.313598633,-4.00000019E-3,
,,,-8.310399055,-8.000000380E-3,
,,,-8.307198524,-16.0000008E-3,
,,,-8.303998947,-24.00000021E-3,
,,,-8.300798416,-12.0000001E-3,
,,,-8.297598839,-12.0000001E-3,
,,,-8.294399261,0.0,
,,,-8.291198730,-12.0000001E-3,
,,,-8.287999153,-12.0000001E-3,
,,,-8.284798622,-8.000000380E-3,
,,,-8.281599045,8.000000380E-3,
,,,-8.278398514,-4.00000019E-3,
,,,-8.275198936,0.0,
,,,-8.271998405,-8.000000380E-3,
,,,-8.268798828,0.0,
,,,-8.265599251,-12.0000001E-3,
,,,-8.262398720,-4.00000019E-3,
,,,-8.259199142,0.0,
,,,-8.255998611,4.00000019E-3,
,,,-8.252799034,4.00000019E-3,
,,,-8.249598503,4.00000019E-3,
,,,-8.246398926,12.0000001E-3,
,,,-8.243198395,4.00000019E-3,
,,,-8.239998817,4.00000019E-3,
,,,-8.236799240,4.00000019E-3,
,,,-8.233598709,16.0000008E-3,
,,,-8.230399132,8.000000380E-3,
,,,-8.227198601,4.00000019E-3,
,,,-8.223999023,24.00000021E-3,
,,,-8.220798492,12.0000001E-3,
,,,-8.217598915,4.00000019E-3,
,,,-8.214399338,16.0000008E-3,
,,,-8.211198807,4.00000019E-3,
,,,-8.207999229,-8.000000380E-3,
,,,-8.204798698,-8.000000380E-3,
,,,-8.201599121,0.0,
,,,-8.198398590,12.0000001E-3,
,,,-8.195199013,0.0,
,,,-8.191998482,12.0000001E-3,
,,,-8.188798904,0.0,
,,,-8.185599327,-8.000000380E-3,
,,,-8.182398796,-12.0000001E-3,
,,,-8.179199219,0.0,
,,,-8.175998688,-16.0000008E-3,
,,,-8.172799110,-8.000000380E-3,
,,,-8.169598579,-16.0000008E-3,
,,,-8.166399002,-12.0000001E-3,
,,,-8.163198471,-16.0000008E-3,
,,,-8.159998894,-8.000000380E-3,
,,,-8.156799316,-16.0000008E-3,
,,,-8.153598785,-12.0000001E-3,
,,,-8.150399208,-12.0000001E-3,
,,,-8.147198677,-12.0000001E-3,
,,,-8.143999100,-20.0000014E-3,
,,,-8.140798569,-20.0000014E-3,
,,,-8.137598991,-12.0000001E-3,
,,,-8.134398460,-8.000000380E-3,
,,,-8.131198883,-20.0000014E-3,
,,,-8.127999306,-8.000000380E-3,
,,,-8.124798775,-16.0000008E-3,
,,,-8.121599197,-4.00000019E-3,
,,,-8.118398666,0.0,
,,,-8.115199089,-4.00000019E-3,
,,,-8.111998558,-4.00000019E-3,
,,,-8.108798981,-8.000000380E-3,
,,,-8.105598450,-4.00000019E-3,
,,,-8.102398872,4.00000019E-3,
,,,-8.099199295,4.00000019E-3,
,,,-8.095998764,8.000000380E-3,
,,,-8.092799187,20.0000014E-3,
,,,-8.089598656,20.0000014E-3,
,,,-8.086399078,24.00000021E-3,
,,,-8.083198547,32.00000152E-3,
,,,-8.079998970,44.00000349E-3,
,,,-8.076798439,52.00000107E-3,
,,,-8.073598862,60.000002384E-3,
,,,-8.070399284,68.000003695E-3,
,,,-8.067198753,80.000005662E-3,
,,,-8.063999176,80.000005662E-3,
,,,-8.060798645,92.000007629E-3,
,,,-8.057599068,104.0000021E-3,
,,,-8.054398537,104.0000021E-3,
,,,-8.051198959,108.0000028E-3,
,,,-8.047998428,120.0000048E-3,
,,,-8.044798851,120.0000048E-3,
,,,-8.041599274,124.0000054E-3,
,,,-8.038398743,136.0000074E-3,
,,,-8.035199165,144.0000087E-3,
,,,-8.031998634,136.0000074E-3,
,,,-8.028799057,140.0000006E-3,
,,,-8.025598526,136.0000074E-3,
,,,-8.022398949,131.9999993E-3,
,,,-8.019198418,136.0000074E-3,
,,,-8.015998840,131.9999993E-3,
,,,-8.012799263,131.9999993E-3,
,,,-8.009598732,124.0000054E-3,
,,,-8.006399155,128.0000061E-3,
,,,-8.003198624,96.000000834E-3,
,,,-7.999999046,100.0000015E-3,
,,,-7.996798992,100.0000015E-3,
,,,-7.993598938,92.000007629E-3,
,,,-7.990398884,80.000005662E-3,
,,,-7.987198830,76.000005007E-3,
,,,-7.983998775,44.00000349E-3,
,,,-7.980798721,52.00000107E-3,
,,,-7.977598667,40.00000283E-3,
,,,-7.974399090,24.00000021E-3,
,,,-7.971199036,20.0000014E-3,
,,,-7.967998981,12.0000001E-3,
,,,-7.964798927,0.0,
,,,-7.961598873,0.0,
,,,-7.958398819,-24.00000021E-3,
,,,-7.955198765,-28.00000086E-3,
,,,-7.951998711,-40.00000283E-3,
,,,-7.948798656,-52.00000107E-3,
,,,-7.945599079,-56.000001729E-3,
,,,-7.942399025,-80.000005662E-3,
,,,-7.939198971,-72.000004351E-3,
,,,-7.935998917,-84.000006318E-3,
,,,-7.932798862,-84.000006318E-3,
,,,-7.929598808,-100.0000015E-3,
,,,-7.926398754,-104.0000021E-3,
,,,-7.923198700,-104.0000021E-3,
,,,-7.919998646,-108.0000028E-3,
,,,-7.916799068,-112.0000035E-3,
,,,-7.913599014,-124.0000054E-3,
,,,-7.910398960,-124.0000054E-3,
,,,-7.907198906,-128.0000061E-3,
,,,-7.903998852,-112.0000035E-3,
,,,-7.900798798,-131.9999993E-3,
,,,-7.897598743,-144.0000087E-3,
,,,-7.894398689,-140.0000006E-3,
,,,-7.891198635,-144.0000087E-3,
,,,-7.887999058,-144.0000087E-3,
,,,-7.884799004,-131.9999993E-3,
,,,-7.881598949,-136.0000074E-3,
,,,-7.878398895,-131.9999993E-3,
,,,-7.875198841,-140.0000006E-3,
,,,-7.871998787,-136.0000074E-3,
,,,-7.868798733,-131.9999993E-3,
,,,-7.865598679,-136.0000074E-3,
,,,-7.862398624,-136.0000074E-3,
,,,-7.859199047,-131.9999993E-3,
,,,-7.855998993,-131.9999993E-3,
,,,-7.852798939,-128.0000061E-3,
,,,-7.849598885,-131.9999993E-3,
,,,-7.846398830,-124.0000054E-3,
,,,-7.843198776,-112.0000035E-3,
,,,-7.839998722,-124.0000054E-3,
,,,-7.836798668,-112.0000035E-3,
,,,-7.833599091,-112.0000035E-3,
,,,-7.830399036,-104.0000021E-3,
,,,-7.827198982,-104.0000021E-3,
,,,-7.823998928,-92.000007629E-3,
,,,-7.820798874,-92.000007629E-3,
,,,-7.817598820,-92.000007629E-3,
,,,-7.814398766,-80.000005662E-3,
,,,-7.811198711,-92.000007629E-3,
,,,-7.807998657,-76.000005007E-3,
,,,-7.804799080,-84.000006318E-3,
,,,-7.801599026,-68.000003695E-3,
,,,-7.798398972,-64.000003040E-3,
,,,-7.795198917,-60.000002384E-3,
,,,-7.791998863,-48.00000042E-3,
,,,-7.788798809,-48.00000042E-3,
,,,-7.785598755,-60.000002384E-3,
,,,-7.782398701,-40.00000283E-3,
,,,-7.779198647,-32.00000152E-3,
,,,-7.775999069,-32.00000152E-3,
,,,-7.772799015,-24.00000021E-3,
,,,-7.769598961,-24.00000021E-3,
,,,-7.766398907,-16.0000008E-3,
,,,-7.763198853,-20.0000014E-3,
,,,-7.759998798,-16.0000008E-3,
,,,-7.756798744,-4.00000019E-3,
,,,-7.753598690,0.0,
,,,-7.750398636,0.0,
,,,-7.747199059,0.0,
,,,-7.743999004,0.0,
,,,-7.740798950,12.0000001E-3,
,,,-7.737598896,16.0000008E-3,
,,,-7.734398842,20.0000014E-3,
,,,-7.731198788,12.0000001E-3,
,,,-7.727998734,8.000000380E-3,
,,,-7.724798679,20.0000014E-3,
,,,-7.721598625,24.00000021E-3,
,,,-7.718399048,20.0000014E-3,
,,,-7.715198994,36.00000218E-3,
,,,-7.711998940,36.00000218E-3,
,,,-7.708798885,24.00000021E-3,
,,,-7.705598831,24.00000021E-3,
,,,-7.702398777,36.00000218E-3,
,,,-7.699198723,28.00000086E-3,
,,,-7.695998669,36.00000218E-3,
,,,-7.692798615,36.00000218E-3,
,,,-7.689599037,32.00000152E-3,
,,,-7.686398983,36.00000218E-3,
,,,-7.683198929,40.00000283E-3,
,,,-7.679998875,36.00000218E-3,
,,,-7.676798820,40.00000283E-3,
,,,-7.673598766,36.00000218E-3,
,,,-7.670398712,40.00000283E-3,
,,,-7.667198658,40.00000283E-3,
,,,-7.663999081,48.00000042E-3,
,,,-7.660799026,24.00000021E-3,
,,,-7.657598972,32.00000152E-3,
,,,-7.654398918,36.00000218E-3,
,,,-7.651198864,40.00000283E-3,
,,,-7.647998810,32.00000152E-3,
,,,-7.644798756,28.00000086E-3,
,,,-7.641598701,32.00000152E-3,
,,,-7.638398647,24.00000021E-3,
,,,-7.635199070,20.0000014E-3,
,,,-7.631999016,4.00000019E-3,
,,,-7.628798962,20.0000014E-3,
,,,-7.625598907,8.000000380E-3,
,,,-7.622398853,16.0000008E-3,
,,,-7.619198799,0.0,
,,,-7.615998745,4.00000019E-3,
,,,-7.612798691,4.00000019E-3,
,,,-7.609598637,4.00000019E-3,
,,,-7.606399059,-20.0000014E-3,
,,,-7.603199005,-12.0000001E-3,
,,,-7.599998951,4.00000019E-3,
,,,-7.596798897,-4.00000019E-3,
,,,-7.593598843,-8.000000380E-3,
,,,-7.590398788,4.00000019E-3,
,,,-7.587198734,-4.00000019E-3,
,,,-7.583998680,-12.0000001E-3,
,,,-7.580798626,-8.000000380E-3,
,,,-7.577599049,-4.00000019E-3,
,,,-7.574398994,-12.0000001E-3,
,,,-7.571198940,0.0,
,,,-7.567998886,-20.0000014E-3,
,,,-7.564798832,-4.00000019E-3,
,,,-7.561598778,-8.000000380E-3,
,,,-7.558398724,0.0,
,,,-7.555198669,0.0,
,,,-7.551998615,-4.00000019E-3,
,,,-7.548799038,-4.00000019E-3,
,,,-7.545598984,4.00000019E-3,
,,,-7.542398930,-4.00000019E-3,
,,,-7.539198875,-4.00000019E-3,
,,,-7.535998821,-4.00000019E-3,
,,,-7.532798767,4.00000019E-3,
,,,-7.529598713,-4.00000019E-3,
,,,-7.526398659,0.0,
,,,-7.523198605,0.0,
,,,-7.519999027,8.000000380E-3,
,,,-7.516798973,0.0,
,,,-7.513598919,4.00000019E-3,
,,,-7.510398865,0.0,
,,,-7.507198811,-4.00000019E-3,
,,,-7.503998756,0.0,
,,,-7.500798702,-4.00000019E-3,
,,,-7.497598648,4.00000019E-3,
,,,-7.494399071,-8.000000380E-3,
,,,-7.491199017,-4.00000019E-3,
,,,-7.487998962,-4.00000019E-3,
,,,-7.484798908,-16.0000008E-3,
,,,-7.481598854,4.00000019E-3,
,,,-7.478398800,-8.000000380E-3,
,,,-7.475198746,-4.00000019E-3,
,,,-7.471998692,8.000000380E-3,
,,,-7.468798637,16.0000008E-3,
,,,-7.465599060,28.00000086E-3,
,,,-7.462399006,20.0000014E-3,
,,,-7.459198952,24.00000021E-3,
,,,-7.455998898,28.00000086E-3,
,,,-7.452798843,36.00000218E-3,
,,,-7.449598789,36.00000218E-3,
,,,-7.446398735,36.00000218E-3,
,,,-7.443198681,44.00000349E-3,
,,,-7.439998627,28.00000086E-3,
,,,-7.436799049,44.00000349E-3,
,,,-7.433598995,48.00000042E-3,
,,,-7.430398941,48.00000042E-3,
,,,-7.427198887,44.00000349E-3,
,,,-7.423998833,32.00000152E-3,
,,,-7.420798779,36.00000218E-3,
,,,-7.417598724,48.00000042E-3,
,,,-7.414398670,44.00000349E-3,
,,,-7.411198616,28.00000086E-3,
,,,-7.407999039,40.00000283E-3,
,,,-7.404798985,44.00000349E-3,
,,,-7.401598930,32.00000152E-3,
,,,-7.398398876,36.00000218E-3,
,,,-7.395198822,28.00000086E-3,
,,,-7.391998768,20.0000014E-3,
,,,-7.38879871,12.0000001E-3,
,,,-7.38559866,20.0000014E-3,
,,,-7.38239861,12.0000001E-3,
,,,-7.37919903,-4.00000019E-3,
,,,-7.37599897,0.0,
,,,-7.37279892,-4.00000019E-3,
,,,-7.36959887,0.0,
,,,-7.36639881,-4.00000019E-3,
,,,-7.36319876,-12.0000001E-3,
,,,-7.35999870,-24.00000021E-3,
,,,-7.35679865,0.0,
,,,-7.35359859,-4.00000019E-3,
,,,-7.35039902,-4.00000019E-3,
,,,-7.34719896,0.0,
,,,-7.34399891,-8.000000380E-3,
,,,-7.34079885,4.00000019E-3,
,,,-7.33759880,-8.000000380E-3,
,,,-7.33439875,-4.00000019E-3,
,,,-7.33119869,0.0,
,,,-7.32799864,0.0,
,,,-7.32479906,0.0,
,,,-7.32159901,-4.00000019E-3,
,,,-7.31839895,-8.000000380E-3,
,,,-7.31519890,-20.0000014E-3,
,,,-7.31199884,-12.0000001E-3,
,,,-7.30879879,0.0,
,,,-7.30559874,0.0,
,,,-7.30239868,-16.0000008E-3,
,,,-7.29919863,-12.0000001E-3,
,,,-7.29599905,-8.000000380E-3,
,,,-7.29279900,-12.0000001E-3,
,,,-7.28959894,-8.000000380E-3,
,,,-7.28639889,-8.000000380E-3,
,,,-7.28319883,-12.0000001E-3,
,,,-7.27999878,-16.0000008E-3,
,,,-7.27679873,-12.0000001E-3,
,,,-7.27359867,-20.0000014E-3,
,,,-7.27039862,-16.0000008E-3,
,,,-7.26719904,-12.0000001E-3,
,,,-7.26399899,-16.0000008E-3,
,,,-7.26079893,-24.00000021E-3,
,,,-7.25759888,-12.0000001E-3,
,,,-7.25439882,-12.0000001E-3,
,,,-7.25119877,-4.00000019E-3,
,,,-7.24799871,-12.0000001E-3,
,,,-7.24479866,-12.0000001E-3,
,,,-7.24159861,-12.0000001E-3,
,,,-7.23839903,-4.00000019E-3,
,,,-7.23519897,4.00000019E-3,
,,,-7.23199892,0.0,
,,,-7.22879887,4.00000019E-3,
,,,-7.22559881,8.000000380E-3,
,,,-7.22239876,20.0000014E-3,
,,,-7.21919870,28.00000086E-3,
,,,-7.21599865,40.00000283E-3,
,,,-7.21279860,48.00000042E-3,
,,,-7.20959902,56.000001729E-3,
,,,-7.20639896,76.000005007E-3,
,,,-7.20319891,68.000003695E-3,
,,,-7.19999886,92.000007629E-3,
,,,-7.19679880,92.000007629E-3,
,,,-7.19359875,100.0000015E-3,
,,,-7.19039869,112.0000035E-3,
,,,-7.18719864,116.0000041E-3,
,,,-7.18399858,144.0000087E-3,
,,,-7.18079901,144.0000087E-3,
,,,-7.17759895,152.00001001E-3,
,,,-7.17439890,164.00000453E-3,
,,,-7.17119884,172.00000584E-3,
,,,-7.16799879,176.00001395E-3,
,,,-7.16479874,188.00000846E-3,
,,,-7.16159868,196.00000978E-3,
,,,-7.15839863,204.00001109E-3,
,,,-7.15519905,204.00001109E-3,
,,,-7.15199900,200.00000298E-3,
,,,-7.14879894,204.00001109E-3,
,,,-7.14559889,204.00001109E-3,
,,,-7.14239883,200.00000298E-3,
,,,-7.13919878,204.00001109E-3,
,,,-7.13599873,188.00000846E-3,
,,,-7.13279867,184.00001526E-3,
,,,-7.12959862,184.00001526E-3,
,,,-7.12639904,172.00000584E-3,
,,,-7.12319899,152.00001001E-3,
,,,-7.11999893,152.00001001E-3,
,,,-7.11679888,128.0000061E-3,
,,,-7.11359882,112.0000035E-3,
,,,-7.11039877,100.0000015E-3,
,,,-7.10719872,84.000006318E-3,
,,,-7.10399866,72.000004351E-3,
,,,-7.10079861,52.00000107E-3,
,,,-7.09759903,28.00000086E-3,
,,,-7.09439898,8.000000380E-3,
,,,-7.09119892,-16.0000008E-3,
,,,-7.08799887,-24.00000021E-3,
,,,-7.08479881,-48.00000042E-3,
,,,-7.08159876,-64.000003040E-3,
,,,-7.07839870,-88.000006974E-3,
,,,-7.07519865,-100.0000015E-3,
,,,-7.07199860,-112.0000035E-3,
,,,-7.06879902,-140.0000006E-3,
,,,-7.06559896,-156.00000322E-3,
,,,-7.06239891,-148.0000019E-3,
,,,-7.05919886,-148.0000019E-3,
,,,-7.05599880,-172.00000584E-3,
,,,-7.05279875,-172.00000584E-3,
,,,-7.04959869,-172.00000584E-3,
,,,-7.04639864,-176.00001395E-3,
,,,-7.04319859,-172.00000584E-3,
,,,-7.03999901,-176.00001395E-3,
,,,-7.03679895,-164.00000453E-3,
,,,-7.03359890,-172.00000584E-3,
,,,-7.03039885,-180.00000715E-3,
,,,-7.02719879,-172.00000584E-3,
,,,-7.02399874,-160.00001132E-3,
,,,-7.02079868,-152.00001001E-3,
,,,-7.01759863,-152.00001001E-3,
,,,-7.01439857,-152.00001001E-3,
,,,-7.01119900,-140.0000006E-3,
,,,-7.00799894,-144.0000087E-3,
,,,-7.00479889,-131.9999993E-3,
,,,-7.00159883,-124.0000054E-3,
,,,-6.99839878,-116.0000041E-3,
,,,-6.99519873,-104.0000021E-3,
,,,-6.99199867,-104.0000021E-3,
,,,-6.98879862,-100.0000015E-3,
,,,-6.98559904,-92.000007629E-3,
,,,-6.98239899,-84.000006318E-3,
,,,-6.97919893,-80.000005662E-3,
,,,-6.97599888,-76.000005007E-3,
,,,-6.97279882,-72.000004351E-3,
,,,-6.96959877,-72.000004351E-3,
,,,-6.96639872,-68.000003695E-3,
,,,-6.96319866,-56.000001729E-3,
,,,-6.95999861,-60.000002384E-3,
,,,-6.95679903,-56.000001729E-3,
,,,-6.95359898,-48.00000042E-3,
,,,-6.95039892,-56.000001729E-3,
,,,-6.94719887,-52.00000107E-3,
,,,-6.94399881,-52.00000107E-3,
,,,-6.94079876,-40.00000283E-3,
,,,-6.93759871,-28.00000086E-3,
,,,-6.93439865,-24.00000021E-3,
,,,-6.93119860,-28.00000086E-3,
,,,-6.92799902,-20.0000014E-3,
,,,-6.92479897,-16.0000008E-3,
,,,-6.92159891,-8.000000380E-3,
,,,-6.91839886,4.00000019E-3,
,,,-6.91519880,4.00000019E-3,
,,,-6.91199875,8.000000380E-3,
,,,-6.90879869,16.0000008E-3,
,,,-6.90559864,32.00000152E-3,
,,,-6.90239859,36.00000218E-3,
,,,-6.89919901,48.00000042E-3,
,,,-6.89599895,56.000001729E-3,
,,,-6.89279890,60.000002384E-3,
,,,-6.88959885,76.000005007E-3,
,,,-6.88639879,84.000006318E-3,
,,,-6.88319874,92.000007629E-3,
,,,-6.87999868,96.000000834E-3,
,,,-6.87679863,112.0000035E-3,
,,,-6.87359858,120.0000048E-3,
,,,-6.87039900,120.0000048E-3,
,,,-6.86719894,131.9999993E-3,
,,,-6.86399889,140.0000006E-3,
,,,-6.86079884,180.00000715E-3,
,,,-6.85759878,140.0000006E-3,
,,,-6.85439873,144.0000087E-3,
,,,-6.85119867,148.0000019E-3,
,,,-6.84799862,148.0000019E-3,
,,,-6.84479904,136.0000074E-3,
,,,-6.84159899,136.0000074E-3,
,,,-6.83839893,112.0000035E-3,
,,,-6.83519888,120.0000048E-3,
,,,-6.83199883,108.0000028E-3,
,,,-6.82879877,96.000000834E-3,
,,,-6.82559872,84.000006318E-3,
,,,-6.82239866,64.000003040E-3,
,,,-6.81919861,52.00000107E-3,
,,,-6.81599903,32.00000152E-3,
,,,-6.81279898,12.0000001E-3,
,,,-6.80959892,-12.0000001E-3,
,,,-6.80639887,-28.00000086E-3,
,,,-6.80319881,-36.00000218E-3,
,,,-6.79999876,-56.000001729E-3,
,,,-6.79679871,-72.000004351E-3,
,,,-6.79359865,-52.00000107E-3,
,,,-6.79039860,-76.000005007E-3,
,,,-6.78719902,-80.000005662E-3,
,,,-6.78399897,-76.000005007E-3,
,,,-6.78079891,-80.000005662E-3,
,,,-6.77759886,-92.000007629E-3,
,,,-6.77439880,-92.000007629E-3,
,,,-6.77119875,-88.000006974E-3,
,,,-6.76799870,-84.000006318E-3,
,,,-6.76479864,-88.000006974E-3,
,,,-6.76159859,-84.000006318E-3,
,,,-6.75839901,-88.000006974E-3,
,,,-6.75519896,-84.000006318E-3,
,,,-6.75199890,-88.000006974E-3,
,,,-6.74879885,-80.000005662E-3,
,,,-6.74559879,-92.000007629E-3,
,,,-6.74239874,-56.000001729E-3,
,,,-6.73919868,-84.000006318E-3,
,,,-6.73599863,-88.000006974E-3,
,,,-6.73279858,-80.000005662E-3,
,,,-6.72959900,-80.000005662E-3,
,,,-6.72639894,-80.000005662E-3,
,,,-6.72319889,-60.000002384E-3,
,,,-6.71999884,-76.000005007E-3,
,,,-6.71679878,-72.000004351E-3,
,,,-6.71359873,-84.000006318E-3,
,,,-6.71039867,-80.000005662E-3,
,,,-6.70719862,-76.000005007E-3,
,,,-6.70399857,-100.0000015E-3,
,,,-6.70079899,-84.000006318E-3,
,,,-6.69759893,-68.000003695E-3,
,,,-6.69439888,-76.000005007E-3,
,,,-6.69119883,-68.000003695E-3,
,,,-6.68799877,-60.000002384E-3,
,,,-6.68479872,-40.00000283E-3,
,,,-6.68159866,-20.0000014E-3,
,,,-6.67839861,-16.0000008E-3,
,,,-6.67519903,32.00000152E-3,
,,,-6.67199898,8.000000380E-3,
,,,-6.66879892,28.00000086E-3,
,,,-6.66559887,32.00000152E-3,
,,,-6.66239882,40.00000283E-3,
,,,-6.65919876,56.000001729E-3,
,,,-6.65599871,64.000003040E-3,
,,,-6.65279865,76.000005007E-3,
,,,-6.64959860,84.000006318E-3,
,,,-6.64639902,92.000007629E-3,
,,,-6.64319897,96.000000834E-3,
,,,-6.63999891,108.0000028E-3,
,,,-6.63679886,104.0000021E-3,
,,,-6.63359880,100.0000015E-3,
,,,-6.63039875,116.0000041E-3,
,,,-6.62719870,116.0000041E-3,
,,,-6.62399864,116.0000041E-3,
,,,-6.62079859,120.0000048E-3,
,,,-6.61759901,124.0000054E-3,
,,,-6.61439896,128.0000061E-3,
,,,-6.61119890,128.0000061E-3,
,,,-6.60799885,124.0000054E-3,
,,,-6.60479879,131.9999993E-3,
,,,-6.60159874,140.0000006E-3,
,,,-6.59839869,128.0000061E-3,
,,,-6.59519863,131.9999993E-3,
,,,-6.59199858,131.9999993E-3,
,,,-6.58879900,124.0000054E-3,
,,,-6.58559895,124.0000054E-3,
,,,-6.58239889,124.0000054E-3,
,,,-6.57919884,120.0000048E-3,
,,,-6.57599878,116.0000041E-3,
,,,-6.57279873,104.0000021E-3,
,,,-6.56959867,96.000000834E-3,
,,,-6.56639862,88.000006974E-3,
,,,-6.56319857,84.000006318E-3,
,,,-6.55999899,64.000003040E-3,
,,,-6.55679893,60.000002384E-3,
,,,-6.55359888,56.000001729E-3,
,,,-6.55039883,32.00000152E-3,
,,,-6.54719877,24.00000021E-3,
,,,-6.54399872,12.0000001E-3,
,,,-6.54079866,12.0000001E-3,
,,,-6.53759861,-8.000000380E-3,
,,,-6.53439856,-36.00000218E-3,
,,,-6.53119898,-36.00000218E-3,
,,,-6.52799892,-52.00000107E-3,
,,,-6.52479887,-44.00000349E-3,
,,,-6.52159882,-64.000003040E-3,
,,,-6.51839876,-88.000006974E-3,
,,,-6.51519871,-92.000007629E-3,
,,,-6.51199865,-92.000007629E-3,
,,,-6.50879860,-100.0000015E-3,
,,,-6.50559902,-108.0000028E-3,
,,,-6.50239897,-120.0000048E-3,
,,,-6.49919891,-124.0000054E-3,
,,,-6.49599886,-124.0000054E-3,
,,,-6.49279881,-140.0000006E-3,
,,,-6.48959875,-136.0000074E-3,
,,,-6.48639870,-156.00000322E-3,
,,,-6.48319864,-144.0000087E-3,
,,,-6.47999859,-156.00000322E-3,
,,,-6.47679901,-140.0000006E-3,
,,,-6.47359896,-148.0000019E-3,
,,,-6.47039890,-144.0000087E-3,
,,,-6.46719885,-152.00001001E-3,
,,,-6.46399879,-160.00001132E-3,
,,,-6.46079874,-156.00000322E-3,
,,,-6.45759869,-136.0000074E-3,
,,,-6.45439863,-144.0000087E-3,
,,,-6.45119858,-136.0000074E-3,
,,,-6.44799900,-124.0000054E-3,
,,,-6.44479895,-131.9999993E-3,
,,,-6.44159889,-131.9999993E-3,
,,,-6.43839884,-128.0000061E-3,
,,,-6.43519878,-116.0000041E-3,
,,,-6.43199873,-108.0000028E-3,
,,,-6.42879868,-108.0000028E-3,
,,,-6.42559862,-96.000000834E-3,
,,,-6.42239857,-84.000006318E-3,
,,,-6.41919899,-80.000005662E-3,
,,,-6.41599894,-72.000004351E-3,
,,,-6.41279888,-68.000003695E-3,
,,,-6.40959883,-64.000003040E-3,
,,,-6.40639877,-56.000001729E-3,
,,,-6.40319872,-48.00000042E-3,
,,,-6.39999866,-36.00000218E-3,
,,,-6.39679861,-40.00000283E-3,
,,,-6.39359856,-36.00000218E-3,
,,,-6.39039898,-20.0000014E-3,
,,,-6.38719893,-16.0000008E-3,
,,,-6.38399887,-8.000000380E-3,
,,,-6.38079882,-12.0000001E-3,
,,,-6.37759876,8.000000380E-3,
,,,-6.37439871,12.0000001E-3,
,,,-6.37119865,16.0000008E-3,
,,,-6.36799860,28.00000086E-3,
,,,-6.36479855,40.00000283E-3,
,,,-6.36159897,44.00000349E-3,
,,,-6.35839891,44.00000349E-3,
,,,-6.35519886,48.00000042E-3,
,,,-6.35199881,60.000002384E-3,
,,,-6.34879875,52.00000107E-3,
,,,-6.34559870,64.000003040E-3,
,,,-6.34239864,72.000004351E-3,
,,,-6.33919859,80.000005662E-3,
,,,-6.33599901,84.000006318E-3,
,,,-6.33279896,92.000007629E-3,
,,,-6.32959890,92.000007629E-3,
,,,-6.32639885,104.0000021E-3,
,,,-6.32319880,112.0000035E-3,
,,,-6.31999874,104.0000021E-3,
,,,-6.31679869,124.0000054E-3,
,,,-6.31359863,128.0000061E-3,
,,,-6.31039858,136.0000074E-3,
,,,-6.30719900,144.0000087E-3,
,,,-6.30399895,140.0000006E-3,
,,,-6.30079889,160.00001132E-3,
,,,-6.29759884,160.00001132E-3,
,,,-6.29439878,168.00001264E-3,
,,,-6.29119873,168.00001264E-3,
,,,-6.28799868,168.00001264E-3,
,,,-6.28479862,172.00000584E-3,
,,,-6.28159857,180.00000715E-3,
,,,-6.27839899,180.00000715E-3,
,,,-6.27519894,184.00001526E-3,
,,,-6.27199888,176.00001395E-3,
,,,-6.26879883,172.00000584E-3,
,,,-6.26559877,168.00001264E-3,
,,,-6.26239872,168.00001264E-3,
,,,-6.25919867,160.00001132E-3,
,,,-6.25599861,156.00000322E-3,
,,,-6.25279856,148.0000019E-3,
,,,-6.24959898,136.0000074E-3,
,,,-6.24639893,131.9999993E-3,
,,,-6.24319887,131.9999993E-3,
,,,-6.23999882,116.0000041E-3,
,,,-6.23679876,104.0000021E-3,
,,,-6.23359871,88.000006974E-3,
,,,-6.23039865,80.000005662E-3,
,,,-6.22719860,64.000003040E-3,
,,,-6.22399855,60.000002384E-3,
,,,-6.22079897,40.00000283E-3,
,,,-6.21759892,12.0000001E-3,
,,,-6.21439886,28.00000086E-3,
,,,-6.21119881,12.0000001E-3,
,,,-6.20799875,-8.000000380E-3,
,,,-6.20479870,-20.0000014E-3,
,,,-6.20159864,-28.00000086E-3,
,,,-6.19839859,-36.00000218E-3,
,,,-6.19519901,-44.00000349E-3,
,,,-6.19199896,-60.000002384E-3,
,,,-6.18879890,-72.000004351E-3,
,,,-6.18559885,-84.000006318E-3,
,,,-6.18239880,-88.000006974E-3,
,,,-6.17919874,-96.000000834E-3,
,,,-6.17599869,-104.0000021E-3,
,,,-6.17279863,-112.0000035E-3,
,,,-6.16959858,-108.0000028E-3,
,,,-6.16639900,-120.0000048E-3,
,,,-6.16319895,-128.0000061E-3,
,,,-6.15999889,-136.0000074E-3,
,,,-6.15679884,-136.0000074E-3,
,,,-6.15359879,-144.0000087E-3,
,,,-6.15039873,-140.0000006E-3,
,,,-6.14719868,-148.0000019E-3,
,,,-6.14399862,-148.0000019E-3,
,,,-6.14079857,-148.0000019E-3,
,,,-6.13759899,-152.00001001E-3,
,,,-6.13439894,-144.0000087E-3,
,,,-6.13119888,-144.0000087E-3,
,,,-6.12799883,-144.0000087E-3,
,,,-6.12479877,-152.00001001E-3,
,,,-6.12159872,-140.0000006E-3,
,,,-6.11839867,-144.0000087E-3,
,,,-6.11519861,-124.0000054E-3,
,,,-6.11199856,-124.0000054E-3,
,,,-6.10879898,-128.0000061E-3,
,,,-6.10559893,-116.0000041E-3,
,,,-6.10239887,-128.0000061E-3,
,,,-6.09919882,-112.0000035E-3,
,,,-6.09599876,-104.0000021E-3,
,,,-6.09279871,-96.000000834E-3,
,,,-6.08959866,-96.000000834E-3,
,,,-6.08639860,-96.000000834E-3,
,,,-6.08319855,-80.000005662E-3,
,,,-6.07999897,-84.000006318E-3,
,,,-6.07679892,-84.000006318E-3,
,,,-6.07359886,-76.000005007E-3,
,,,-6.07039881,-68.000003695E-3,
,,,-6.06719875,-52.00000107E-3,
,,,-6.06399870,-44.00000349E-3,
,,,-6.06079865,-44.00000349E-3,
,,,-6.05759859,-40.00000283E-3,
,,,-6.05439854,-28.00000086E-3,
,,,-6.05119896,-24.00000021E-3,
,,,-6.04799891,-20.0000014E-3,
,,,-6.04479885,-16.0000008E-3,
,,,-6.04159880,-4.00000019E-3,
,,,-6.03839874,0.0,
,,,-6.03519869,12.0000001E-3,
,,,-6.03199863,20.0000014E-3,
,,,-6.02879858,24.00000021E-3,
,,,-6.02559900,24.00000021E-3,
,,,-6.02239895,32.00000152E-3,
,,,-6.01919889,40.00000283E-3,
,,,-6.01599884,52.00000107E-3,
,,,-6.01279879,60.000002384E-3,
,,,-6.00959873,64.000003040E-3,
,,,-6.00639868,68.000003695E-3,
,,,-6.00319862,64.000003040E-3,
,,,-5.99999857,84.000006318E-3,
,,,-5.99679899,84.000006318E-3,
,,,-5.99359894,92.000007629E-3,
,,,-5.99039888,96.000000834E-3,
,,,-5.98719883,112.0000035E-3,
,,,-5.98399878,108.0000028E-3,
,,,-5.98079872,116.0000041E-3,
,,,-5.97759867,116.0000041E-3,
,,,-5.97439861,124.0000054E-3,
,,,-5.97119856,124.0000054E-3,
,,,-5.96799898,128.0000061E-3,
,,,-5.96479893,136.0000074E-3,
,,,-5.96159887,128.0000061E-3,
,,,-5.95839882,124.0000054E-3,
,,,-5.95519876,124.0000054E-3,
,,,-5.95199871,124.0000054E-3,
,,,-5.94879866,120.0000048E-3,
,,,-5.94559860,116.0000041E-3,
,,,-5.94239855,112.0000035E-3,
,,,-5.93919897,108.0000028E-3,
,,,-5.93599892,100.0000015E-3,
,,,-5.93279886,100.0000015E-3,
,,,-5.92959881,104.0000021E-3,
,,,-5.92639875,92.000007629E-3,
,,,-5.92319870,88.000006974E-3,
,,,-5.91999865,76.000005007E-3,
,,,-5.91679859,68.000003695E-3,
,,,-5.91359854,76.000005007E-3,
,,,-5.91039896,72.000004351E-3,
,,,-5.90719891,72.000004351E-3,
,,,-5.90399885,68.000003695E-3,
,,,-5.90079880,52.00000107E-3,
,,,-5.89759874,40.00000283E-3,
,,,-5.89439869,40.00000283E-3,
,,,-5.89119864,40.00000283E-3,
,,,-5.88799858,28.00000086E-3,
,,,-5.88479853,28.00000086E-3,
,,,-5.88159895,20.0000014E-3,
,,,-5.87839890,12.0000001E-3,
,,,-5.87519884,8.000000380E-3,
,,,-5.87199879,0.0,
,,,-5.86879873,-4.00000019E-3,
,,,-5.86559868,-8.000000380E-3,
,,,-5.86239862,-12.0000001E-3,
,,,-5.85919857,-16.0000008E-3,
,,,-5.85599899,-24.00000021E-3,
,,,-5.85279894,-24.00000021E-3,
,,,-5.84959888,-20.0000014E-3,
,,,-5.84639883,-32.00000152E-3,
,,,-5.84319878,-32.00000152E-3,
,,,-5.83999872,-28.00000086E-3,
,,,-5.83679867,-48.00000042E-3,
,,,-5.83359861,-44.00000349E-3,
,,,-5.83039856,-44.00000349E-3,
,,,-5.82719898,-16.0000008E-3,
,,,-5.82399893,-60.000002384E-3,
,,,-5.82079887,-60.000002384E-3,
,,,-5.81759882,-60.000002384E-3,
,,,-5.81439877,-56.000001729E-3,
,,,-5.81119871,-60.000002384E-3,
,,,-5.80799866,-64.000003040E-3,
,,,-5.80479860,-68.000003695E-3,
,,,-5.80159855,-76.000005007E-3,
,,,-5.79839897,-60.000002384E-3,
,,,-5.79519892,-64.000003040E-3,
,,,-5.79199886,-64.000003040E-3,
,,,-5.78879881,-64.000003040E-3,
,,,-5.78559875,-56.000001729E-3,
,,,-5.78239870,-56.000001729E-3,
,,,-5.77919865,-60.000002384E-3,
,,,-5.77599859,-56.000001729E-3,
,,,-5.77279854,-56.000001729E-3,
,,,-5.76959896,-56.000001729E-3,
,,,-5.76639891,-44.00000349E-3,
,,,-5.76319885,-44.00000349E-3,
,,,-5.75999880,-32.00000152E-3,
,,,-5.75679874,-32.00000152E-3,
,,,-5.75359869,-20.0000014E-3,
,,,-5.75039864,-16.0000008E-3,
,,,-5.74719858,-32.00000152E-3,
,,,-5.74399853,-20.0000014E-3,
,,,-5.74079895,-20.0000014E-3,
,,,-5.73759890,-16.0000008E-3,
,,,-5.73439884,-12.0000001E-3,
,,,-5.73119879,0.0,
,,,-5.72799873,-12.0000001E-3,
,,,-5.72479868,-12.0000001E-3,
,,,-5.72159863,-8.000000380E-3,
,,,-5.71839857,-8.000000380E-3,
,,,-5.71519852,-8.000000380E-3,
,,,-5.71199894,0.0,
,,,-5.70879889,-8.000000380E-3,
,,,-5.70559883,0.0,
,,,-5.70239878,8.000000380E-3,
,,,-5.69919872,0.0,
,,,-5.69599867,0.0,
,,,-5.69279861,4.00000019E-3,
,,,-5.68959856,4.00000019E-3,
,,,-5.68639898,0.0,
,,,-5.68319893,16.0000008E-3,
,,,-5.67999887,4.00000019E-3,
,,,-5.67679882,8.000000380E-3,
,,,-5.67359877,12.0000001E-3,
,,,-5.67039871,8.000000380E-3,
,,,-5.66719866,4.00000019E-3,
,,,-5.66399860,0.0,
,,,-5.66079855,12.0000001E-3,
,,,-5.65759897,4.00000019E-3,
,,,-5.65439892,-8.000000380E-3,
,,,-5.65119886,-4.00000019E-3,
,,,-5.64799881,-12.0000001E-3,
,,,-5.64479876,-16.0000008E-3,
,,,-5.64159870,-24.00000021E-3,
,,,-5.63839865,-24.00000021E-3,
,,,-5.63519859,-20.0000014E-3,
,,,-5.63199854,-28.00000086E-3,
,,,-5.62879896,-36.00000218E-3,
,,,-5.62559891,-40.00000283E-3,
,,,-5.62239885,-40.00000283E-3,
,,,-5.61919880,-48.00000042E-3,
,,,-5.61599874,-52.00000107E-3,
,,,-5.61279869,-52.00000107E-3,
,,,-5.60959864,-56.000001729E-3,
,,,-5.60639858,-56.000001729E-3,
,,,-5.60319853,-64.000003040E-3,
,,,-5.59999895,-72.000004351E-3,
,,,-5.59679890,-72.000004351E-3,
,,,-5.59359884,-72.000004351E-3,
,,,-5.59039879,-88.000006974E-3,
,,,-5.58719873,-76.000005007E-3,
,,,-5.58399868,-68.000003695E-3,
,,,-5.58079863,-88.000006974E-3,
,,,-5.57759857,-76.000005007E-3,
,,,-5.57439852,-72.000004351E-3,
,,,-5.57119894,-76.000005007E-3,
,,,-5.56799889,-76.000005007E-3,
,,,-5.56479883,-64.000003040E-3,
,,,-5.56159878,-64.000003040E-3,
,,,-5.55839872,-68.000003695E-3,
,,,-5.55519867,-56.000001729E-3,
,,,-5.55199862,-64.000003040E-3,
,,,-5.54879856,-68.000003695E-3,
,,,-5.54559851,-60.000002384E-3,
,,,-5.54239893,-56.000001729E-3,
,,,-5.53919888,-56.000001729E-3,
,,,-5.53599882,-48.00000042E-3,
,,,-5.53279877,-44.00000349E-3,
,,,-5.52959871,-44.00000349E-3,
,,,-5.52639866,-44.00000349E-3,
,,,-5.52319860,-32.00000152E-3,
,,,-5.51999855,-28.00000086E-3,
,,,-5.51679897,-24.00000021E-3,
,,,-5.51359892,-28.00000086E-3,
,,,-5.51039886,-20.0000014E-3,
,,,-5.50719881,-12.0000001E-3,
,,,-5.50399876,-12.0000001E-3,
,,,-5.50079870,0.0,
,,,-5.49759865,4.00000019E-3,
,,,-5.49439859,16.0000008E-3,
,,,-5.49119854,20.0000014E-3,
,,,-5.48799896,28.00000086E-3,
,,,-5.48479891,36.00000218E-3,
,,,-5.48159885,52.00000107E-3,
,,,-5.47839880,52.00000107E-3,
,,,-5.47519875,68.000003695E-3,
,,,-5.47199869,72.000004351E-3,
,,,-5.46879864,76.000005007E-3,
,,,-5.46559858,84.000006318E-3,
,,,-5.46239853,96.000000834E-3,
,,,-5.45919895,104.0000021E-3,
,,,-5.45599890,108.0000028E-3,
,,,-5.45279884,116.0000041E-3,
,,,-5.44959879,116.0000041E-3,
,,,-5.44639874,120.0000048E-3,
,,,-5.44319868,124.0000054E-3,
,,,-5.43999863,128.0000061E-3,
,,,-5.43679857,136.0000074E-3,
,,,-5.43359852,148.0000019E-3,
,,,-5.43039894,136.0000074E-3,
,,,-5.42719889,136.0000074E-3,
,,,-5.42399883,136.0000074E-3,
,,,-5.42079878,124.0000054E-3,
,,,-5.41759872,140.0000006E-3,
,,,-5.41439867,131.9999993E-3,
,,,-5.41119862,128.0000061E-3,
,,,-5.40799856,120.0000048E-3,
,,,-5.40479851,116.0000041E-3,
,,,-5.40159893,112.0000035E-3,
,,,-5.39839888,92.000007629E-3,
,,,-5.39519882,100.0000015E-3,
,,,-5.39199877,92.000007629E-3,
,,,-5.38879871,88.000006974E-3,
,,,-5.38559866,72.000004351E-3,
,,,-5.38239861,56.000001729E-3,
,,,-5.37919855,52.00000107E-3,
,,,-5.37599850,52.00000107E-3,
,,,-5.37279892,44.00000349E-3,
,,,-5.36959887,32.00000152E-3,
,,,-5.36639881,28.00000086E-3,
,,,-5.36319876,16.0000008E-3,
,,,-5.35999870,16.0000008E-3,
,,,-5.35679865,16.0000008E-3,
,,,-5.35359859,4.00000019E-3,
,,,-5.35039854,4.00000019E-3,
,,,-5.34719896,4.00000019E-3,
,,,-5.34399891,-12.0000001E-3,
,,,-5.34079885,-4.00000019E-3,
,,,-5.33759880,-16.0000008E-3,
,,,-5.33439875,-24.00000021E-3,
,,,-5.33119869,-16.0000008E-3,
,,,-5.32799864,-28.00000086E-3,
,,,-5.32479858,-28.00000086E-3,
,,,-5.32159853,-32.00000152E-3,
,,,-5.31839895,-36.00000218E-3,
,,,-5.31519890,-36.00000218E-3,
,,,-5.31199884,-40.00000283E-3,
,,,-5.30879879,-56.000001729E-3,
,,,-5.30559874,-68.000003695E-3,
,,,-5.30239868,-52.00000107E-3,
,,,-5.29919863,-60.000002384E-3,
,,,-5.29599857,-56.000001729E-3,
,,,-5.29279852,-56.000001729E-3,
,,,-5.28959894,-64.000003040E-3,
,,,-5.28639889,-56.000001729E-3,
,,,-5.28319883,-60.000002384E-3,
,,,-5.27999878,-48.00000042E-3,
,,,-5.27679873,-44.00000349E-3,
,,,-5.27359867,-52.00000107E-3,
,,,-5.27039862,-36.00000218E-3,
,,,-5.26719856,-48.00000042E-3,
,,,-5.26399851,-48.00000042E-3,
,,,-5.26079893,-44.00000349E-3,
,,,-5.25759888,-44.00000349E-3,
,,,-5.25439882,-24.00000021E-3,
,,,-5.25119877,-32.00000152E-3,
,,,-5.24799871,-32.00000152E-3,
,,,-5.24479866,-36.00000218E-3,
,,,-5.24159861,-20.0000014E-3,
,,,-5.23839855,-20.0000014E-3,
,,,-5.23519850,-24.00000021E-3,
,,,-5.23199892,-16.0000008E-3,
,,,-5.22879887,-12.0000001E-3,
,,,-5.22559881,-4.00000019E-3,
,,,-5.22239876,12.0000001E-3,
,,,-5.21919870,-8.000000380E-3,
,,,-5.21599865,4.00000019E-3,
,,,-5.21279860,8.000000380E-3,
,,,-5.20959854,8.000000380E-3,
,,,-5.20639896,16.0000008E-3,
,,,-5.20319891,20.0000014E-3,
,,,-5.19999886,4.00000019E-3,
,,,-5.19679880,0.0,
,,,-5.19359875,4.00000019E-3,
,,,-5.19039869,8.000000380E-3,
,,,-5.18719864,8.000000380E-3,
,,,-5.18399858,16.0000008E-3,
,,,-5.18079853,12.0000001E-3,
,,,-5.17759895,12.0000001E-3,
,,,-5.17439890,12.0000001E-3,
,,,-5.17119884,12.0000001E-3,
,,,-5.16799879,8.000000380E-3,
,,,-5.16479874,20.0000014E-3,
,,,-5.16159868,28.00000086E-3,
,,,-5.15839863,20.0000014E-3,
,,,-5.15519857,20.0000014E-3,
,,,-5.15199852,28.00000086E-3,
,,,-5.14879894,28.00000086E-3,
,,,-5.14559889,28.00000086E-3,
,,,-5.14239883,28.00000086E-3,
,,,-5.13919878,32.00000152E-3,
,,,-5.13599873,48.00000042E-3,
,,,-5.13279867,32.00000152E-3,
,,,-5.12959862,40.00000283E-3,
,,,-5.12639856,40.00000283E-3,
,,,-5.12319851,40.00000283E-3,
,,,-5.11999893,44.00000349E-3,
,,,-5.11679888,56.000001729E-3,
,,,-5.11359882,44.00000349E-3,
,,,-5.11039877,36.00000218E-3,
,,,-5.10719872,64.000003040E-3,
,,,-5.10399866,28.00000086E-3,
,,,-5.10079861,44.00000349E-3,
,,,-5.09759855,36.00000218E-3,
,,,-5.09439850,44.00000349E-3,
,,,-5.09119892,36.00000218E-3,
,,,-5.08799887,32.00000152E-3,
,,,-5.08479881,32.00000152E-3,
,,,-5.08159876,32.00000152E-3,
,,,-5.07839870,32.00000152E-3,
,,,-5.07519865,28.00000086E-3,
,,,-5.07199860,28.00000086E-3,
,,,-5.06879854,32.00000152E-3,
,,,-5.06559849,16.0000008E-3,
,,,-5.06239891,16.0000008E-3,
,,,-5.05919886,12.0000001E-3,
,,,-5.05599880,4.00000019E-3,
,,,-5.05279875,0.0,
,,,-5.04959869,0.0,
,,,-5.04639864,-4.00000019E-3,
,,,-5.04319859,-8.000000380E-3,
,,,-5.03999853,-12.0000001E-3,
,,,-5.03679895,-16.0000008E-3,
,,,-5.03359890,-16.0000008E-3,
,,,-5.03039885,-24.00000021E-3,
,,,-5.02719879,-16.0000008E-3,
,,,-5.02399874,-20.0000014E-3,
,,,-5.02079868,-24.00000021E-3,
,,,-5.01759863,-44.00000349E-3,
,,,-5.01439857,-32.00000152E-3,
,,,-5.01119852,-28.00000086E-3,
,,,-5.00799894,-36.00000218E-3,
,,,-5.00479889,-40.00000283E-3,
,,,-5.00159883,-40.00000283E-3,
,,,-4.99839878,-36.00000218E-3,
,,,-4.99519873,-52.00000107E-3,
,,,-4.99199867,-44.00000349E-3,
,,,-4.98879862,-44.00000349E-3,
,,,-4.98559856,-44.00000349E-3,
,,,-4.98239851,-52.00000107E-3,
,,,-4.97919893,-52.00000107E-3,
,,,-4.97599888,-48.00000042E-3,
,,,-4.97279882,-48.00000042E-3,
,,,-4.96959877,-52.00000107E-3,
,,,-4.96639872,-44.00000349E-3,
,,,-4.96319866,-44.00000349E-3,
,,,-4.95999861,-44.00000349E-3,
,,,-4.95679855,-40.00000283E-3,
,,,-4.95359850,-40.00000283E-3,
,,,-4.95039892,-44.00000349E-3,
,,,-4.94719887,-44.00000349E-3,
,,,-4.94399881,-48.00000042E-3,
,,,-4.94079876,-36.00000218E-3,
,,,-4.93759871,-36.00000218E-3,
,,,-4.93439865,-40.00000283E-3,
,,,-4.93119860,-36.00000218E-3,
,,,-4.92799854,-52.00000107E-3,
,,,-4.92479849,-28.00000086E-3,
,,,-4.92159891,-24.00000021E-3,
,,,-4.91839886,-28.00000086E-3,
,,,-4.91519880,-32.00000152E-3,
,,,-4.91199875,-32.00000152E-3,
,,,-4.90879869,-28.00000086E-3,
,,,-4.90559864,-28.00000086E-3,
,,,-4.90239859,-12.0000001E-3,
,,,-4.89919853,-24.00000021E-3,
,,,-4.89599848,-20.0000014E-3,
,,,-4.89279890,-28.00000086E-3,
,,,-4.88959885,-24.00000021E-3,
,,,-4.88639879,-20.0000014E-3,
,,,-4.88319874,-20.0000014E-3,
,,,-4.87999868,-32.00000152E-3,
,,,-4.87679863,-28.00000086E-3,
,,,-4.87359858,-24.00000021E-3,
,,,-4.87039852,-28.00000086E-3,
,,,-4.86719894,-32.00000152E-3,
,,,-4.86399889,-32.00000152E-3,
,,,-4.86079884,-40.00000283E-3,
,,,-4.85759878,-24.00000021E-3,
,,,-4.85439873,-16.0000008E-3,
,,,-4.85119867,-24.00000021E-3,
,,,-4.84799862,-16.0000008E-3,
,,,-4.84479856,-12.0000001E-3,
,,,-4.84159851,-16.0000008E-3,
,,,-4.83839893,-8.000000380E-3,
,,,-4.83519888,-8.000000380E-3,
,,,-4.83199883,-12.0000001E-3,
,,,-4.82879877,-20.0000014E-3,
,,,-4.82559872,-8.000000380E-3,
,,,-4.82239866,-16.0000008E-3,
,,,-4.81919861,0.0,
,,,-4.81599855,-8.000000380E-3,
,,,-4.81279850,-12.0000001E-3,
,,,-4.80959892,-4.00000019E-3,
,,,-4.80639887,-4.00000019E-3,
,,,-4.80319881,-16.0000008E-3,
,,,-4.79999876,-20.0000014E-3,
,,,-4.79679871,-8.000000380E-3,
,,,-4.79359865,-12.0000001E-3,
,,,-4.79039860,-20.0000014E-3,
,,,-4.78719854,-12.0000001E-3,
,,,-4.78399849,-24.00000021E-3,
,,,-4.78079891,-32.00000152E-3,
,,,-4.77759886,-20.0000014E-3,
,,,-4.77439880,-24.00000021E-3,
,,,-4.77119875,-28.00000086E-3,
,,,-4.76799870,-24.00000021E-3,
,,,-4.76479864,-24.00000021E-3,
,,,-4.76159859,-28.00000086E-3,
,,,-4.75839853,-36.00000218E-3,
,,,-4.75519848,-28.00000086E-3,
,,,-4.75199890,-28.00000086E-3,
,,,-4.74879885,-28.00000086E-3,
,,,-4.74559879,-24.00000021E-3,
,,,-4.74239874,-28.00000086E-3,
,,,-4.73919868,-16.0000008E-3,
,,,-4.73599863,-28.00000086E-3,
,,,-4.73279858,-12.0000001E-3,
,,,-4.72959852,-20.0000014E-3,
,,,-4.72639847,-16.0000008E-3,
,,,-4.72319889,-20.0000014E-3,
,,,-4.71999884,-8.000000380E-3,
,,,-4.71679878,-4.00000019E-3,
,,,-4.71359873,-8.000000380E-3,
,,,-4.71039867,-4.00000019E-3,
,,,-4.70719862,8.000000380E-3,
,,,-4.70399857,8.000000380E-3,
,,,-4.70079851,8.000000380E-3,
,,,-4.69759893,16.0000008E-3,
,,,-4.69439888,24.00000021E-3,
,,,-4.69119883,24.00000021E-3,
,,,-4.68799877,16.0000008E-3,
,,,-4.68479872,20.0000014E-3,
,,,-4.68159866,28.00000086E-3,
,,,-4.67839861,28.00000086E-3,
,,,-4.67519855,28.00000086E-3,
,,,-4.67199850,32.00000152E-3,
,,,-4.66879892,32.00000152E-3,
,,,-4.66559887,36.00000218E-3,
,,,-4.66239882,28.00000086E-3,
,,,-4.65919876,44.00000349E-3,
,,,-4.65599871,44.00000349E-3,
,,,-4.65279865,60.000002384E-3,
,,,-4.64959860,56.000001729E-3,
,,,-4.64639854,64.000003040E-3,
,,,-4.64319849,68.000003695E-3,
,,,-4.63999891,68.000003695E-3,
,,,-4.63679886,76.000005007E-3,
,,,-4.63359880,84.000006318E-3,
,,,-4.63039875,92.000007629E-3,
,,,-4.62719870,84.000006318E-3,
,,,-4.62399864,80.000005662E-3,
,,,-4.62079859,108.0000028E-3,
,,,-4.61759853,104.0000021E-3,
,,,-4.61439848,112.0000035E-3,
,,,-4.61119890,124.0000054E-3,
,,,-4.60799885,120.0000048E-3,
,,,-4.60479879,112.0000035E-3,
,,,-4.60159874,131.9999993E-3,
,,,-4.59839869,136.0000074E-3,
,,,-4.59519863,131.9999993E-3,
,,,-4.59199858,131.9999993E-3,
,,,-4.58879852,144.0000087E-3,
,,,-4.58559847,128.0000061E-3,
,,,-4.58239889,120.0000048E-3,
,,,-4.57919884,144.0000087E-3,
,,,-4.57599878,120.0000048E-3,
,,,-4.57279873,100.0000015E-3,
,,,-4.56959867,116.0000041E-3,
,,,-4.56639862,112.0000035E-3,
,,,-4.56319857,104.0000021E-3,
,,,-4.55999851,92.000007629E-3,
,,,-4.55679893,104.0000021E-3,
,,,-4.55359888,96.000000834E-3,
,,,-4.55039883,84.000006318E-3,
,,,-4.54719877,76.000005007E-3,
,,,-4.54399872,72.000004351E-3,
,,,-4.54079866,68.000003695E-3,
,,,-4.53759861,52.00000107E-3,
,,,-4.53439856,40.00000283E-3,
,,,-4.53119850,32.00000152E-3,
,,,-4.52799892,28.00000086E-3,
,,,-4.52479887,24.00000021E-3,
,,,-4.52159882,12.0000001E-3,
,,,-4.51839876,8.000000380E-3,
,,,-4.51519871,4.00000019E-3,
,,,-4.51199865,-4.00000019E-3,
,,,-4.50879860,-4.00000019E-3,
,,,-4.50559855,-12.0000001E-3,
,,,-4.50239849,-12.0000001E-3,
,,,-4.49919891,-36.00000218E-3,
,,,-4.49599886,-28.00000086E-3,
,,,-4.49279881,-24.00000021E-3,
,,,-4.48959875,-36.00000218E-3,
,,,-4.48639870,-40.00000283E-3,
,,,-4.48319864,-40.00000283E-3,
,,,-4.47999859,-40.00000283E-3,
,,,-4.47679853,-44.00000349E-3,
,,,-4.47359848,-56.000001729E-3,
,,,-4.47039890,-48.00000042E-3,
,,,-4.46719885,-56.000001729E-3,
,,,-4.46399879,-60.000002384E-3,
,,,-4.46079874,-52.00000107E-3,
,,,-4.45759869,-52.00000107E-3,
,,,-4.45439863,-60.000002384E-3,
,,,-4.45119858,-56.000001729E-3,
,,,-4.44799852,-64.000003040E-3,
,,,-4.44479847,-68.000003695E-3,
,,,-4.44159889,-64.000003040E-3,
,,,-4.43839884,-56.000001729E-3,
,,,-4.43519878,-56.000001729E-3,
,,,-4.43199873,-56.000001729E-3,
,,,-4.42879868,-56.000001729E-3,
,,,-4.42559862,-64.000003040E-3,
,,,-4.42239857,-56.000001729E-3,
,,,-4.41919851,-64.000003040E-3,
,,,-4.41599846,-36.00000218E-3,
,,,-4.41279888,-60.000002384E-3,
,,,-4.40959883,-64.000003040E-3,
,,,-4.40639877,-52.00000107E-3,
,,,-4.40319872,-60.000002384E-3,
,,,-4.39999866,-56.000001729E-3,
,,,-4.39679861,-52.00000107E-3,
,,,-4.39359856,-52.00000107E-3,
,,,-4.39039850,-60.000002384E-3,
,,,-4.38719893,-56.000001729E-3,
,,,-4.38399887,-48.00000042E-3,
,,,-4.38079882,-52.00000107E-3,
,,,-4.37759876,-60.000002384E-3,
,,,-4.37439871,-52.00000107E-3,
,,,-4.37119865,-44.00000349E-3,
,,,-4.36799860,-44.00000349E-3,
,,,-4.36479855,-40.00000283E-3,
,,,-4.36159849,-60.000002384E-3,
,,,-4.35839891,-40.00000283E-3,
,,,-4.35519886,-40.00000283E-3,
,,,-4.35199881,-32.00000152E-3,
,,,-4.34879875,-36.00000218E-3,
,,,-4.34559870,-36.00000218E-3,
,,,-4.34239864,-28.00000086E-3,
,,,-4.33919859,-28.00000086E-3,
,,,-4.33599854,-36.00000218E-3,
,,,-4.33279848,-12.0000001E-3,
,,,-4.32959890,-20.0000014E-3,
,,,-4.32639885,-20.0000014E-3,
,,,-4.32319880,0.0,
,,,-4.31999874,-20.0000014E-3,
,,,-4.31679869,-16.0000008E-3,
,,,-4.31359863,-12.0000001E-3,
,,,-4.31039858,-4.00000019E-3,
,,,-4.30719852,4.00000019E-3,
,,,-4.30399847,-12.0000001E-3,
,,,-4.30079889,0.0,
,,,-4.29759884,4.00000019E-3,
,,,-4.29439878,8.000000380E-3,
,,,-4.29119873,12.0000001E-3,
,,,-4.28799868,12.0000001E-3,
,,,-4.28479862,24.00000021E-3,
,,,-4.28159857,32.00000152E-3,
,,,-4.27839851,32.00000152E-3,
,,,-4.27519846,24.00000021E-3,
,,,-4.27199888,28.00000086E-3,
,,,-4.26879883,32.00000152E-3,
,,,-4.26559877,32.00000152E-3,
,,,-4.26239872,28.00000086E-3,
,,,-4.25919867,36.00000218E-3,
,,,-4.25599861,32.00000152E-3,
,,,-4.25279856,28.00000086E-3,
,,,-4.24959850,32.00000152E-3,
,,,-4.24639845,28.00000086E-3,
,,,-4.24319887,32.00000152E-3,
,,,-4.23999882,32.00000152E-3,
,,,-4.23679876,32.00000152E-3,
,,,-4.23359871,24.00000021E-3,
,,,-4.23039865,20.0000014E-3,
,,,-4.22719860,20.0000014E-3,
,,,-4.22399855,24.00000021E-3,
,,,-4.22079849,12.0000001E-3,
,,,-4.21759892,16.0000008E-3,
,,,-4.21439886,20.0000014E-3,
,,,-4.21119881,8.000000380E-3,
,,,-4.20799875,8.000000380E-3,
,,,-4.20479870,4.00000019E-3,
,,,-4.20159864,8.000000380E-3,
,,,-4.19839859,-4.00000019E-3,
,,,-4.19519854,-4.00000019E-3,
,,,-4.19199848,-16.0000008E-3,
,,,-4.18879890,-20.0000014E-3,
,,,-4.18559885,-20.0000014E-3,
,,,-4.18239880,-32.00000152E-3,
,,,-4.17919874,-24.00000021E-3,
,,,-4.17599869,-12.0000001E-3,
,,,-4.17279863,-40.00000283E-3,
,,,-4.16959858,-36.00000218E-3,
,,,-4.16639853,-44.00000349E-3,
,,,-4.16319847,-56.000001729E-3,
,,,-4.15999889,-44.00000349E-3,
,,,-4.15679884,-28.00000086E-3,
,,,-4.15359879,-48.00000042E-3,
,,,-4.15039873,-44.00000349E-3,
,,,-4.14719868,-48.00000042E-3,
,,,-4.14399862,-48.00000042E-3,
,,,-4.14079857,-60.000002384E-3,
,,,-4.13759851,-48.00000042E-3,
,,,-4.13439846,-48.00000042E-3,
,,,-4.13119888,-52.00000107E-3,
,,,-4.12799883,-52.00000107E-3,
,,,-4.12479877,-52.00000107E-3,
,,,-4.12159872,-48.00000042E-3,
,,,-4.11839867,-56.000001729E-3,
,,,-4.11519861,-44.00000349E-3,
,,,-4.11199856,-44.00000349E-3,
,,,-4.10879850,-48.00000042E-3,
,,,-4.10559845,-44.00000349E-3,
,,,-4.10239887,-32.00000152E-3,
,,,-4.09919882,-48.00000042E-3,
,,,-4.09599876,-44.00000349E-3,
,,,-4.09279871,-48.00000042E-3,
,,,-4.08959866,-32.00000152E-3,
,,,-4.08639860,-44.00000349E-3,
,,,-4.08319855,-44.00000349E-3,
,,,-4.07999849,-40.00000283E-3,
,,,-4.07679844,-40.00000283E-3,
,,,-4.07359886,-36.00000218E-3,
,,,-4.07039881,-36.00000218E-3,
,,,-4.06719875,-32.00000152E-3,
,,,-4.06399870,-36.00000218E-3,
,,,-4.06079865,-28.00000086E-3,
,,,-4.05759859,-36.00000218E-3,
,,,-4.05439854,-24.00000021E-3,
,,,-4.05119848,-28.00000086E-3,
,,,-4.04799891,-20.0000014E-3,
,,,-4.04479885,-24.00000021E-3,
,,,-4.04159880,-16.0000008E-3,
,,,-4.03839874,-16.0000008E-3,
,,,-4.03519869,-12.0000001E-3,
,,,-4.03199863,0.0,
,,,-4.02879858,-16.0000008E-3,
,,,-4.02559853,-4.00000019E-3,
,,,-4.02239847,-12.0000001E-3,
,,,-4.01919889,-20.0000014E-3,
,,,-4.01599884,0.0,
,,,-4.01279879,8.000000380E-3,
,,,-4.00959873,8.000000380E-3,
,,,-4.00639868,4.00000019E-3,
,,,-4.00319862,8.000000380E-3,
,,,-3.99999857,12.0000001E-3,
,,,-3.99679875,4.00000019E-3,
,,,-3.99359870,8.000000380E-3,
,,,-3.99039865,4.00000019E-3,
,,,-3.98719859,8.000000380E-3,
,,,-3.98399878,4.00000019E-3,
,,,-3.98079872,4.00000019E-3,
,,,-3.97759867,12.0000001E-3,
,,,-3.97439861,12.0000001E-3,
,,,-3.97119856,16.0000008E-3,
,,,-3.96799874,16.0000008E-3,
,,,-3.96479869,12.0000001E-3,
,,,-3.96159863,8.000000380E-3,
,,,-3.95839858,16.0000008E-3,
,,,-3.95519876,16.0000008E-3,
,,,-3.95199871,20.0000014E-3,
,,,-3.94879866,24.00000021E-3,
,,,-3.94559860,20.0000014E-3,
,,,-3.94239855,8.000000380E-3,
,,,-3.93919873,8.000000380E-3,
,,,-3.93599868,20.0000014E-3,
,,,-3.93279862,20.0000014E-3,
,,,-3.92959857,36.00000218E-3,
,,,-3.92639875,20.0000014E-3,
,,,-3.92319870,32.00000152E-3,
,,,-3.91999865,20.0000014E-3,
,,,-3.91679859,28.00000086E-3,
,,,-3.91359878,20.0000014E-3,
,,,-3.91039872,16.0000008E-3,
,,,-3.90719867,16.0000008E-3,
,,,-3.90399861,24.00000021E-3,
,,,-3.90079856,-8.000000380E-3,
,,,-3.89759874,20.0000014E-3,
,,,-3.89439869,24.00000021E-3,
,,,-3.89119864,16.0000008E-3,
,,,-3.88799858,24.00000021E-3,
,,,-3.88479877,20.0000014E-3,
,,,-3.88159871,20.0000014E-3,
,,,-3.87839866,20.0000014E-3,
,,,-3.87519860,16.0000008E-3,
,,,-3.87199855,20.0000014E-3,
,,,-3.86879873,16.0000008E-3,
,,,-3.86559868,16.0000008E-3,
,,,-3.86239862,12.0000001E-3,
,,,-3.85919857,28.00000086E-3,
,,,-3.85599875,28.00000086E-3,
,,,-3.85279870,12.0000001E-3,
,,,-3.84959865,12.0000001E-3,
,,,-3.84639859,16.0000008E-3,
,,,-3.84319878,28.00000086E-3,
,,,-3.83999872,12.0000001E-3,
,,,-3.83679867,12.0000001E-3,
,,,-3.83359861,8.000000380E-3,
,,,-3.83039856,12.0000001E-3,
,,,-3.82719874,12.0000001E-3,
,,,-3.82399869,12.0000001E-3,
,,,-3.82079864,12.0000001E-3,
,,,-3.81759858,16.0000008E-3,
,,,-3.81439877,20.0000014E-3,
,,,-3.81119871,16.0000008E-3,
,,,-3.80799866,20.0000014E-3,
,,,-3.80479860,28.00000086E-3,
,,,-3.80159855,20.0000014E-3,
,,,-3.79839873,32.00000152E-3,
,,,-3.79519868,36.00000218E-3,
,,,-3.79199862,40.00000283E-3,
,,,-3.78879857,52.00000107E-3,
,,,-3.78559875,52.00000107E-3,
,,,-3.78239870,48.00000042E-3,
,,,-3.77919865,60.000002384E-3,
,,,-3.77599859,68.000003695E-3,
,,,-3.77279878,64.000003040E-3,
,,,-3.76959872,60.000002384E-3,
,,,-3.76639867,72.000004351E-3,
,,,-3.76319861,72.000004351E-3,
,,,-3.75999856,76.000005007E-3,
,,,-3.75679874,76.000005007E-3,
,,,-3.75359869,84.000006318E-3,
,,,-3.75039864,84.000006318E-3,
,,,-3.74719858,84.000006318E-3,
,,,-3.74399877,80.000005662E-3,
,,,-3.74079871,64.000003040E-3,
,,,-3.73759866,72.000004351E-3,
,,,-3.73439860,76.000005007E-3,
,,,-3.73119855,68.000003695E-3,
,,,-3.72799873,68.000003695E-3,
,,,-3.72479868,68.000003695E-3,
,,,-3.72159863,64.000003040E-3,
,,,-3.71839857,52.00000107E-3,
,,,-3.71519876,52.00000107E-3,
,,,-3.71199870,44.00000349E-3,
,,,-3.70879865,44.00000349E-3,
,,,-3.70559859,44.00000349E-3,
,,,-3.70239854,32.00000152E-3,
,,,-3.69919872,32.00000152E-3,
,,,-3.69599867,16.0000008E-3,
,,,-3.69279861,4.00000019E-3,
,,,-3.68959856,4.00000019E-3,
,,,-3.68639874,4.00000019E-3,
,,,-3.68319869,-16.0000008E-3,
,,,-3.67999864,-4.00000019E-3,
,,,-3.67679858,-16.0000008E-3,
,,,-3.67359877,-24.00000021E-3,
,,,-3.67039871,-28.00000086E-3,
,,,-3.66719866,-24.00000021E-3,
,,,-3.66399860,-32.00000152E-3,
,,,-3.66079855,-36.00000218E-3,
,,,-3.65759873,-44.00000349E-3,
,,,-3.65439868,-36.00000218E-3,
,,,-3.65119863,-48.00000042E-3,
,,,-3.64799857,-52.00000107E-3,
,,,-3.64479876,-52.00000107E-3,
,,,-3.64159870,-72.000004351E-3,
,,,-3.63839865,-48.00000042E-3,
,,,-3.63519859,-60.000002384E-3,
,,,-3.63199854,-60.000002384E-3,
,,,-3.62879872,-72.000004351E-3,
,,,-3.62559867,-40.00000283E-3,
,,,-3.62239861,-60.000002384E-3,
,,,-3.61919856,-64.000003040E-3,
,,,-3.61599874,-64.000003040E-3,
,,,-3.61279869,-64.000003040E-3,
,,,-3.60959864,-72.000004351E-3,
,,,-3.60639858,-68.000003695E-3,
,,,-3.60319877,-56.000001729E-3,
,,,-3.59999871,-60.000002384E-3,
,,,-3.59679866,-68.000003695E-3,
,,,-3.59359860,-68.000003695E-3,
,,,-3.59039855,-68.000003695E-3,
,,,-3.58719873,-60.000002384E-3,
,,,-3.58399868,-64.000003040E-3,
,,,-3.58079863,-64.000003040E-3,
,,,-3.57759857,-56.000001729E-3,
,,,-3.57439876,-60.000002384E-3,
,,,-3.57119870,-60.000002384E-3,
,,,-3.56799865,-60.000002384E-3,
,,,-3.56479859,-64.000003040E-3,
,,,-3.56159854,-52.00000107E-3,
,,,-3.55839872,-60.000002384E-3,
,,,-3.55519867,-52.00000107E-3,
,,,-3.55199862,-48.00000042E-3,
,,,-3.54879856,-40.00000283E-3,
,,,-3.54559875,-52.00000107E-3,
,,,-3.54239869,-52.00000107E-3,
,,,-3.53919864,-48.00000042E-3,
,,,-3.53599858,-68.000003695E-3,
,,,-3.53279877,-44.00000349E-3,
,,,-3.52959871,-52.00000107E-3,
,,,-3.52639866,-48.00000042E-3,
,,,-3.52319860,-40.00000283E-3,
,,,-3.51999855,-28.00000086E-3,
,,,-3.51679873,-24.00000021E-3,
,,,-3.51359868,-24.00000021E-3,
,,,-3.51039863,-24.00000021E-3,
,,,-3.50719857,-24.00000021E-3,
,,,-3.50399876,-24.00000021E-3,
,,,-3.50079870,-20.0000014E-3,
,,,-3.49759865,-8.000000380E-3,
,,,-3.49439859,-16.0000008E-3,
,,,-3.49119854,-12.0000001E-3,
,,,-3.48799872,-16.0000008E-3,
,,,-3.48479867,0.0,
,,,-3.48159862,8.000000380E-3,
,,,-3.47839856,4.00000019E-3,
,,,-3.47519875,-12.0000001E-3,
,,,-3.47199869,8.000000380E-3,
,,,-3.46879864,4.00000019E-3,
,,,-3.46559858,8.000000380E-3,
,,,-3.46239853,4.00000019E-3,
,,,-3.45919871,12.0000001E-3,
,,,-3.45599866,12.0000001E-3,
,,,-3.45279860,20.0000014E-3,
,,,-3.44959855,20.0000014E-3,
,,,-3.44639874,24.00000021E-3,
,,,-3.44319868,16.0000008E-3,
,,,-3.43999863,24.00000021E-3,
,,,-3.43679857,20.0000014E-3,
,,,-3.43359876,20.0000014E-3,
,,,-3.43039870,32.00000152E-3,
,,,-3.42719865,16.0000008E-3,
,,,-3.42399859,24.00000021E-3,
,,,-3.42079854,20.0000014E-3,
,,,-3.41759872,32.00000152E-3,
,,,-3.41439867,20.0000014E-3,
,,,-3.41119862,24.00000021E-3,
,,,-3.40799856,20.0000014E-3,
,,,-3.40479875,24.00000021E-3,
,,,-3.40159869,16.0000008E-3,
,,,-3.39839864,28.00000086E-3,
,,,-3.39519858,20.0000014E-3,
,,,-3.39199853,20.0000014E-3,
,,,-3.38879871,20.0000014E-3,
,,,-3.38559866,12.0000001E-3,
,,,-3.38239861,12.0000001E-3,
,,,-3.37919855,12.0000001E-3,
,,,-3.37599874,16.0000008E-3,
,,,-3.37279868,8.000000380E-3,
,,,-3.36959863,8.000000380E-3,
,,,-3.36639857,8.000000380E-3,
,,,-3.36319876,0.0,
,,,-3.35999870,12.0000001E-3,
,,,-3.35679865,-8.000000380E-3,
,,,-3.35359859,0.0,
,,,-3.35039854,-4.00000019E-3,
,,,-3.34719872,-12.0000001E-3,
,,,-3.34399867,-4.00000019E-3,
,,,-3.34079862,-4.00000019E-3,
,,,-3.33759856,-12.0000001E-3,
,,,-3.33439875,-12.0000001E-3,
,,,-3.33119869,-4.00000019E-3,
,,,-3.32799864,-8.000000380E-3,
,,,-3.32479858,-12.0000001E-3,
,,,-3.32159853,-8.000000380E-3,
,,,-3.31839871,-4.00000019E-3,
,,,-3.31519866,-4.00000019E-3,
,,,-3.31199861,8.000000380E-3,
,,,-3.30879855,-8.000000380E-3,
,,,-3.30559874,-4.00000019E-3,
,,,-3.30239868,12.0000001E-3,
,,,-3.29919863,-16.0000008E-3,
,,,-3.29599857,0.0,
,,,-3.29279852,0.0,
,,,-3.28959870,0.0,
,,,-3.28639865,4.00000019E-3,
,,,-3.28319860,4.00000019E-3,
,,,-3.27999854,0.0,
,,,-3.27679873,20.0000014E-3,
,,,-3.27359867,8.000000380E-3,
,,,-3.27039862,8.000000380E-3,
,,,-3.26719856,4.00000019E-3,
,,,-3.26399875,8.000000380E-3,
,,,-3.26079869,8.000000380E-3,
,,,-3.25759864,8.000000380E-3,
,,,-3.25439858,4.00000019E-3,
,,,-3.25119853,8.000000380E-3,
,,,-3.24799871,12.0000001E-3,
,,,-3.24479866,8.000000380E-3,
,,,-3.24159861,0.0,
,,,-3.23839855,12.0000001E-3,
,,,-3.23519874,12.0000001E-3,
,,,-3.23199868,8.000000380E-3,
,,,-3.22879863,12.0000001E-3,
,,,-3.22559857,8.000000380E-3,
,,,-3.22239852,12.0000001E-3,
,,,-3.21919870,24.00000021E-3,
,,,-3.21599865,8.000000380E-3,
,,,-3.21279860,20.0000014E-3,
,,,-3.20959854,32.00000152E-3,
,,,-3.20639873,16.0000008E-3,
,,,-3.20319867,16.0000008E-3,
,,,-3.19999862,8.000000380E-3,
,,,-3.19679856,20.0000014E-3,
,,,-3.19359875,16.0000008E-3,
,,,-3.19039869,20.0000014E-3,
,,,-3.18719864,16.0000008E-3,
,,,-3.18399858,20.0000014E-3,
,,,-3.18079853,20.0000014E-3,
,,,-3.17759871,16.0000008E-3,
,,,-3.17439866,16.0000008E-3,
,,,-3.17119861,16.0000008E-3,
,,,-3.16799855,12.0000001E-3,
,,,-3.16479874,4.00000019E-3,
,,,-3.16159868,20.0000014E-3,
,,,-3.15839863,12.0000001E-3,
,,,-3.15519857,20.0000014E-3,
,,,-3.15199852,24.00000021E-3,
,,,-3.14879870,12.0000001E-3,
,,,-3.14559865,12.0000001E-3,
,,,-3.14239860,16.0000008E-3,
,,,-3.13919854,24.00000021E-3,
,,,-3.13599873,28.00000086E-3,
,,,-3.13279867,8.000000380E-3,
,,,-3.12959862,12.0000001E-3,
,,,-3.12639856,28.00000086E-3,
,,,-3.12319851,12.0000001E-3,
,,,-3.11999869,16.0000008E-3,
,,,-3.11679864,20.0000014E-3,
,,,-3.11359859,40.00000283E-3,
,,,-3.11039853,24.00000021E-3,
,,,-3.10719872,20.0000014E-3,
,,,-3.10399866,40.00000283E-3,
,,,-3.10079861,24.00000021E-3,
,,,-3.09759855,28.00000086E-3,
,,,-3.09439874,24.00000021E-3,
,,,-3.09119868,24.00000021E-3,
,,,-3.08799863,28.00000086E-3,
,,,-3.08479857,20.0000014E-3,
,,,-3.08159852,24.00000021E-3,
,,,-3.07839870,16.0000008E-3,
,,,-3.07519865,20.0000014E-3,
,,,-3.07199860,24.00000021E-3,
,,,-3.06879854,16.0000008E-3,
,,,-3.06559873,8.000000380E-3,
,,,-3.06239867,8.000000380E-3,
,,,-3.05919862,8.000000380E-3,
,,,-3.05599856,0.0,
,,,-3.05279851,-4.00000019E-3,
,,,-3.04959869,0.0,
,,,-3.04639864,4.00000019E-3,
,,,-3.04319859,-4.00000019E-3,
,,,-3.03999853,-12.0000001E-3,
,,,-3.03679872,-12.0000001E-3,
,,,-3.03359866,-8.000000380E-3,
,,,-3.03039861,-12.0000001E-3,
,,,-3.02719855,-44.00000349E-3,
,,,-3.02399874,-12.0000001E-3,
,,,-3.02079868,-24.00000021E-3,
,,,-3.01759863,-20.0000014E-3,
,,,-3.01439857,-16.0000008E-3,
,,,-3.01119852,-20.0000014E-3,
,,,-3.00799870,-16.0000008E-3,
,,,-3.00479865,-16.0000008E-3,
,,,-3.00159860,-24.00000021E-3,
,,,-2.99839854,-24.00000021E-3,
,,,-2.99519873,-16.0000008E-3,
,,,-2.99199867,-16.0000008E-3,
,,,-2.98879862,-4.00000019E-3,
,,,-2.98559856,-4.00000019E-3,
,,,-2.98239851,-4.00000019E-3,
,,,-2.97919869,0.0,
,,,-2.97599864,4.00000019E-3,
,,,-2.97279859,8.000000380E-3,
,,,-2.96959853,-4.00000019E-3,
,,,-2.96639872,12.0000001E-3,
,,,-2.96319866,12.0000001E-3,
,,,-2.95999861,8.000000380E-3,
,,,-2.95679855,16.0000008E-3,
,,,-2.95359874,20.0000014E-3,
,,,-2.95039868,16.0000008E-3,
,,,-2.94719863,28.00000086E-3,
,,,-2.94399858,24.00000021E-3,
,,,-2.94079852,36.00000218E-3,
,,,-2.93759871,40.00000283E-3,
,,,-2.93439865,36.00000218E-3,
,,,-2.93119860,44.00000349E-3,
,,,-2.92799854,48.00000042E-3,
,,,-2.92479873,68.000003695E-3,
,,,-2.92159867,56.000001729E-3,
,,,-2.91839862,72.000004351E-3,
,,,-2.91519856,72.000004351E-3,
,,,-2.91199851,84.000006318E-3,
,,,-2.90879869,72.000004351E-3,
,,,-2.90559864,76.000005007E-3,
,,,-2.90239859,72.000004351E-3,
,,,-2.89919853,80.000005662E-3,
,,,-2.89599872,80.000005662E-3,
,,,-2.89279866,88.000006974E-3,
,,,-2.88959861,88.000006974E-3,
,,,-2.88639855,88.000006974E-3,
,,,-2.88319850,88.000006974E-3,
,,,-2.87999868,88.000006974E-3,
,,,-2.87679863,84.000006318E-3,
,,,-2.87359858,88.000006974E-3,
,,,-2.87039852,88.000006974E-3,
,,,-2.86719871,88.000006974E-3,
,,,-2.86399865,72.000004351E-3,
,,,-2.86079860,60.000002384E-3,
,,,-2.85759854,76.000005007E-3,
,,,-2.85439873,68.000003695E-3,
,,,-2.85119867,68.000003695E-3,
,,,-2.84799862,56.000001729E-3,
,,,-2.84479856,52.00000107E-3,
,,,-2.84159851,52.00000107E-3,
,,,-2.83839869,40.00000283E-3,
,,,-2.83519864,24.00000021E-3,
,,,-2.83199859,32.00000152E-3,
,,,-2.82879853,8.000000380E-3,
,,,-2.82559872,4.00000019E-3,
,,,-2.82239866,-4.00000019E-3,
,,,-2.81919861,-12.0000001E-3,
,,,-2.81599855,0.0,
,,,-2.81279850,-12.0000001E-3,
,,,-2.80959868,-32.00000152E-3,
,,,-2.80639863,-36.00000218E-3,
,,,-2.80319858,-56.000001729E-3,
,,,-2.79999852,-44.00000349E-3,
,,,-2.79679871,-52.00000107E-3,
,,,-2.79359865,-68.000003695E-3,
,,,-2.79039860,-68.000003695E-3,
,,,-2.78719854,-76.000005007E-3,
,,,-2.78399873,-60.000002384E-3,
,,,-2.78079867,-80.000005662E-3,
,,,-2.77759862,-68.000003695E-3,
,,,-2.77439857,-84.000006318E-3,
,,,-2.77119851,-76.000005007E-3,
,,,-2.76799870,-88.000006974E-3,
,,,-2.76479864,-80.000005662E-3,
,,,-2.76159859,-88.000006974E-3,
,,,-2.75839853,-76.000005007E-3,
,,,-2.75519872,-88.000006974E-3,
,,,-2.75199866,-84.000006318E-3,
,,,-2.74879861,-84.000006318E-3,
,,,-2.74559855,-84.000006318E-3,
,,,-2.74239850,-80.000005662E-3,
,,,-2.73919868,-76.000005007E-3,
,,,-2.73599863,-80.000005662E-3,
,,,-2.73279858,-76.000005007E-3,
,,,-2.72959852,-72.000004351E-3,
,,,-2.72639871,-68.000003695E-3,
,,,-2.72319865,-80.000005662E-3,
,,,-2.71999860,-56.000001729E-3,
,,,-2.7167985,-64.000003040E-3,
,,,-2.7135987,-60.000002384E-3,
,,,-2.7103987,-60.000002384E-3,
,,,-2.7071986,-56.000001729E-3,
,,,-2.7039986,-52.00000107E-3,
,,,-2.7007985,-40.00000283E-3,
,,,-2.6975987,-56.000001729E-3,
,,,-2.6943986,-48.00000042E-3,
,,,-2.6911986,-40.00000283E-3,
,,,-2.6879985,-36.00000218E-3,
,,,-2.6847987,-36.00000218E-3,
,,,-2.6815987,-32.00000152E-3,
,,,-2.6783986,-8.000000380E-3,
,,,-2.6751986,-24.00000021E-3,
,,,-2.6719985,-20.0000014E-3,
,,,-2.6687987,-20.0000014E-3,
,,,-2.6655986,-20.0000014E-3,
,,,-2.6623986,-8.000000380E-3,
,,,-2.6591985,8.000000380E-3,
,,,-2.6559987,-12.0000001E-3,
,,,-2.6527987,0.0,
,,,-2.6495986,-8.000000380E-3,
,,,-2.6463985,0.0,
,,,-2.6431985,12.0000001E-3,
,,,-2.6399987,4.00000019E-3,
,,,-2.6367986,16.0000008E-3,
,,,-2.6335986,12.0000001E-3,
,,,-2.6303985,24.00000021E-3,
,,,-2.6271987,28.00000086E-3,
,,,-2.6239986,36.00000218E-3,
,,,-2.6207986,28.00000086E-3,
,,,-2.6175985,36.00000218E-3,
,,,-2.6143987,36.00000218E-3,
,,,-2.6111987,40.00000283E-3,
,,,-2.6079986,48.00000042E-3,
,,,-2.6047986,48.00000042E-3,
,,,-2.6015985,40.00000283E-3,
,,,-2.5983987,40.00000283E-3,
,,,-2.5951986,52.00000107E-3,
,,,-2.5919986,52.00000107E-3,
,,,-2.5887985,48.00000042E-3,
,,,-2.5855987,48.00000042E-3,
,,,-2.5823987,36.00000218E-3,
,,,-2.5791986,56.000001729E-3,
,,,-2.5759985,52.00000107E-3,
,,,-2.5727985,36.00000218E-3,
,,,-2.5695987,92.000007629E-3,
,,,-2.5663986,48.00000042E-3,
,,,-2.5631986,36.00000218E-3,
,,,-2.5599985,40.00000283E-3,
,,,-2.5567987,48.00000042E-3,
,,,-2.5535986,40.00000283E-3,
,,,-2.5503986,36.00000218E-3,
,,,-2.5471985,32.00000152E-3,
,,,-2.5439987,32.00000152E-3,
,,,-2.5407987,24.00000021E-3,
,,,-2.5375986,36.00000218E-3,
,,,-2.5343986,28.00000086E-3,
,,,-2.5311985,24.00000021E-3,
,,,-2.5279987,24.00000021E-3,
,,,-2.5247986,8.000000380E-3,
,,,-2.5215986,8.000000380E-3,
,,,-2.5183985,4.00000019E-3,
,,,-2.5151987,4.00000019E-3,
,,,-2.5119987,0.0,
,,,-2.5087986,8.000000380E-3,
,,,-2.5055985,4.00000019E-3,
,,,-2.5023985,-16.0000008E-3,
,,,-2.4991987,-12.0000001E-3,
,,,-2.4959986,-4.00000019E-3,
,,,-2.4927986,-20.0000014E-3,
,,,-2.4895985,-12.0000001E-3,
,,,-2.4863987,-20.0000014E-3,
,,,-2.4831986,-32.00000152E-3,
,,,-2.4799986,-24.00000021E-3,
,,,-2.4767985,-28.00000086E-3,
,,,-2.4735985,-32.00000152E-3,
,,,-2.4703987,-28.00000086E-3,
,,,-2.4671986,-36.00000218E-3,
,,,-2.4639986,-36.00000218E-3,
,,,-2.4607985,-28.00000086E-3,
,,,-2.4575987,-40.00000283E-3,
,,,-2.4543986,-32.00000152E-3,
,,,-2.4511986,-36.00000218E-3,
,,,-2.4479985,-68.000003695E-3,
,,,-2.4447987,-36.00000218E-3,
,,,-2.4415987,-28.00000086E-3,
,,,-2.4383986,-36.00000218E-3,
,,,-2.4351985,-32.00000152E-3,
,,,-2.4319985,-32.00000152E-3,
,,,-2.4287987,-36.00000218E-3,
,,,-2.4255986,-28.00000086E-3,
,,,-2.4223986,-20.0000014E-3,
,,,-2.4191985,-32.00000152E-3,
,,,-2.4159987,-32.00000152E-3,
,,,-2.4127986,-20.0000014E-3,
,,,-2.4095986,-20.0000014E-3,
,,,-2.4063985,-28.00000086E-3,
,,,-2.4031985,-24.00000021E-3,
,,,-2.3999987,-16.0000008E-3,
,,,-2.3967986,28.00000086E-3,
,,,-2.3935986,-8.000000380E-3,
,,,-2.3903985,-12.0000001E-3,
,,,-2.3871987,-12.0000001E-3,
,,,-2.3839986,-20.0000014E-3,
,,,-2.3807986,-8.000000380E-3,
,,,-2.3775985,0.0,
,,,-2.3743987,-4.00000019E-3,
,,,-2.3711987,0.0,
,,,-2.3679986,0.0,
,,,-2.3647985,8.000000380E-3,
,,,-2.3615985,0.0,
,,,-2.3583987,24.00000021E-3,
,,,-2.3551986,20.0000014E-3,
,,,-2.3519986,20.0000014E-3,
,,,-2.3487985,8.000000380E-3,
,,,-2.3455987,12.0000001E-3,
,,,-2.3423986,32.00000152E-3,
,,,-2.3391986,20.0000014E-3,
,,,-2.3359985,20.0000014E-3,
,,,-2.3327985,16.0000008E-3,
,,,-2.3295987,24.00000021E-3,
,,,-2.3263986,24.00000021E-3,
,,,-2.3231986,40.00000283E-3,
,,,-2.3199985,32.00000152E-3,
,,,-2.3167987,32.00000152E-3,
,,,-2.3135986,32.00000152E-3,
,,,-2.3103986,36.00000218E-3,
,,,-2.3071985,36.00000218E-3,
,,,-2.3039985,40.00000283E-3,
,,,-2.3007987,36.00000218E-3,
,,,-2.2975986,36.00000218E-3,
,,,-2.2943985,24.00000021E-3,
,,,-2.2911985,36.00000218E-3,
,,,-2.2879987,28.00000086E-3,
,,,-2.2847986,28.00000086E-3,
,,,-2.2815986,28.00000086E-3,
,,,-2.2783985,52.00000107E-3,
,,,-2.2751987,28.00000086E-3,
,,,-2.2719986,20.0000014E-3,
,,,-2.2687986,28.00000086E-3,
,,,-2.2655985,16.0000008E-3,
,,,-2.2623985,16.0000008E-3,
,,,-2.2591987,16.0000008E-3,
,,,-2.2559986,12.0000001E-3,
,,,-2.2527986,12.0000001E-3,
,,,-2.2495985,12.0000001E-3,
,,,-2.2463987,16.0000008E-3,
,,,-2.2431986,0.0,
,,,-2.2399986,0.0,
,,,-2.2367985,4.00000019E-3,
,,,-2.2335985,0.0,
,,,-2.2303987,-4.00000019E-3,
,,,-2.2271986,-8.000000380E-3,
,,,-2.2239985,-4.00000019E-3,
,,,-2.2207985,-8.000000380E-3,
,,,-2.2175987,-8.000000380E-3,
,,,-2.2143986,-4.00000019E-3,
,,,-2.2111986,-4.00000019E-3,
,,,-2.2079985,-4.00000019E-3,
,,,-2.2047987,-4.00000019E-3,
,,,-2.2015986,-16.0000008E-3,
,,,-2.1983986,-12.0000001E-3,
,,,-2.1951985,-4.00000019E-3,
,,,-2.1919985,-12.0000001E-3,
,,,-2.1887987,4.00000019E-3,
,,,-2.1855986,0.0,
,,,-2.1823986,0.0,
,,,-2.1791985,4.00000019E-3,
,,,-2.1759987,0.0,
,,,-2.1727986,-28.00000086E-3,
,,,-2.1695986,4.00000019E-3,
,,,-2.1663985,0.0,
,,,-2.1631985,-8.000000380E-3,
,,,-2.1599987,-8.000000380E-3,
,,,-2.1567986,4.00000019E-3,
,,,-2.1535985,4.00000019E-3,
,,,-2.1503985,0.0,
,,,-2.1471987,0.0,
,,,-2.1439986,4.00000019E-3,
,,,-2.1407986,8.000000380E-3,
,,,-2.1375985,8.000000380E-3,
,,,-2.1343987,12.0000001E-3,
,,,-2.1311986,8.000000380E-3,
,,,-2.1279986,16.0000008E-3,
,,,-2.1247985,28.00000086E-3,
,,,-2.1215985,32.00000152E-3,
,,,-2.1183987,32.00000152E-3,
,,,-2.1151986,24.00000021E-3,
,,,-2.1119986,28.00000086E-3,
,,,-2.1087985,20.0000014E-3,
,,,-2.1055987,24.00000021E-3,
,,,-2.1023986,32.00000152E-3,
,,,-2.0991986,28.00000086E-3,
,,,-2.0959985,40.00000283E-3,
,,,-2.0927985,36.00000218E-3,
,,,-2.0895987,40.00000283E-3,
,,,-2.0863986,36.00000218E-3,
,,,-2.0831985,52.00000107E-3,
,,,-2.0799985,56.000001729E-3,
,,,-2.0767987,56.000001729E-3,
,,,-2.0735986,56.000001729E-3,
,,,-2.0703986,68.000003695E-3,
,,,-2.0671985,68.000003695E-3,
,,,-2.0639985,64.000003040E-3,
,,,-2.0607986,36.00000218E-3,
,,,-2.0575986,64.000003040E-3,
,,,-2.0543985,60.000002384E-3,
,,,-2.0511985,56.000001729E-3,
,,,-2.0479987,64.000003040E-3,
,,,-2.0447986,60.000002384E-3,
,,,-2.0415986,48.00000042E-3,
,,,-2.0383985,48.00000042E-3,
,,,-2.0351987,52.00000107E-3,
,,,-2.0319986,56.000001729E-3,
,,,-2.0287986,44.00000349E-3,
,,,-2.0255985,32.00000152E-3,
,,,-2.0223985,28.00000086E-3,
,,,-2.0191987,28.00000086E-3,
,,,-2.0159986,32.00000152E-3,
,,,-2.0127985,20.0000014E-3,
,,,-2.0095985,12.0000001E-3,
,,,-2.0063987,8.000000380E-3,
,,,-2.0031986,4.00000019E-3,
,,,-1.9999986,-12.0000001E-3,
,,,-1.9967985,0.0,
,,,-1.9935986,-8.000000380E-3,
,,,-1.9903985,-12.0000001E-3,
,,,-1.9871986,-8.000000380E-3,
,,,-1.9839985,-12.0000001E-3,
,,,-1.9807986,-20.0000014E-3,
,,,-1.9775985,-20.0000014E-3,
,,,-1.9743986,-28.00000086E-3,
,,,-1.9711986,-28.00000086E-3,
,,,-1.9679986,-20.0000014E-3,
,,,-1.9647986,-32.00000152E-3,
,,,-1.9615985,-28.00000086E-3,
,,,-1.9583986,-32.00000152E-3,
,,,-1.9551985,-44.00000349E-3,
,,,-1.9519986,-40.00000283E-3,
,,,-1.9487985,-48.00000042E-3,
,,,-1.9455986,-48.00000042E-3,
,,,-1.9423985,-48.00000042E-3,
,,,-1.9391986,-52.00000107E-3,
,,,-1.9359986,-48.00000042E-3,
,,,-1.9327986,-44.00000349E-3,
,,,-1.9295986,-48.00000042E-3,
,,,-1.9263985,-52.00000107E-3,
,,,-1.9231986,-52.00000107E-3,
,,,-1.9199985,-20.0000014E-3,
,,,-1.9167986,-44.00000349E-3,
,,,-1.9135985,-44.00000349E-3,
,,,-1.9103986,-48.00000042E-3,
,,,-1.9071985,-40.00000283E-3,
,,,-1.9039986,-48.00000042E-3,
,,,-1.9007986,-36.00000218E-3,
,,,-1.8975986,-48.00000042E-3,
,,,-1.8943986,-40.00000283E-3,
,,,-1.8911985,-44.00000349E-3,
,,,-1.8879986,-36.00000218E-3,
,,,-1.8847985,-36.00000218E-3,
,,,-1.8815986,-44.00000349E-3,
,,,-1.8783985,-32.00000152E-3,
,,,-1.8751986,-28.00000086E-3,
,,,-1.8719985,-28.00000086E-3,
,,,-1.8687986,-12.0000001E-3,
,,,-1.8655986,-36.00000218E-3,
,,,-1.8623986,-16.0000008E-3,
,,,-1.8591986,-28.00000086E-3,
,,,-1.8559985,-24.00000021E-3,
,,,-1.8527986,-20.0000014E-3,
,,,-1.8495985,-20.0000014E-3,
,,,-1.8463986,-12.0000001E-3,
,,,-1.8431985,-20.0000014E-3,
,,,-1.8399986,-16.0000008E-3,
,,,-1.8367985,-16.0000008E-3,
,,,-1.8335986,-12.0000001E-3,
,,,-1.8303986,-12.0000001E-3,
,,,-1.8271986,-8.000000380E-3,
,,,-1.8239986,-4.00000019E-3,
,,,-1.8207985,-4.00000019E-3,
,,,-1.8175986,0.0,
,,,-1.8143985,4.00000019E-3,
,,,-1.8111986,12.0000001E-3,
,,,-1.8079985,8.000000380E-3,
,,,-1.8047986,8.000000380E-3,
,,,-1.8015985,24.00000021E-3,
,,,-1.7983986,20.0000014E-3,
,,,-1.7951986,28.00000086E-3,
,,,-1.7919986,28.00000086E-3,
,,,-1.7887986,8.000000380E-3,
,,,-1.7855985,32.00000152E-3,
,,,-1.7823986,24.00000021E-3,
,,,-1.7791985,32.00000152E-3,
,,,-1.7759986,28.00000086E-3,
,,,-1.7727985,32.00000152E-3,
,,,-1.7695986,40.00000283E-3,
,,,-1.7663985,36.00000218E-3,
,,,-1.7631986,36.00000218E-3,
,,,-1.7599986,40.00000283E-3,
,,,-1.7567985,48.00000042E-3,
,,,-1.7535986,36.00000218E-3,
,,,-1.7503985,36.00000218E-3,
,,,-1.7471986,40.00000283E-3,
,,,-1.7439985,40.00000283E-3,
,,,-1.7407986,40.00000283E-3,
,,,-1.7375985,28.00000086E-3,
,,,-1.7343986,28.00000086E-3,
,,,-1.7311985,28.00000086E-3,
,,,-1.7279986,24.00000021E-3,
,,,-1.7247986,16.0000008E-3,
,,,-1.7215985,24.00000021E-3,
,,,-1.7183986,16.0000008E-3,
,,,-1.7151985,20.0000014E-3,
,,,-1.7119986,12.0000001E-3,
,,,-1.7087985,8.000000380E-3,
,,,-1.7055986,8.000000380E-3,
,,,-1.7023985,-4.00000019E-3,
,,,-1.6991986,8.000000380E-3,
,,,-1.6959985,4.00000019E-3,
,,,-1.6927986,0.0,
,,,-1.6895986,-8.000000380E-3,
,,,-1.6863985,-8.000000380E-3,
,,,-1.6831986,0.0,
,,,-1.6799985,-16.0000008E-3,
,,,-1.6767986,-16.0000008E-3,
,,,-1.6735985,-20.0000014E-3,
,,,-1.6703986,-24.00000021E-3,
,,,-1.6671985,-12.0000001E-3,
,,,-1.6639986,-20.0000014E-3,
,,,-1.6607985,-28.00000086E-3,
,,,-1.6575986,-28.00000086E-3,
,,,-1.6543986,-28.00000086E-3,
,,,-1.6511985,-24.00000021E-3,
,,,-1.6479986,-36.00000218E-3,
,,,-1.6447985,-24.00000021E-3,
,,,-1.6415986,-24.00000021E-3,
,,,-1.6383985,-40.00000283E-3,
,,,-1.6351986,-32.00000152E-3,
,,,-1.6319985,-28.00000086E-3,
,,,-1.6287986,-48.00000042E-3,
,,,-1.6255985,-28.00000086E-3,
,,,-1.6223986,-28.00000086E-3,
,,,-1.6191986,-28.00000086E-3,
,,,-1.6159985,-20.0000014E-3,
,,,-1.6127986,-20.0000014E-3,
,,,-1.6095985,-24.00000021E-3,
,,,-1.6063986,-48.00000042E-3,
,,,-1.6031985,-28.00000086E-3,
,,,-1.5999986,-16.0000008E-3,
,,,-1.5967985,-24.00000021E-3,
,,,-1.5935986,-24.00000021E-3,
,,,-1.5903986,-20.0000014E-3,
,,,-1.5871985,-16.0000008E-3,
,,,-1.5839986,-8.000000380E-3,
,,,-1.5807985,-12.0000001E-3,
,,,-1.5775986,8.000000380E-3,
,,,-1.5743985,-12.0000001E-3,
,,,-1.5711986,-8.000000380E-3,
,,,-1.5679985,-8.000000380E-3,
,,,-1.5647986,-8.000000380E-3,
,,,-1.5615985,0.0,
,,,-1.5583986,8.000000380E-3,
,,,-1.5551986,4.00000019E-3,
,,,-1.5519985,0.0,
,,,-1.5487986,4.00000019E-3,
,,,-1.5455985,40.00000283E-3,
,,,-1.5423986,12.0000001E-3,
,,,-1.5391985,8.000000380E-3,
,,,-1.5359986,8.000000380E-3,
,,,-1.5327985,0.0,
,,,-1.5295986,4.00000019E-3,
,,,-1.5263985,8.000000380E-3,
,,,-1.5231986,0.0,
,,,-1.5199986,4.00000019E-3,
,,,-1.5167985,4.00000019E-3,
,,,-1.5135986,16.0000008E-3,
,,,-1.5103985,16.0000008E-3,
,,,-1.5071986,12.0000001E-3,
,,,-1.5039985,8.000000380E-3,
,,,-1.5007986,16.0000008E-3,
,,,-1.4975985,12.0000001E-3,
,,,-1.4943986,16.0000008E-3,
,,,-1.4911985,4.00000019E-3,
,,,-1.4879986,12.0000001E-3,
,,,-1.4847986,8.000000380E-3,
,,,-1.4815985,0.0,
,,,-1.4783986,20.0000014E-3,
,,,-1.4751985,8.000000380E-3,
,,,-1.4719986,8.000000380E-3,
,,,-1.4687985,-4.00000019E-3,
,,,-1.4655986,4.00000019E-3,
,,,-1.4623985,0.0,
,,,-1.4591986,4.00000019E-3,
,,,-1.4559985,-20.0000014E-3,
,,,-1.4527986,0.0,
,,,-1.4495986,-8.000000380E-3,
,,,-1.4463985,0.0,
,,,-1.4431986,-12.0000001E-3,
,,,-1.4399985,-4.00000019E-3,
,,,-1.4367986,-8.000000380E-3,
,,,-1.4335985,-8.000000380E-3,
,,,-1.4303986,-20.0000014E-3,
,,,-1.4271985,-8.000000380E-3,
,,,-1.4239986,-12.0000001E-3,
,,,-1.4207985,-16.0000008E-3,
,,,-1.4175986,0.0,
,,,-1.4143986,-20.0000014E-3,
,,,-1.4111985,-12.0000001E-3,
,,,-1.4079986,-8.000000380E-3,
,,,-1.4047985,-8.000000380E-3,
,,,-1.4015986,-4.00000019E-3,
,,,-1.3983985,0.0,
,,,-1.3951986,-4.00000019E-3,
,,,-1.3919985,4.00000019E-3,
,,,-1.3887986,4.00000019E-3,
,,,-1.3855985,8.000000380E-3,
,,,-1.3823986,4.00000019E-3,
,,,-1.3791986,12.0000001E-3,
,,,-1.3759985,20.0000014E-3,
,,,-1.3727986,24.00000021E-3,
,,,-1.3695985,16.0000008E-3,
,,,-1.3663986,12.0000001E-3,
,,,-1.3631985,16.0000008E-3,
,,,-1.3599986,24.00000021E-3,
,,,-1.3567985,12.0000001E-3,
,,,-1.3535986,20.0000014E-3,
,,,-1.3503985,24.00000021E-3,
,,,-1.3471985,20.0000014E-3,
,,,-1.3439986,24.00000021E-3,
,,,-1.3407985,24.00000021E-3,
,,,-1.3375986,28.00000086E-3,
,,,-1.3343985,32.00000152E-3,
,,,-1.3311986,36.00000218E-3,
,,,-1.3279985,44.00000349E-3,
,,,-1.3247986,36.00000218E-3,
,,,-1.3215985,48.00000042E-3,
,,,-1.3183986,36.00000218E-3,
,,,-1.3151985,44.00000349E-3,
,,,-1.3119985,52.00000107E-3,
,,,-1.3087986,56.000001729E-3,
,,,-1.3055985,48.00000042E-3,
,,,-1.3023986,56.000001729E-3,
,,,-1.2991985,52.00000107E-3,
,,,-1.2959986,72.000004351E-3,
,,,-1.2927985,64.000003040E-3,
,,,-1.2895986,68.000003695E-3,
,,,-1.2863985,68.000003695E-3,
,,,-1.2831986,64.000003040E-3,
,,,-1.2799985,72.000004351E-3,
,,,-1.2767985,72.000004351E-3,
,,,-1.2735986,68.000003695E-3,
,,,-1.2703985,68.000003695E-3,
,,,-1.2671986,64.000003040E-3,
,,,-1.2639985,60.000002384E-3,
,,,-1.2607986,52.00000107E-3,
,,,-1.2575985,56.000001729E-3,
,,,-1.2543986,52.00000107E-3,
,,,-1.2511985,56.000001729E-3,
,,,-1.2479986,44.00000349E-3,
,,,-1.2447985,44.00000349E-3,
,,,-1.2415985,48.00000042E-3,
,,,-1.2383986,44.00000349E-3,
,,,-1.2351985,36.00000218E-3,
,,,-1.2319986,32.00000152E-3,
,,,-1.2287985,36.00000218E-3,
,,,-1.2255986,16.0000008E-3,
,,,-1.2223985,20.0000014E-3,
,,,-1.2191986,4.00000019E-3,
,,,-1.2159985,12.0000001E-3,
,,,-1.2127986,12.0000001E-3,
,,,-1.2095985,0.0,
,,,-1.2063985,4.00000019E-3,
,,,-1.2031986,-12.0000001E-3,
,,,-1.1999985,-12.0000001E-3,
,,,-1.1967986,-12.0000001E-3,
,,,-1.1935985,-24.00000021E-3,
,,,-1.1903986,-20.0000014E-3,
,,,-1.1871985,-28.00000086E-3,
,,,-1.1839986,-20.0000014E-3,
,,,-1.1807985,-32.00000152E-3,
,,,-1.1775985,-32.00000152E-3,
,,,-1.1743985,-36.00000218E-3,
,,,-1.1711985,-48.00000042E-3,
,,,-1.1679986,-48.00000042E-3,
,,,-1.1647985,-56.000001729E-3,
,,,-1.1615986,-68.000003695E-3,
,,,-1.1583985,-60.000002384E-3,
,,,-1.1551986,-56.000001729E-3,
,,,-1.1519985,-60.000002384E-3,
,,,-1.1487986,-60.000002384E-3,
,,,-1.1455985,-68.000003695E-3,
,,,-1.1423985,-52.00000107E-3,
,,,-1.1391985,-56.000001729E-3,
,,,-1.1359985,-68.000003695E-3,
,,,-1.1327986,-64.000003040E-3,
,,,-1.1295985,-64.000003040E-3,
,,,-1.1263986,-68.000003695E-3,
,,,-1.1231985,-56.000001729E-3,
,,,-1.1199986,-48.00000042E-3,
,,,-1.1167985,-64.000003040E-3,
,,,-1.1135986,-56.000001729E-3,
,,,-1.1103985,-52.00000107E-3,
,,,-1.1071985,-56.000001729E-3,
,,,-1.1039985,-56.000001729E-3,
,,,-1.1007985,-48.00000042E-3,
,,,-1.0975986,-56.000001729E-3,
,,,-1.0943985,-56.000001729E-3,
,,,-1.0911986,-52.00000107E-3,
,,,-1.0879985,-52.00000107E-3,
,,,-1.0847986,-52.00000107E-3,
,,,-1.0815985,-48.00000042E-3,
,,,-1.0783986,-40.00000283E-3,
,,,-1.0751985,-36.00000218E-3,
,,,-1.0719985,-32.00000152E-3,
,,,-1.0687985,-32.00000152E-3,
,,,-1.0655985,-28.00000086E-3,
,,,-1.0623986,-28.00000086E-3,
,,,-1.0591985,-16.0000008E-3,
,,,-1.0559986,-24.00000021E-3,
,,,-1.0527985,-20.0000014E-3,
,,,-1.0495986,-16.0000008E-3,
,,,-1.0463985,-16.0000008E-3,
,,,-1.0431986,-12.0000001E-3,
,,,-1.0399985,0.0,
,,,-1.0367985,8.000000380E-3,
,,,-1.0335985,-4.00000019E-3,
,,,-1.0303985,4.00000019E-3,
,,,-1.0271986,4.00000019E-3,
,,,-1.0239985,8.000000380E-3,
,,,-1.0207986,12.0000001E-3,
,,,-1.0175985,12.0000001E-3,
,,,-1.0143986,16.0000008E-3,
,,,-1.0111985,16.0000008E-3,
,,,-1.0079986,32.00000152E-3,
,,,-1.0047985,24.00000021E-3,
,,,-1.0015985,24.00000021E-3,
,,,-998.398542404E-3,28.00000086E-3,
,,,-995.198547840E-3,32.00000152E-3,
,,,-991.998553276E-3,32.00000152E-3,
,,,-988.798499107E-3,32.00000152E-3,
,,,-985.598504543E-3,28.00000086E-3,
,,,-982.398509979E-3,24.00000021E-3,
,,,-979.198515415E-3,32.00000152E-3,
,,,-975.998520851E-3,36.00000218E-3,
,,,-972.798526287E-3,40.00000283E-3,
,,,-969.598531723E-3,36.00000218E-3,
,,,-966.398537159E-3,28.00000086E-3,
,,,-963.198542595E-3,32.00000152E-3,
,,,-959.998548031E-3,32.00000152E-3,
,,,-956.798553467E-3,48.00000042E-3,
,,,-953.598499298E-3,44.00000349E-3,
,,,-950.398504734E-3,36.00000218E-3,
,,,-947.198510170E-3,40.00000283E-3,
,,,-943.998515606E-3,44.00000349E-3,
,,,-940.798521042E-3,32.00000152E-3,
,,,-937.598526478E-3,52.00000107E-3,
,,,-934.398531914E-3,40.00000283E-3,
,,,-931.198537350E-3,28.00000086E-3,
,,,-927.998542786E-3,36.00000218E-3,
,,,-924.798548222E-3,32.00000152E-3,
,,,-921.598553658E-3,48.00000042E-3,
,,,-918.398499489E-3,24.00000021E-3,
,,,-915.198504925E-3,40.00000283E-3,
,,,-911.998510361E-3,24.00000021E-3,
,,,-908.798515797E-3,20.0000014E-3,
,,,-905.598521233E-3,16.0000008E-3,
,,,-902.398526669E-3,20.0000014E-3,
,,,-899.198532104E-3,24.00000021E-3,
,,,-895.998537540E-3,20.0000014E-3,
,,,-892.798542976E-3,16.0000008E-3,
,,,-889.598548412E-3,44.00000349E-3,
,,,-886.398494244E-3,0.0,
,,,-883.198499680E-3,-4.00000019E-3,
,,,-879.998505116E-3,0.0,
,,,-876.798510551E-3,-8.000000380E-3,
,,,-873.598515987E-3,-8.000000380E-3,
,,,-870.398521423E-3,-16.0000008E-3,
,,,-867.198526859E-3,-8.000000380E-3,
,,,-863.998532295E-3,-12.0000001E-3,
,,,-860.798537731E-3,-4.00000019E-3,
,,,-857.598543167E-3,-4.00000019E-3,
,,,-854.398548603E-3,-8.000000380E-3,
,,,-851.198494434E-3,-12.0000001E-3,
,,,-847.998499870E-3,-16.0000008E-3,
,,,-844.798505306E-3,-8.000000380E-3,
,,,-841.598510742E-3,-20.0000014E-3,
,,,-838.398516178E-3,-24.00000021E-3,
,,,-835.198521614E-3,-12.0000001E-3,
,,,-831.998527050E-3,-16.0000008E-3,
,,,-828.798532486E-3,-12.0000001E-3,
,,,-825.598537922E-3,-12.0000001E-3,
,,,-822.398543358E-3,-28.00000086E-3,
,,,-819.198489189E-3,-20.0000014E-3,
,,,-815.998494625E-3,-16.0000008E-3,
,,,-812.798500061E-3,-20.0000014E-3,
,,,-809.598505497E-3,-24.00000021E-3,
,,,-806.398510933E-3,-8.000000380E-3,
,,,-803.198516369E-3,-16.0000008E-3,
,,,-799.998521805E-3,-20.0000014E-3,
,,,-796.798527241E-3,-20.0000014E-3,
,,,-793.598532677E-3,-24.00000021E-3,
,,,-790.398538113E-3,-12.0000001E-3,
,,,-787.198543549E-3,-20.0000014E-3,
,,,-783.998489380E-3,-12.0000001E-3,
,,,-780.798494816E-3,-16.0000008E-3,
,,,-777.598500252E-3,-20.0000014E-3,
,,,-774.398505688E-3,-16.0000008E-3,
,,,-771.198511124E-3,-16.0000008E-3,
,,,-767.998516560E-3,-16.0000008E-3,
,,,-764.798521996E-3,-16.0000008E-3,
,,,-761.598527431E-3,-12.0000001E-3,
,,,-758.398532867E-3,-16.0000008E-3,
,,,-755.198538303E-3,-8.000000380E-3,
,,,-751.998543739E-3,-16.0000008E-3,
,,,-748.798489571E-3,-20.0000014E-3,
,,,-745.598495007E-3,-20.0000014E-3,
,,,-742.398500443E-3,-8.000000380E-3,
,,,-739.198505878E-3,-8.000000380E-3,
,,,-735.998511314E-3,-12.0000001E-3,
,,,-732.798516750E-3,-4.00000019E-3,
,,,-729.598522186E-3,-4.00000019E-3,
,,,-726.398527622E-3,-12.0000001E-3,
,,,-723.198533058E-3,-8.000000380E-3,
,,,-719.998538494E-3,-16.0000008E-3,
,,,-716.798543930E-3,0.0,
,,,-713.598489761E-3,0.0,
,,,-710.398495197E-3,-8.000000380E-3,
,,,-707.198500633E-3,-4.00000019E-3,
,,,-703.998506069E-3,-8.000000380E-3,
,,,-700.798511505E-3,-8.000000380E-3,
,,,-697.598516941E-3,0.0,
,,,-694.398522377E-3,-8.000000380E-3,
,,,-691.198527813E-3,0.0,
,,,-687.998533249E-3,24.00000021E-3,
,,,-684.798538685E-3,-8.000000380E-3,
,,,-681.598484516E-3,-8.000000380E-3,
,,,-678.398489952E-3,4.00000019E-3,
,,,-675.198495388E-3,-4.00000019E-3,
,,,-671.998500824E-3,-12.0000001E-3,
,,,-668.798506260E-3,-12.0000001E-3,
,,,-665.598511696E-3,-12.0000001E-3,
,,,-662.398517132E-3,-20.0000014E-3,
,,,-659.198522568E-3,-16.0000008E-3,
,,,-655.998528004E-3,-24.00000021E-3,
,,,-652.798533440E-3,-20.0000014E-3,
,,,-649.598538876E-3,-24.00000021E-3,
,,,-646.398484707E-3,-16.0000008E-3,
,,,-643.198490143E-3,-24.00000021E-3,
,,,-639.998495579E-3,-28.00000086E-3,
,,,-636.798501015E-3,-32.00000152E-3,
,,,-633.598506451E-3,-20.0000014E-3,
,,,-630.398511887E-3,-28.00000086E-3,
,,,-627.198517323E-3,-28.00000086E-3,
,,,-623.998522758E-3,-24.00000021E-3,
,,,-620.798528194E-3,-36.00000218E-3,
,,,-617.598533630E-3,-28.00000086E-3,
,,,-614.398479462E-3,-24.00000021E-3,
,,,-611.198484898E-3,-32.00000152E-3,
,,,-607.998490334E-3,-32.00000152E-3,
,,,-604.798495770E-3,-28.00000086E-3,
,,,-601.598501205E-3,-20.0000014E-3,
,,,-598.398506641E-3,-28.00000086E-3,
,,,-595.198512077E-3,-20.0000014E-3,
,,,-591.998517513E-3,-20.0000014E-3,
,,,-588.798522949E-3,-20.0000014E-3,
,,,-585.598528385E-3,-16.0000008E-3,
,,,-582.398533821E-3,-16.0000008E-3,
,,,-579.198479652E-3,-16.0000008E-3,
,,,-575.998485088E-3,-12.0000001E-3,
,,,-572.798490524E-3,-20.0000014E-3,
,,,-569.598495960E-3,-12.0000001E-3,
,,,-566.398501396E-3,-4.00000019E-3,
,,,-563.198506832E-3,-12.0000001E-3,
,,,-559.998512268E-3,-4.00000019E-3,
,,,-556.798517704E-3,-8.000000380E-3,
,,,-553.598523140E-3,8.000000380E-3,
,,,-550.398528576E-3,0.0,
,,,-547.198534012E-3,4.00000019E-3,
,,,-543.998479843E-3,4.00000019E-3,
,,,-540.798485279E-3,4.00000019E-3,
,,,-537.598490715E-3,12.0000001E-3,
,,,-534.398496151E-3,20.0000014E-3,
,,,-531.198501587E-3,28.00000086E-3,
,,,-527.998507023E-3,32.00000152E-3,
,,,-524.798512459E-3,32.00000152E-3,
,,,-521.598517895E-3,32.00000152E-3,
,,,-518.398523331E-3,40.00000283E-3,
,,,-515.198528767E-3,52.00000107E-3,
,,,-511.998534203E-3,48.00000042E-3,
,,,-508.798480034E-3,60.000002384E-3,
,,,-505.598485470E-3,52.00000107E-3,
,,,-502.398490906E-3,52.00000107E-3,
,,,-499.198496342E-3,60.000002384E-3,
,,,-495.998501778E-3,64.000003040E-3,
,,,-492.798507214E-3,60.000002384E-3,
,,,-489.598512650E-3,64.000003040E-3,
,,,-486.398518085E-3,64.000003040E-3,
,,,-483.198493719E-3,64.000003040E-3,
,,,-479.998499155E-3,60.000002384E-3,
,,,-476.798504591E-3,72.000004351E-3,
,,,-473.598510027E-3,68.000003695E-3,
,,,-470.398515463E-3,64.000003040E-3,
,,,-467.198491096E-3,68.000003695E-3,
,,,-463.998496532E-3,56.000001729E-3,
,,,-460.798501968E-3,68.000003695E-3,
,,,-457.598507404E-3,60.000002384E-3,
,,,-454.398512840E-3,44.00000349E-3,
,,,-451.198488474E-3,52.00000107E-3,
,,,-447.998493910E-3,52.00000107E-3,
,,,-444.798499346E-3,40.00000283E-3,
,,,-441.598504782E-3,36.00000218E-3,
,,,-438.398510218E-3,32.00000152E-3,
,,,-435.198485851E-3,20.0000014E-3,
,,,-431.998491287E-3,12.0000001E-3,
,,,-428.798496723E-3,8.000000380E-3,
,,,-425.598502159E-3,12.0000001E-3,
,,,-422.398507595E-3,4.00000019E-3,
,,,-419.198513031E-3,0.0,
,,,-415.998488665E-3,-8.000000380E-3,
,,,-412.798494101E-3,-8.000000380E-3,
,,,-409.598499537E-3,-16.0000008E-3,
,,,-406.398504972E-3,-20.0000014E-3,
,,,-403.19851041E-3,-12.0000001E-3,
,,,-399.99848604E-3,-28.00000086E-3,
,,,-396.79849148E-3,-24.00000021E-3,
,,,-393.59849691E-3,-28.00000086E-3,
,,,-390.39850235E-3,-28.00000086E-3,
,,,-387.19850779E-3,-44.00000349E-3,
,,,-383.99851322E-3,-40.00000283E-3,
,,,-380.79848886E-3,-32.00000152E-3,
,,,-377.59849429E-3,-36.00000218E-3,
,,,-374.39849973E-3,-44.00000349E-3,
,,,-371.19850516E-3,-44.00000349E-3,
,,,-367.99851060E-3,-44.00000349E-3,
,,,-364.79848623E-3,-52.00000107E-3,
,,,-361.59849167E-3,-44.00000349E-3,
,,,-358.39849710E-3,-48.00000042E-3,
,,,-355.19850254E-3,-40.00000283E-3,
,,,-351.99850798E-3,-48.00000042E-3,
,,,-348.79848361E-3,-48.00000042E-3,
,,,-345.59848905E-3,-48.00000042E-3,
,,,-342.39849448E-3,-60.000002384E-3,
,,,-339.19849992E-3,-44.00000349E-3,
,,,-335.99850535E-3,-48.00000042E-3,
,,,-332.79848099E-3,-40.00000283E-3,
,,,-329.59848642E-3,-40.00000283E-3,
,,,-326.39849186E-3,-36.00000218E-3,
,,,-323.19849730E-3,-36.00000218E-3,
,,,-319.99850273E-3,-44.00000349E-3,
,,,-316.79850817E-3,-20.0000014E-3,
,,,-313.59848380E-3,-28.00000086E-3,
,,,-310.39848924E-3,-24.00000021E-3,
,,,-307.19849467E-3,-20.0000014E-3,
,,,-303.99850011E-3,-16.0000008E-3,
,,,-300.79850554E-3,-8.000000380E-3,
,,,-297.59848118E-3,-20.0000014E-3,
,,,-294.39848661E-3,-20.0000014E-3,
,,,-291.19849205E-3,-12.0000001E-3,
,,,-287.99849749E-3,-12.0000001E-3,
,,,-284.79850292E-3,-4.00000019E-3,
,,,-281.59850836E-3,4.00000019E-3,
,,,-278.39848399E-3,8.000000380E-3,
,,,-275.19848943E-3,4.00000019E-3,
,,,-271.99849486E-3,8.000000380E-3,
,,,-268.79850030E-3,8.000000380E-3,
,,,-265.59850574E-3,4.00000019E-3,
,,,-262.39848137E-3,12.0000001E-3,
,,,-259.19848680E-3,12.0000001E-3,
,,,-255.99849224E-3,12.0000001E-3,
,,,-252.79849768E-3,24.00000021E-3,
,,,-249.59848821E-3,12.0000001E-3,
,,,-246.39849365E-3,20.0000014E-3,
,,,-243.19848418E-3,24.00000021E-3,
,,,-239.99848962E-3,24.00000021E-3,
,,,-236.79849505E-3,20.0000014E-3,
,,,-233.59848559E-3,32.00000152E-3,
,,,-230.39849102E-3,28.00000086E-3,
,,,-227.19849646E-3,24.00000021E-3,
,,,-223.99848700E-3,28.00000086E-3,
,,,-220.79849243E-3,36.00000218E-3,
,,,-217.59849787E-3,32.00000152E-3,
,,,-214.39848840E-3,28.00000086E-3,
,,,-211.19849384E-3,32.00000152E-3,
,,,-207.99848437E-3,44.00000349E-3,
,,,-204.79848981E-3,48.00000042E-3,
,,,-201.59849524E-3,36.00000218E-3,
,,,-198.39848578E-3,44.00000349E-3,
,,,-195.19849122E-3,44.00000349E-3,
,,,-191.99848175E-3,40.00000283E-3,
,,,-188.79848719E-3,44.00000349E-3,
,,,-185.59849262E-3,40.00000283E-3,
,,,-182.39848316E-3,44.00000349E-3,
,,,-179.19848859E-3,48.00000042E-3,
,,,-175.99849403E-3,48.00000042E-3,
,,,-172.79848456E-3,40.00000283E-3,
,,,-169.59849000E-3,48.00000042E-3,
,,,-166.39849544E-3,40.00000283E-3,
,,,-163.19848597E-3,16.0000008E-3,
,,,-159.99849141E-3,36.00000218E-3,
,,,-156.79848194E-3,28.00000086E-3,
,,,-153.59848738E-3,36.00000218E-3,
,,,-150.39849281E-3,24.00000021E-3,
,,,-147.1984833E-3,28.00000086E-3,
,,,-143.9984888E-3,28.00000086E-3,
,,,-140.7984793E-3,40.00000283E-3,
,,,-137.5984848E-3,32.00000152E-3,
,,,-134.3984902E-3,32.00000152E-3,
,,,-131.1984807E-3,24.00000021E-3,
,,,-127.9984862E-3,24.00000021E-3,
,,,-124.7984841E-3,20.0000014E-3,
,,,-121.5984821E-3,40.00000283E-3,
,,,-118.3984876E-3,20.0000014E-3,
,,,-115.1984856E-3,36.00000218E-3,
,,,-111.9984835E-3,16.0000008E-3,
,,,-108.7984890E-3,20.0000014E-3,
,,,-105.5984870E-3,20.0000014E-3,
,,,-102.3984849E-3,20.0000014E-3,
,,,-99.198482931E-3,20.0000014E-3,
,,,-95.998480916E-3,8.000000380E-3,
,,,-92.798486352E-3,12.0000001E-3,
,,,-89.598484337E-3,12.0000001E-3,
,,,-86.398482323E-3,32.00000152E-3,
,,,-83.198487759E-3,8.000000380E-3,
,,,-79.998485744E-3,-4.00000019E-3,
,,,-76.798483729E-3,8.000000380E-3,
,,,-73.598481715E-3,4.00000019E-3,
,,,-70.398479700E-3,-4.00000019E-3,
,,,-67.198485136E-3,0.0,
,,,-63.998483121E-3,-4.00000019E-3,
,,,-60.798481107E-3,0.0,
,,,-57.598482817E-3,4.00000019E-3,
,,,-54.39848453E-3,-8.000000380E-3,
,,,-51.19848251E-3,-4.00000019E-3,
,,,-47.99848050E-3,0.0,
,,,-44.79848221E-3,-16.0000008E-3,
,,,-41.59848392E-3,-24.00000021E-3,
,,,-38.39848191E-3,-20.0000014E-3,
,,,-35.19847989E-3,-12.0000001E-3,
,,,-31.99848160E-3,-28.00000086E-3,
,,,-28.79848145E-3,-24.00000021E-3,
,,,-25.59848130E-3,-28.00000086E-3,
,,,-22.39848115E-3,-28.00000086E-3,
,,,-19.1984810E-3,-32.00000152E-3,
,,,-15.9984808E-3,-36.00000218E-3,
,,,-12.7984807E-3,-36.00000218E-3,
,,,-9.598480538E-3,-40.00000283E-3,
,,,-6.39848039E-3,-44.00000349E-3,
,,,-3.19848023E-3,-40.00000283E-3,
,,,1.5199184E-6,-52.00000107E-3,
,,,3.20152007E-3,-48.00000042E-3,
,,,6.40152022E-3,-44.00000349E-3,
,,,9.601520374E-3,-48.00000042E-3,
,,,12.8015205E-3,-48.00000042E-3,
,,,16.0015207E-3,-52.00000107E-3,
,,,19.2015208E-3,-40.00000283E-3,
,,,22.40152098E-3,-60.000002384E-3,
,,,25.60152113E-3,-52.00000107E-3,
,,,28.80152129E-3,-48.00000042E-3,
,,,32.00152144E-3,-36.00000218E-3,
,,,35.20151973E-3,-48.00000042E-3,
,,,38.40152174E-3,-52.00000107E-3,
,,,41.60152376E-3,-44.00000349E-3,
,,,44.80152205E-3,-32.00000152E-3,
,,,48.00152034E-3,-44.00000349E-3,
,,,51.20152235E-3,-44.00000349E-3,
,,,54.40152436E-3,-48.00000042E-3,
,,,57.601522654E-3,-28.00000086E-3,
,,,60.801520944E-3,-44.00000349E-3,
,,,64.001522958E-3,-36.00000218E-3,
,,,67.201524973E-3,-32.00000152E-3,
,,,70.401519537E-3,-24.00000021E-3,
,,,73.601521552E-3,-24.00000021E-3,
,,,76.801523566E-3,-20.0000014E-3,
,,,80.001525581E-3,-24.00000021E-3,
,,,83.201527596E-3,-24.00000021E-3,
,,,86.401522160E-3,-4.00000019E-3,
,,,89.601524174E-3,-12.0000001E-3,
,,,92.801526189E-3,-4.00000019E-3,
,,,96.001520753E-3,-12.0000001E-3,
,,,99.201522768E-3,-4.00000019E-3,
,,,102.4015248E-3,-4.00000019E-3,
,,,105.6015268E-3,-20.0000014E-3,
,,,108.8015288E-3,-4.00000019E-3,
,,,112.0015234E-3,8.000000380E-3,
,,,115.2015254E-3,8.000000380E-3,
,,,118.4015274E-3,4.00000019E-3,
,,,121.6015220E-3,12.0000001E-3,
,,,124.8015240E-3,20.0000014E-3,
,,,128.0015260E-3,24.00000021E-3,
,,,131.2015206E-3,20.0000014E-3,
,,,134.4015300E-3,40.00000283E-3,
,,,137.6015246E-3,24.00000021E-3,
,,,140.8015192E-3,36.00000218E-3,
,,,144.0015286E-3,40.00000283E-3,
,,,147.2015232E-3,44.00000349E-3,
,,,150.40153265E-3,40.00000283E-3,
,,,153.60152721E-3,52.00000107E-3,
,,,156.80152178E-3,52.00000107E-3,
,,,160.00153124E-3,60.000002384E-3,
,,,163.20152581E-3,60.000002384E-3,
,,,166.40153527E-3,56.000001729E-3,
,,,169.60152984E-3,64.000003040E-3,
,,,172.80152440E-3,60.000002384E-3,
,,,176.00153387E-3,64.000003040E-3,
,,,179.20152843E-3,72.000004351E-3,
,,,182.40152299E-3,56.000001729E-3,
,,,185.60153246E-3,84.000006318E-3,
,,,188.80152702E-3,68.000003695E-3,
,,,192.00152159E-3,64.000003040E-3,
,,,195.20153105E-3,64.000003040E-3,
,,,198.40152562E-3,52.00000107E-3,
,,,201.60153508E-3,48.00000042E-3,
,,,204.80152965E-3,56.000001729E-3,
,,,208.00152421E-3,44.00000349E-3,
,,,211.20153368E-3,40.00000283E-3,
,,,214.40152824E-3,40.00000283E-3,
,,,217.60153770E-3,40.00000283E-3,
,,,220.80153227E-3,28.00000086E-3,
,,,224.00152683E-3,32.00000152E-3,
,,,227.20153630E-3,36.00000218E-3,
,,,230.40153086E-3,36.00000218E-3,
,,,233.60152543E-3,32.00000152E-3,
,,,236.80153489E-3,32.00000152E-3,
,,,240.00152946E-3,36.00000218E-3,
,,,243.20152402E-3,32.00000152E-3,
,,,246.40153348E-3,40.00000283E-3,
,,,249.60152805E-3,40.00000283E-3,
,,,252.80153751E-3,48.00000042E-3,
,,,256.00153208E-3,36.00000218E-3,
,,,259.20152664E-3,44.00000349E-3,
,,,262.40152121E-3,44.00000349E-3,
,,,265.60154557E-3,44.00000349E-3,
,,,268.80154014E-3,52.00000107E-3,
,,,272.00153470E-3,60.000002384E-3,
,,,275.20152926E-3,60.000002384E-3,
,,,278.40152383E-3,60.000002384E-3,
,,,281.60154819E-3,60.000002384E-3,
,,,284.80154276E-3,68.000003695E-3,
,,,288.00153732E-3,60.000002384E-3,
,,,291.20153189E-3,68.000003695E-3,
,,,294.40152645E-3,68.000003695E-3,
,,,297.60152102E-3,64.000003040E-3,
,,,300.80154538E-3,60.000002384E-3,
,,,304.00153995E-3,56.000001729E-3,
,,,307.20153451E-3,60.000002384E-3,
,,,310.40152907E-3,64.000003040E-3,
,,,313.60152364E-3,60.000002384E-3,
,,,316.80154800E-3,60.000002384E-3,
,,,320.00154257E-3,60.000002384E-3,
,,,323.20153713E-3,60.000002384E-3,
,,,326.40153170E-3,60.000002384E-3,
,,,329.60152626E-3,60.000002384E-3,
,,,332.80152082E-3,56.000001729E-3,
,,,336.00154519E-3,52.00000107E-3,
,,,339.20153975E-3,52.00000107E-3,
,,,342.40153432E-3,52.00000107E-3,
,,,345.60152888E-3,56.000001729E-3,
,,,348.80152345E-3,52.00000107E-3,
,,,352.00154781E-3,72.000004351E-3,
,,,355.20154238E-3,12.0000001E-3,
,,,358.40153694E-3,44.00000349E-3,
,,,361.60153151E-3,40.00000283E-3,
,,,364.80152607E-3,28.00000086E-3,
,,,368.00155044E-3,24.00000021E-3,
,,,371.20154500E-3,16.0000008E-3,
,,,374.40153956E-3,-24.00000021E-3,
,,,377.60153413E-3,8.000000380E-3,
,,,380.80152869E-3,12.0000001E-3,
,,,384.00155306E-3,4.00000019E-3,
,,,387.20154762E-3,0.0,
,,,390.40154219E-3,-8.000000380E-3,
,,,393.60153675E-3,-4.00000019E-3,
,,,396.80153131E-3,-4.00000019E-3,
,,,400.00152588E-3,-20.0000014E-3,
,,,403.20155025E-3,-12.0000001E-3,
,,,406.401544809E-3,-20.0000014E-3,
,,,409.601539373E-3,-16.0000008E-3,
,,,412.801533937E-3,-28.00000086E-3,
,,,416.001528502E-3,-24.00000021E-3,
,,,419.201552868E-3,-24.00000021E-3,
,,,422.401547432E-3,-16.0000008E-3,
,,,425.601541996E-3,-32.00000152E-3,
,,,428.801536560E-3,-20.0000014E-3,
,,,432.001531124E-3,-20.0000014E-3,
,,,435.201525688E-3,-20.0000014E-3,
,,,438.401550055E-3,-20.0000014E-3,
,,,441.601544619E-3,-28.00000086E-3,
,,,444.801539183E-3,-32.00000152E-3,
,,,448.001533747E-3,-32.00000152E-3,
,,,451.201528311E-3,-28.00000086E-3,
,,,454.401552677E-3,-48.00000042E-3,
,,,457.601547241E-3,-24.00000021E-3,
,,,460.801541805E-3,-32.00000152E-3,
,,,464.001536369E-3,-40.00000283E-3,
,,,467.201530933E-3,-36.00000218E-3,
,,,470.401555300E-3,-32.00000152E-3,
,,,473.601549864E-3,-36.00000218E-3,
,,,476.801544428E-3,-40.00000283E-3,
,,,480.001538992E-3,-40.00000283E-3,
,,,483.201533556E-3,-40.00000283E-3,
,,,486.401557922E-3,-52.00000107E-3,
,,,489.601552486E-3,-36.00000218E-3,
,,,492.801547050E-3,-48.00000042E-3,
,,,496.001541615E-3,-48.00000042E-3,
,,,499.201536179E-3,-40.00000283E-3,
,,,502.401530743E-3,-36.00000218E-3,
,,,505.601525307E-3,-44.00000349E-3,
,,,508.801519871E-3,-44.00000349E-3,
,,,512.001514435E-3,-44.00000349E-3,
,,,515.201568604E-3,-32.00000152E-3,
,,,518.401563168E-3,-48.00000042E-3,
,,,521.601557732E-3,-44.00000349E-3,
,,,524.801552296E-3,-48.00000042E-3,
,,,528.001546860E-3,-40.00000283E-3,
,,,531.201541424E-3,-44.00000349E-3,
,,,534.401535988E-3,-44.00000349E-3,
,,,537.601530552E-3,-40.00000283E-3,
,,,540.801525116E-3,-36.00000218E-3,
,,,544.001519680E-3,-40.00000283E-3,
,,,547.201573849E-3,-28.00000086E-3,
,,,550.401568413E-3,-32.00000152E-3,
,,,553.601562977E-3,-32.00000152E-3,
,,,556.801557541E-3,-24.00000021E-3,
,,,560.001552105E-3,-16.0000008E-3,
,,,563.201546669E-3,-24.00000021E-3,
,,,566.401541233E-3,-20.0000014E-3,
,,,569.601535797E-3,-20.0000014E-3,
,,,572.801530361E-3,-16.0000008E-3,
,,,576.001524925E-3,-16.0000008E-3,
,,,579.201519489E-3,-8.000000380E-3,
,,,582.401573658E-3,12.0000001E-3,
,,,585.601568222E-3,-8.000000380E-3,
,,,588.801562786E-3,-16.0000008E-3,
,,,592.001557350E-3,4.00000019E-3,
,,,595.201551914E-3,-4.00000019E-3,
,,,598.401546478E-3,4.00000019E-3,
,,,601.601541042E-3,-4.00000019E-3,
,,,604.801535606E-3,4.00000019E-3,
,,,608.001530170E-3,0.0,
,,,611.201524734E-3,0.0,
,,,614.401578903E-3,-36.00000218E-3,
,,,617.601573467E-3,-4.00000019E-3,
,,,620.801568031E-3,0.0,
,,,624.001562595E-3,12.0000001E-3,
,,,627.201557159E-3,0.0,
,,,630.401551723E-3,-4.00000019E-3,
,,,633.601546288E-3,-8.000000380E-3,
,,,636.801540852E-3,-12.0000001E-3,
,,,640.001535416E-3,-8.000000380E-3,
,,,643.201529980E-3,-12.0000001E-3,
,,,646.401524544E-3,-4.00000019E-3,
,,,649.601578712E-3,-8.000000380E-3,
,,,652.801573277E-3,-12.0000001E-3,
,,,656.001567841E-3,-16.0000008E-3,
,,,659.201562405E-3,-16.0000008E-3,
,,,662.401556969E-3,4.00000019E-3,
,,,665.601551533E-3,-12.0000001E-3,
,,,668.801546097E-3,-20.0000014E-3,
,,,672.001540661E-3,-4.00000019E-3,
,,,675.201535225E-3,-16.0000008E-3,
,,,678.401529789E-3,-28.00000086E-3,
,,,681.601524353E-3,-16.0000008E-3,
,,,684.801578522E-3,-24.00000021E-3,
,,,688.001573086E-3,-24.00000021E-3,
,,,691.201567650E-3,-28.00000086E-3,
,,,694.401562214E-3,-32.00000152E-3,
,,,697.601556778E-3,-20.0000014E-3,
,,,700.801551342E-3,-12.0000001E-3,
,,,704.001545906E-3,-24.00000021E-3,
,,,707.201540470E-3,-28.00000086E-3,
,,,710.401535034E-3,-24.00000021E-3,
,,,713.601529598E-3,-24.00000021E-3,
,,,716.801524162E-3,-20.0000014E-3,
,,,720.001578331E-3,-16.0000008E-3,
,,,723.201572895E-3,-28.00000086E-3,
,,,726.401567459E-3,-28.00000086E-3,
,,,729.601562023E-3,-28.00000086E-3,
,,,732.801556587E-3,-24.00000021E-3,
,,,736.001551151E-3,-40.00000283E-3,
,,,739.201545715E-3,-32.00000152E-3,
,,,742.401540279E-3,-48.00000042E-3,
,,,745.601534843E-3,-32.00000152E-3,
,,,748.801529408E-3,-28.00000086E-3,
,,,752.001583576E-3,-32.00000152E-3,
,,,755.201578140E-3,-32.00000152E-3,
,,,758.401572704E-3,-32.00000152E-3,
,,,761.601567268E-3,-44.00000349E-3,
,,,764.801561832E-3,-28.00000086E-3,
,,,768.001556396E-3,-24.00000021E-3,
,,,771.201550961E-3,-32.00000152E-3,
,,,774.401545525E-3,-40.00000283E-3,
,,,777.601540089E-3,-36.00000218E-3,
,,,780.801534653E-3,-28.00000086E-3,
,,,784.001529217E-3,-24.00000021E-3,
,,,787.201583385E-3,-20.0000014E-3,
,,,790.401577950E-3,-32.00000152E-3,
,,,793.601572514E-3,-28.00000086E-3,
,,,796.801567078E-3,-24.00000021E-3,
,,,800.001561642E-3,16.0000008E-3,
,,,803.201556206E-3,-28.00000086E-3,
,,,806.401550770E-3,-16.0000008E-3,
,,,809.601545334E-3,-24.00000021E-3,
,,,812.801539898E-3,-20.0000014E-3,
,,,816.001534462E-3,-28.00000086E-3,
,,,819.201588631E-3,-12.0000001E-3,
,,,822.401583195E-3,-16.0000008E-3,
,,,825.601577759E-3,-8.000000380E-3,
,,,828.801572323E-3,-4.00000019E-3,
,,,832.001566887E-3,-8.000000380E-3,
,,,835.201561451E-3,0.0,
,,,838.401556015E-3,0.0,
,,,841.601550579E-3,-8.000000380E-3,
,,,844.801545143E-3,8.000000380E-3,
,,,848.001539707E-3,4.00000019E-3,
,,,851.201534271E-3,8.000000380E-3,
,,,854.401588440E-3,8.000000380E-3,
,,,857.601583004E-3,12.0000001E-3,
,,,860.801577568E-3,8.000000380E-3,
,,,864.001572132E-3,12.0000001E-3,
,,,867.201566696E-3,20.0000014E-3,
,,,870.401561260E-3,44.00000349E-3,
,,,873.601555824E-3,12.0000001E-3,
,,,876.801550388E-3,16.0000008E-3,
,,,880.001544952E-3,8.000000380E-3,
,,,883.201539516E-3,0.0,
,,,886.401534081E-3,8.000000380E-3,
,,,889.601588249E-3,0.0,
,,,892.801582813E-3,0.0,
,,,896.001577377E-3,-8.000000380E-3,
,,,899.201571941E-3,-12.0000001E-3,
,,,902.401566505E-3,-12.0000001E-3,
,,,905.601561069E-3,0.0,
,,,908.801555634E-3,-16.0000008E-3,
,,,912.001550198E-3,-20.0000014E-3,
,,,915.201544762E-3,-12.0000001E-3,
,,,918.401539326E-3,-32.00000152E-3,
,,,921.601533890E-3,-20.0000014E-3,
,,,924.801588058E-3,-36.00000218E-3,
,,,928.001582623E-3,-28.00000086E-3,
,,,931.201577187E-3,-32.00000152E-3,
,,,934.401571751E-3,-28.00000086E-3,
,,,937.601566315E-3,-40.00000283E-3,
,,,940.801560879E-3,-48.00000042E-3,
,,,944.001555443E-3,-44.00000349E-3,
,,,947.201550007E-3,-52.00000107E-3,
,,,950.401544571E-3,-48.00000042E-3,
,,,953.601539135E-3,-52.00000107E-3,
,,,956.801593304E-3,-56.000001729E-3,
,,,960.001587868E-3,-56.000001729E-3,
,,,963.201582432E-3,-56.000001729E-3,
,,,966.401576996E-3,-64.000003040E-3,
,,,969.601571560E-3,-56.000001729E-3,
,,,972.801566124E-3,-64.000003040E-3,
,,,976.001560688E-3,-56.000001729E-3,
,,,979.201555252E-3,-72.000004351E-3,
,,,982.401549816E-3,-60.000002384E-3,
,,,985.601544380E-3,-56.000001729E-3,
,,,988.801538944E-3,-60.000002384E-3,
,,,992.001593113E-3,-56.000001729E-3,
,,,995.201587677E-3,-52.00000107E-3,
,,,998.401582241E-3,-52.00000107E-3,
,,,1.0016016,-56.000001729E-3,
,,,1.0048015,-56.000001729E-3,
,,,1.0080016,-56.000001729E-3,
,,,1.0112016,-28.00000086E-3,
,,,1.0144016,-44.00000349E-3,
,,,1.0176016,-36.00000218E-3,
,,,1.0208015,-24.00000021E-3,
,,,1.0240016,-44.00000349E-3,
,,,1.0272015,-32.00000152E-3,
,,,1.0304016,-32.00000152E-3,
,,,1.0336015,-28.00000086E-3,
,,,1.0368016,-24.00000021E-3,
,,,1.0400015,-16.0000008E-3,
,,,1.0432016,-16.0000008E-3,
,,,1.0464016,20.0000014E-3,
,,,1.0496016,0.0,
,,,1.0528016,0.0,
,,,1.0560015,12.0000001E-3,
,,,1.0592016,24.00000021E-3,
,,,1.0624015,4.00000019E-3,
,,,1.0656016,40.00000283E-3,
,,,1.0688015,40.00000283E-3,
,,,1.0720016,52.00000107E-3,
,,,1.0752015,60.000002384E-3,
,,,1.0784016,72.000004351E-3,
,,,1.0816016,76.000005007E-3,
,,,1.0848016,84.000006318E-3,
,,,1.0880016,96.000000834E-3,
,,,1.0912015,108.0000028E-3,
,,,1.0944016,116.0000041E-3,
,,,1.0976015,140.0000006E-3,
,,,1.1008016,120.0000048E-3,
,,,1.1040015,136.0000074E-3,
,,,1.1072016,136.0000074E-3,
,,,1.1104016,136.0000074E-3,
,,,1.1136016,160.00001132E-3,
,,,1.1168016,156.00000322E-3,
,,,1.1200016,164.00000453E-3,
,,,1.1232016,168.00001264E-3,
,,,1.1264015,172.00000584E-3,
,,,1.1296016,180.00000715E-3,
,,,1.1328015,160.00001132E-3,
,,,1.1360016,164.00000453E-3,
,,,1.1392015,160.00001132E-3,
,,,1.1424016,164.00000453E-3,
,,,1.1456016,160.00001132E-3,
,,,1.1488016,152.00001001E-3,
,,,1.1520016,152.00001001E-3,
,,,1.1552016,148.0000019E-3,
,,,1.1584016,140.0000006E-3,
,,,1.1616015,120.0000048E-3,
,,,1.1648016,108.0000028E-3,
,,,1.1680015,124.0000054E-3,
,,,1.1712016,104.0000021E-3,
,,,1.1744015,96.000000834E-3,
,,,1.1776016,88.000006974E-3,
,,,1.1808016,88.000006974E-3,
,,,1.1840016,68.000003695E-3,
,,,1.1872016,64.000003040E-3,
,,,1.1904016,68.000003695E-3,
,,,1.1936016,44.00000349E-3,
,,,1.1968015,40.00000283E-3,
,,,1.2000016,60.000002384E-3,
,,,1.2032015,20.0000014E-3,
,,,1.2064016,12.0000001E-3,
,,,1.2096015,0.0,
,,,1.2128016,0.0,
,,,1.2160016,-4.00000019E-3,
,,,1.2192016,-4.00000019E-3,
,,,1.2224016,-16.0000008E-3,
,,,1.2256016,-12.0000001E-3,
,,,1.2288016,-36.00000218E-3,
,,,1.2320015,-32.00000152E-3,
,,,1.2352016,-36.00000218E-3,
,,,1.2384015,-44.00000349E-3,
,,,1.2416016,-40.00000283E-3,
,,,1.2448015,-44.00000349E-3,
,,,1.2480016,-56.000001729E-3,
,,,1.2512016,-56.000001729E-3,
,,,1.2544016,-56.000001729E-3,
,,,1.2576016,-68.000003695E-3,
,,,1.2608016,-56.000001729E-3,
,,,1.2640016,-44.00000349E-3,
,,,1.2672015,-56.000001729E-3,
,,,1.2704016,-60.000002384E-3,
,,,1.2736015,-60.000002384E-3,
,,,1.2768016,-56.000001729E-3,
,,,1.2800016,-60.000002384E-3,
,,,1.2832016,-60.000002384E-3,
,,,1.2864016,-56.000001729E-3,
,,,1.2896016,-56.000001729E-3,
,,,1.2928016,-52.00000107E-3,
,,,1.2960016,-52.00000107E-3,
,,,1.2992016,-52.00000107E-3,
,,,1.3024015,-56.000001729E-3,
,,,1.3056016,-52.00000107E-3,
,,,1.3088015,-48.00000042E-3,
,,,1.3120016,-48.00000042E-3,
,,,1.3152016,-44.00000349E-3,
,,,1.3184016,-44.00000349E-3,
,,,1.3216016,-48.00000042E-3,
,,,1.3248016,-52.00000107E-3,
,,,1.3280016,-40.00000283E-3,
,,,1.3312016,-40.00000283E-3,
,,,1.3344016,-44.00000349E-3,
,,,1.3376015,-44.00000349E-3,
,,,1.3408016,-32.00000152E-3,
,,,1.3440015,-24.00000021E-3,
,,,1.3472016,-32.00000152E-3,
,,,1.3504016,-28.00000086E-3,
,,,1.3536016,-32.00000152E-3,
,,,1.3568016,-24.00000021E-3,
,,,1.3600016,-8.000000380E-3,
,,,1.3632016,-24.00000021E-3,
,,,1.3664016,-16.0000008E-3,
,,,1.3696016,-16.0000008E-3,
,,,1.3728015,-20.0000014E-3,
,,,1.3760016,-12.0000001E-3,
,,,1.3792015,-4.00000019E-3,
,,,1.3824016,-8.000000380E-3,
,,,1.3856016,0.0,
,,,1.3888016,-12.0000001E-3,
,,,1.3920016,-4.00000019E-3,
,,,1.3952016,0.0,
,,,1.3984016,-12.0000001E-3,
,,,1.4016016,36.00000218E-3,
,,,1.4048016,0.0,
,,,1.4080015,-4.00000019E-3,
,,,1.4112016,4.00000019E-3,
,,,1.4144015,0.0,
,,,1.4176016,0.0,
,,,1.4208016,0.0,
,,,1.4240016,12.0000001E-3,
,,,1.4272016,4.00000019E-3,
,,,1.4304016,4.00000019E-3,
,,,1.4336016,0.0,
,,,1.4368016,4.00000019E-3,
,,,1.4400016,4.00000019E-3,
,,,1.4432015,0.0,
,,,1.4464016,4.00000019E-3,
,,,1.4496015,8.000000380E-3,
,,,1.4528016,0.0,
,,,1.4560016,-4.00000019E-3,
,,,1.4592016,0.0,
,,,1.4624016,-4.00000019E-3,
,,,1.4656016,4.00000019E-3,
,,,1.4688016,0.0,
,,,1.4720016,-4.00000019E-3,
,,,1.4752016,0.0,
,,,1.4784015,-16.0000008E-3,
,,,1.4816016,-8.000000380E-3,
,,,1.4848015,0.0,
,,,1.4880016,8.000000380E-3,
,,,1.4912016,-8.000000380E-3,
,,,1.4944016,-12.0000001E-3,
,,,1.4976016,-4.00000019E-3,
,,,1.5008016,-4.00000019E-3,
,,,1.5040016,0.0,
,,,1.5072016,-12.0000001E-3,
,,,1.5104016,-12.0000001E-3,
,,,1.5136015,-8.000000380E-3,
,,,1.5168016,-8.000000380E-3,
,,,1.5200016,0.0,
,,,1.5232016,-12.0000001E-3,
,,,1.5264016,0.0,
,,,1.5296016,-16.0000008E-3,
,,,1.5328016,-4.00000019E-3,
,,,1.5360016,-8.000000380E-3,
,,,1.5392016,-4.00000019E-3,
,,,1.5424016,0.0,
,,,1.5456016,0.0,
,,,1.5488015,0.0,
,,,1.5520016,-44.00000349E-3,
,,,1.5552016,0.0,
,,,1.5584016,-8.000000380E-3,
,,,1.5616016,0.0,
,,,1.5648016,0.0,
,,,1.5680016,-12.0000001E-3,
,,,1.5712016,-4.00000019E-3,
,,,1.5744016,-8.000000380E-3,
,,,1.5776016,-8.000000380E-3,
,,,1.5808016,-4.00000019E-3,
,,,1.5840015,-12.0000001E-3,
,,,1.5872016,-8.000000380E-3,
,,,1.5904016,-12.0000001E-3,
,,,1.5936016,-16.0000008E-3,
,,,1.5968016,-8.000000380E-3,
,,,1.6000016,-8.000000380E-3,
,,,1.6032016,-8.000000380E-3,
,,,1.6064016,-4.00000019E-3,
,,,1.6096016,-4.00000019E-3,
,,,1.6128016,-4.00000019E-3,
,,,1.6160016,-16.0000008E-3,
,,,1.6192015,-4.00000019E-3,
,,,1.6224016,0.0,
,,,1.6256016,-8.000000380E-3,
,,,1.6288016,0.0,
,,,1.6320016,0.0,
,,,1.6352016,-4.00000019E-3,
,,,1.6384016,4.00000019E-3,
,,,1.6416016,8.000000380E-3,
,,,1.6448016,8.000000380E-3,
,,,1.6480016,12.0000001E-3,
,,,1.6512016,12.0000001E-3,
,,,1.6544015,12.0000001E-3,
,,,1.6576016,8.000000380E-3,
,,,1.6608016,20.0000014E-3,
,,,1.6640016,8.000000380E-3,
,,,1.6672016,12.0000001E-3,
,,,1.6704016,24.00000021E-3,
,,,1.6736016,24.00000021E-3,
,,,1.6768016,20.0000014E-3,
,,,1.6800016,16.0000008E-3,
,,,1.6832016,20.0000014E-3,
,,,1.6864016,16.0000008E-3,
,,,1.6896017,24.00000021E-3,
,,,1.6928016,40.00000283E-3,
,,,1.6960016,24.00000021E-3,
,,,1.6992016,36.00000218E-3,
,,,1.7024016,24.00000021E-3,
,,,1.7056016,20.0000014E-3,
,,,1.7088016,12.0000001E-3,
,,,1.7120016,12.0000001E-3,
,,,1.7152016,24.00000021E-3,
,,,1.7184016,24.00000021E-3,
,,,1.7216016,20.0000014E-3,
,,,1.7248017,20.0000014E-3,
,,,1.7280016,16.0000008E-3,
,,,1.7312016,20.0000014E-3,
,,,1.7344016,24.00000021E-3,
,,,1.7376016,16.0000008E-3,
,,,1.7408016,16.0000008E-3,
,,,1.7440016,24.00000021E-3,
,,,1.7472016,16.0000008E-3,
,,,1.7504016,20.0000014E-3,
,,,1.7536016,24.00000021E-3,
,,,1.7568016,24.00000021E-3,
,,,1.7600017,32.00000152E-3,
,,,1.7632016,48.00000042E-3,
,,,1.7664016,32.00000152E-3,
,,,1.7696016,16.0000008E-3,
,,,1.7728016,28.00000086E-3,
,,,1.7760016,20.0000014E-3,
,,,1.7792016,24.00000021E-3,
,,,1.7824016,20.0000014E-3,
,,,1.7856016,16.0000008E-3,
,,,1.7888016,24.00000021E-3,
,,,1.7920016,20.0000014E-3,
,,,1.7952017,20.0000014E-3,
,,,1.7984016,16.0000008E-3,
,,,1.8016016,8.000000380E-3,
,,,1.8048016,20.0000014E-3,
,,,1.8080016,16.0000008E-3,
,,,1.8112016,12.0000001E-3,
,,,1.8144016,20.0000014E-3,
,,,1.8176016,20.0000014E-3,
,,,1.8208016,20.0000014E-3,
,,,1.8240016,20.0000014E-3,
,,,1.8272016,16.0000008E-3,
,,,1.8304017,20.0000014E-3,
,,,1.8336016,20.0000014E-3,
,,,1.8368016,28.00000086E-3,
,,,1.8400016,16.0000008E-3,
,,,1.8432016,28.00000086E-3,
,,,1.8464016,32.00000152E-3,
,,,1.8496016,44.00000349E-3,
,,,1.8528016,32.00000152E-3,
,,,1.8560016,44.00000349E-3,
,,,1.8592016,56.000001729E-3,
,,,1.8624016,48.00000042E-3,
,,,1.8656017,60.000002384E-3,
,,,1.8688016,64.000003040E-3,
,,,1.8720016,72.000004351E-3,
,,,1.8752016,76.000005007E-3,
,,,1.8784016,72.000004351E-3,
,,,1.8816016,76.000005007E-3,
,,,1.8848016,60.000002384E-3,
,,,1.8880016,72.000004351E-3,
,,,1.8912016,80.000005662E-3,
,,,1.8944016,84.000006318E-3,
,,,1.8976016,68.000003695E-3,
,,,1.9008017,84.000006318E-3,
,,,1.9040016,76.000005007E-3,
,,,1.9072016,76.000005007E-3,
,,,1.9104016,72.000004351E-3,
,,,1.9136016,72.000004351E-3,
,,,1.9168016,72.000004351E-3,
,,,1.9200016,64.000003040E-3,
,,,1.9232016,72.000004351E-3,
,,,1.9264016,68.000003695E-3,
,,,1.9296017,40.00000283E-3,
,,,1.9328016,44.00000349E-3,
,,,1.9360017,44.00000349E-3,
,,,1.9392016,32.00000152E-3,
,,,1.9424016,44.00000349E-3,
,,,1.9456016,28.00000086E-3,
,,,1.9488016,24.00000021E-3,
,,,1.9520016,20.0000014E-3,
,,,1.9552016,12.0000001E-3,
,,,1.9584016,-4.00000019E-3,
,,,1.9616016,-8.000000380E-3,
,,,1.9648017,0.0,
,,,1.9680016,-12.0000001E-3,
,,,1.9712017,-8.000000380E-3,
,,,1.9744016,-12.0000001E-3,
,,,1.9776016,-12.0000001E-3,
,,,1.9808016,-16.0000008E-3,
,,,1.9840016,-16.0000008E-3,
,,,1.9872016,-24.00000021E-3,
,,,1.9904016,-28.00000086E-3,
,,,1.9936016,-32.00000152E-3,
,,,1.9968016,-16.0000008E-3,
,,,2.0000017,-20.0000014E-3,
,,,2.0032017,-40.00000283E-3,
,,,2.0064015,-36.00000218E-3,
,,,2.0096016,-32.00000152E-3,
,,,2.0128016,-24.00000021E-3,
,,,2.0160017,-32.00000152E-3,
,,,2.0192015,-28.00000086E-3,
,,,2.0224016,-20.0000014E-3,
,,,2.0256016,-36.00000218E-3,
,,,2.0288017,-36.00000218E-3,
,,,2.0320017,-16.0000008E-3,
,,,2.0352015,-36.00000218E-3,
,,,2.0384016,-36.00000218E-3,
,,,2.0416017,-36.00000218E-3,
,,,2.0448017,-40.00000283E-3,
,,,2.0480015,-44.00000349E-3,
,,,2.0512016,-44.00000349E-3,
,,,2.0544016,-44.00000349E-3,
,,,2.0576017,-44.00000349E-3,
,,,2.0608015,-48.00000042E-3,
,,,2.0640016,-40.00000283E-3,
,,,2.0672016,-52.00000107E-3,
,,,2.0704017,-40.00000283E-3,
,,,2.0736017,-52.00000107E-3,
,,,2.0768015,-52.00000107E-3,
,,,2.0800016,-44.00000349E-3,
,,,2.0832016,-52.00000107E-3,
,,,2.0864017,-44.00000349E-3,
,,,2.0896015,-44.00000349E-3,
,,,2.0928016,-40.00000283E-3,
,,,2.0960016,-36.00000218E-3,
,,,2.0992017,-36.00000218E-3,
,,,2.1024017,-20.0000014E-3,
,,,2.1056015,-32.00000152E-3,
,,,2.1088016,-40.00000283E-3,
,,,2.1120017,-36.00000218E-3,
,,,2.1152017,-24.00000021E-3,
,,,2.1184015,-24.00000021E-3,
,,,2.1216016,-12.0000001E-3,
,,,2.1248016,-4.00000019E-3,
,,,2.1280017,0.0,
,,,2.1312015,-4.00000019E-3,
,,,2.1344016,4.00000019E-3,
,,,2.1376016,4.00000019E-3,
,,,2.1408017,16.0000008E-3,
,,,2.1440017,16.0000008E-3,
,,,2.1472015,24.00000021E-3,
,,,2.1504016,24.00000021E-3,
,,,2.1536016,28.00000086E-3,
,,,2.1568017,32.00000152E-3,
,,,2.1600015,32.00000152E-3,
,,,2.1632016,40.00000283E-3,
,,,2.1664016,48.00000042E-3,
,,,2.1696017,56.000001729E-3,
,,,2.1728017,44.00000349E-3,
,,,2.1760015,44.00000349E-3,
,,,2.1792016,44.00000349E-3,
,,,2.1824017,48.00000042E-3,
,,,2.1856017,64.000003040E-3,
,,,2.1888015,60.000002384E-3,
,,,2.1920016,60.000002384E-3,
,,,2.1952016,52.00000107E-3,
,,,2.1984017,52.00000107E-3,
,,,2.2016015,60.000002384E-3,
,,,2.2048016,56.000001729E-3,
,,,2.2080016,56.000001729E-3,
,,,2.2112017,44.00000349E-3,
,,,2.2144017,44.00000349E-3,
,,,2.2176015,44.00000349E-3,
,,,2.2208016,28.00000086E-3,
,,,2.2240016,40.00000283E-3,
,,,2.2272017,36.00000218E-3,
,,,2.2304015,32.00000152E-3,
,,,2.2336016,44.00000349E-3,
,,,2.2368016,24.00000021E-3,
,,,2.2400017,28.00000086E-3,
,,,2.2432017,28.00000086E-3,
,,,2.2464015,32.00000152E-3,
,,,2.2496016,16.0000008E-3,
,,,2.2528017,36.00000218E-3,
,,,2.2560017,24.00000021E-3,
,,,2.2592015,20.0000014E-3,
,,,2.2624016,28.00000086E-3,
,,,2.2656016,32.00000152E-3,
,,,2.2688017,24.00000021E-3,
,,,2.2720017,20.0000014E-3,
,,,2.2752016,40.00000283E-3,
,,,2.2784016,20.0000014E-3,
,,,2.2816017,8.000000380E-3,
,,,2.2848017,4.00000019E-3,
,,,2.2880015,12.0000001E-3,
,,,2.2912016,16.0000008E-3,
,,,2.2944016,16.0000008E-3,
,,,2.2976017,4.00000019E-3,
,,,2.3008015,12.0000001E-3,
,,,2.3040016,4.00000019E-3,
,,,2.3072016,0.0,
,,,2.3104017,-8.000000380E-3,
,,,2.3136017,-8.000000380E-3,
,,,2.3168015,-16.0000008E-3,
,,,2.3200016,-16.0000008E-3,
,,,2.3232017,-12.0000001E-3,
,,,2.3264017,-20.0000014E-3,
,,,2.3296015,-8.000000380E-3,
,,,2.3328016,-8.000000380E-3,
,,,2.3360016,-28.00000086E-3,
,,,2.3392017,-12.0000001E-3,
,,,2.3424017,-20.0000014E-3,
,,,2.3456016,-24.00000021E-3,
,,,2.3488016,-20.0000014E-3,
,,,2.3520017,-20.0000014E-3,
,,,2.3552017,0.0,
,,,2.3584015,-36.00000218E-3,
,,,2.3616016,-28.00000086E-3,
,,,2.3648016,-28.00000086E-3,
,,,2.3680017,-24.00000021E-3,
,,,2.3712015,-36.00000218E-3,
,,,2.3744016,-32.00000152E-3,
,,,2.3776016,-36.00000218E-3,
,,,2.3808017,-44.00000349E-3,
,,,2.3840017,-60.000002384E-3,
,,,2.3872015,-56.000001729E-3,
,,,2.3904016,-64.000003040E-3,
,,,2.3936017,-64.000003040E-3,
,,,2.3968017,-64.000003040E-3,
,,,2.4000015,-72.000004351E-3,
,,,2.4032016,-76.000005007E-3,
,,,2.4064016,-72.000004351E-3,
,,,2.4096017,-72.000004351E-3,
,,,2.4128017,-76.000005007E-3,
,,,2.4160016,-76.000005007E-3,
,,,2.4192016,-80.000005662E-3,
,,,2.4224017,-60.000002384E-3,
,,,2.4256017,-72.000004351E-3,
,,,2.4288015,-68.000003695E-3,
,,,2.4320016,-68.000003695E-3,
,,,2.4352016,-68.000003695E-3,
,,,2.4384017,-68.000003695E-3,
,,,2.4416018,-56.000001729E-3,
,,,2.4448016,-60.000002384E-3,
,,,2.4480016,-60.000002384E-3,
,,,2.4512017,-76.000005007E-3,
,,,2.4544017,-56.000001729E-3,
,,,2.4576015,-48.00000042E-3,
,,,2.4608016,-56.000001729E-3,
,,,2.4640017,-44.00000349E-3,
,,,2.4672017,-44.00000349E-3,
,,,2.4704015,-44.00000349E-3,
,,,2.4736016,-16.0000008E-3,
,,,2.4768016,-32.00000152E-3,
,,,2.4800017,-28.00000086E-3,
,,,2.4832017,-32.00000152E-3,
,,,2.4864016,-20.0000014E-3,
,,,2.4896016,-24.00000021E-3,
,,,2.4928017,-12.0000001E-3,
,,,2.4960017,-24.00000021E-3,
,,,2.4992015,-16.0000008E-3,
,,,2.5024016,-16.0000008E-3,
,,,2.5056016,-20.0000014E-3,
,,,2.5088017,-16.0000008E-3,
,,,2.5120018,-12.0000001E-3,
,,,2.5152016,-16.0000008E-3,
,,,2.5184016,-20.0000014E-3,
,,,2.5216017,-8.000000380E-3,
,,,2.5248017,-8.000000380E-3,
,,,2.5280015,-8.000000380E-3,
,,,2.5312016,-8.000000380E-3,
,,,2.5344017,-12.0000001E-3,
,,,2.5376017,-8.000000380E-3,
,,,2.5408015,-12.0000001E-3,
,,,2.5440016,-16.0000008E-3,
,,,2.5472016,12.0000001E-3,
,,,2.5504017,0.0,
,,,2.5536017,12.0000001E-3,
,,,2.5568016,8.000000380E-3,
,,,2.5600016,12.0000001E-3,
,,,2.5632017,16.0000008E-3,
,,,2.5664017,20.0000014E-3,
,,,2.5696015,20.0000014E-3,
,,,2.5728016,24.00000021E-3,
,,,2.5760016,20.0000014E-3,
,,,2.5792017,36.00000218E-3,
,,,2.5824018,36.00000218E-3,
,,,2.5856016,32.00000152E-3,
,,,2.5888016,36.00000218E-3,
,,,2.5920017,40.00000283E-3,
,,,2.5952017,44.00000349E-3,
,,,2.5984015,28.00000086E-3,
,,,2.6016016,48.00000042E-3,
,,,2.6048017,40.00000283E-3,
,,,2.6080017,48.00000042E-3,
,,,2.6112018,44.00000349E-3,
,,,2.6144016,48.00000042E-3,
,,,2.6176016,44.00000349E-3,
,,,2.6208017,52.00000107E-3,
,,,2.6240017,48.00000042E-3,
,,,2.6272016,52.00000107E-3,
,,,2.6304016,60.000002384E-3,
,,,2.6336017,52.00000107E-3,
,,,2.6368017,64.000003040E-3,
,,,2.6400015,72.000004351E-3,
,,,2.6432016,84.000006318E-3,
,,,2.6464016,84.000006318E-3,
,,,2.6496017,88.000006974E-3,
,,,2.6528018,92.000007629E-3,
,,,2.6560016,92.000007629E-3,
,,,2.6592016,100.0000015E-3,
,,,2.6624017,104.0000021E-3,
,,,2.6656017,116.0000041E-3,
,,,2.6688015,108.0000028E-3,
,,,2.6720016,104.0000021E-3,
,,,2.6752017,116.0000041E-3,
,,,2.6784017,120.0000048E-3,
,,,2.6816018,116.0000041E-3,
,,,2.6848016,124.0000054E-3,
,,,2.6880016,120.0000048E-3,
,,,2.6912017,112.0000035E-3,
,,,2.6944017,112.0000035E-3,
,,,2.6976016,108.0000028E-3,
,,,2.7008016,100.0000015E-3,
,,,2.7040017,96.000000834E-3,
,,,2.7072017,96.000000834E-3,
,,,2.7104015,100.0000015E-3,
,,,2.7136016,80.000005662E-3,
,,,2.7168016,72.000004351E-3,
,,,2.72000170,68.000003695E-3,
,,,2.72320175,68.000003695E-3,
,,,2.72640157,60.000002384E-3,
,,,2.72960162,48.00000042E-3,
,,,2.73280168,36.00000218E-3,
,,,2.73600173,4.00000019E-3,
,,,2.73920155,24.00000021E-3,
,,,2.74240160,12.0000001E-3,
,,,2.74560165,12.0000001E-3,
,,,2.74880171,0.0,
,,,2.75200176,-4.00000019E-3,
,,,2.75520158,-20.0000014E-3,
,,,2.75840163,-8.000000380E-3,
,,,2.76160169,-8.000000380E-3,
,,,2.76480174,-28.00000086E-3,
,,,2.76800156,-32.00000152E-3,
,,,2.77120161,-36.00000218E-3,
,,,2.77440166,-36.00000218E-3,
,,,2.77760172,-40.00000283E-3,
,,,2.78080153,-56.000001729E-3,
,,,2.78400159,-44.00000349E-3,
,,,2.78720164,-52.00000107E-3,
,,,2.79040170,-56.000001729E-3,
,,,2.79360175,-60.000002384E-3,
,,,2.79680157,-64.000003040E-3,
,,,2.80000162,-60.000002384E-3,
,,,2.80320168,-48.00000042E-3,
,,,2.80640173,-60.000002384E-3,
,,,2.80960155,-68.000003695E-3,
,,,2.81280160,-72.000004351E-3,
,,,2.81600165,-68.000003695E-3,
,,,2.81920171,-72.000004351E-3,
,,,2.82240176,-60.000002384E-3,
,,,2.82560158,-64.000003040E-3,
,,,2.82880163,-68.000003695E-3,
,,,2.83200169,-68.000003695E-3,
,,,2.83520174,-68.000003695E-3,
,,,2.83840156,-60.000002384E-3,
,,,2.84160161,-72.000004351E-3,
,,,2.84480166,-72.000004351E-3,
,,,2.84800172,-56.000001729E-3,
,,,2.85120177,-48.00000042E-3,
,,,2.85440159,-64.000003040E-3,
,,,2.85760164,-64.000003040E-3,
,,,2.86080170,-52.00000107E-3,
,,,2.86400175,-60.000002384E-3,
,,,2.86720157,-52.00000107E-3,
,,,2.87040162,-56.000001729E-3,
,,,2.87360168,-60.000002384E-3,
,,,2.87680173,-48.00000042E-3,
,,,2.88000154,-56.000001729E-3,
,,,2.88320160,-52.00000107E-3,
,,,2.88640165,-52.00000107E-3,
,,,2.88960171,-52.00000107E-3,
,,,2.89280176,-48.00000042E-3,
,,,2.89600158,-48.00000042E-3,
,,,2.89920163,-28.00000086E-3,
,,,2.90240169,-40.00000283E-3,
,,,2.90560174,-36.00000218E-3,
,,,2.90880156,-52.00000107E-3,
,,,2.91200161,-40.00000283E-3,
,,,2.91520166,-44.00000349E-3,
,,,2.91840172,-36.00000218E-3,
,,,2.92160177,-28.00000086E-3,
,,,2.92480159,-36.00000218E-3,
,,,2.92800164,-12.0000001E-3,
,,,2.93120170,-20.0000014E-3,
,,,2.93440175,-28.00000086E-3,
,,,2.93760157,-28.00000086E-3,
,,,2.94080162,-24.00000021E-3,
,,,2.94400167,-12.0000001E-3,
,,,2.94720173,-12.0000001E-3,
,,,2.95040154,-8.000000380E-3,
,,,2.95360160,0.0,
,,,2.95680165,-8.000000380E-3,
,,,2.96000171,0.0,
,,,2.96320176,-12.0000001E-3,
,,,2.96640158,-4.00000019E-3,
,,,2.96960163,0.0,
,,,2.97280169,16.0000008E-3,
,,,2.97600174,8.000000380E-3,
,,,2.97920156,8.000000380E-3,
,,,2.98240161,16.0000008E-3,
,,,2.98560166,20.0000014E-3,
,,,2.98880172,8.000000380E-3,
,,,2.99200177,28.00000086E-3,
,,,2.99520159,20.0000014E-3,
,,,2.99840164,24.00000021E-3,
,,,3.00160170,28.00000086E-3,
,,,3.00480175,20.0000014E-3,
,,,3.00800157,28.00000086E-3,
,,,3.01120162,28.00000086E-3,
,,,3.01440167,28.00000086E-3,
,,,3.01760173,20.0000014E-3,
,,,3.02080154,16.0000008E-3,
,,,3.02400160,20.0000014E-3,
,,,3.02720165,20.0000014E-3,
,,,3.03040171,28.00000086E-3,
,,,3.03360176,32.00000152E-3,
,,,3.03680158,12.0000001E-3,
,,,3.04000163,20.0000014E-3,
,,,3.04320168,8.000000380E-3,
,,,3.04640174,8.000000380E-3,
,,,3.04960155,12.0000001E-3,
,,,3.05280161,8.000000380E-3,
,,,3.05600166,4.00000019E-3,
,,,3.05920172,4.00000019E-3,
,,,3.06240177,4.00000019E-3,
,,,3.06560159,0.0,
,,,3.06880164,0.0,
,,,3.07200170,-4.00000019E-3,
,,,3.07520175,-8.000000380E-3,
,,,3.07840157,-4.00000019E-3,
,,,3.08160162,-12.0000001E-3,
,,,3.08480167,-20.0000014E-3,
,,,3.08800173,-12.0000001E-3,
,,,3.09120178,-12.0000001E-3,
,,,3.09440160,-16.0000008E-3,
,,,3.09760165,-16.0000008E-3,
,,,3.10080171,-12.0000001E-3,
,,,3.10400176,-12.0000001E-3,
,,,3.10720158,-20.0000014E-3,
,,,3.11040163,-32.00000152E-3,
,,,3.11360168,-24.00000021E-3,
,,,3.11680174,-24.00000021E-3,
,,,3.12000155,-28.00000086E-3,
,,,3.12320161,-28.00000086E-3,
,,,3.12640166,-20.0000014E-3,
,,,3.12960172,-28.00000086E-3,
,,,3.13280177,-28.00000086E-3,
,,,3.13600159,-32.00000152E-3,
,,,3.13920164,-24.00000021E-3,
,,,3.14240170,-16.0000008E-3,
,,,3.14560175,-20.0000014E-3,
,,,3.14880157,-24.00000021E-3,
,,,3.15200162,-24.00000021E-3,
,,,3.15520167,-12.0000001E-3,
,,,3.15840173,-24.00000021E-3,
,,,3.16160178,-28.00000086E-3,
,,,3.16480160,-28.00000086E-3,
,,,3.16800165,-28.00000086E-3,
,,,3.17120171,-24.00000021E-3,
,,,3.17440176,-20.0000014E-3,
,,,3.17760158,-24.00000021E-3,
,,,3.18080163,-24.00000021E-3,
,,,3.18400168,-20.0000014E-3,
,,,3.18720174,-16.0000008E-3,
,,,3.19040155,-20.0000014E-3,
,,,3.19360161,-28.00000086E-3,
,,,3.19680166,-16.0000008E-3,
,,,3.20000172,-24.00000021E-3,
,,,3.20320177,-20.0000014E-3,
,,,3.20640159,-24.00000021E-3,
,,,3.20960164,-24.00000021E-3,
,,,3.21280169,-16.0000008E-3,
,,,3.21600175,-20.0000014E-3,
,,,3.21920156,-12.0000001E-3,
,,,3.22240162,-12.0000001E-3,
,,,3.22560167,-4.00000019E-3,
,,,3.22880173,-20.0000014E-3,
,,,3.23200178,-16.0000008E-3,
,,,3.23520160,-12.0000001E-3,
,,,3.23840165,-12.0000001E-3,
,,,3.24160171,-12.0000001E-3,
,,,3.24480176,4.00000019E-3,
,,,3.24800158,-8.000000380E-3,
,,,3.25120163,0.0,
,,,3.25440168,-8.000000380E-3,
,,,3.25760174,0.0,
,,,3.26080179,0.0,
,,,3.26400161,12.0000001E-3,
,,,3.26720166,0.0,
,,,3.27040172,12.0000001E-3,
,,,3.27360177,16.0000008E-3,
,,,3.27680159,20.0000014E-3,
,,,3.28000164,16.0000008E-3,
,,,3.28320169,4.00000019E-3,
,,,3.28640175,16.0000008E-3,
,,,3.28960156,16.0000008E-3,
,,,3.29280162,24.00000021E-3,
,,,3.29600167,24.00000021E-3,
,,,3.29920173,24.00000021E-3,
,,,3.30240178,28.00000086E-3,
,,,3.30560160,24.00000021E-3,
,,,3.30880165,24.00000021E-3,
,,,3.31200171,24.00000021E-3,
,,,3.31520176,32.00000152E-3,
,,,3.31840158,20.0000014E-3,
,,,3.32160163,24.00000021E-3,
,,,3.32480168,28.00000086E-3,
,,,3.32800174,24.00000021E-3,
,,,3.33120179,28.00000086E-3,
,,,3.33440161,28.00000086E-3,
,,,3.33760166,20.0000014E-3,
,,,3.34080172,24.00000021E-3,
,,,3.34400177,16.0000008E-3,
,,,3.34720159,8.000000380E-3,
,,,3.35040164,16.0000008E-3,
,,,3.35360169,32.00000152E-3,
,,,3.35680175,16.0000008E-3,
,,,3.36000156,8.000000380E-3,
,,,3.36320162,8.000000380E-3,
,,,3.36640167,8.000000380E-3,
,,,3.36960173,8.000000380E-3,
,,,3.37280178,-4.00000019E-3,
,,,3.37600160,12.0000001E-3,
,,,3.37920165,8.000000380E-3,
,,,3.38240170,16.0000008E-3,
,,,3.38560176,16.0000008E-3,
,,,3.38880157,8.000000380E-3,
,,,3.39200163,12.0000001E-3,
,,,3.39520168,8.000000380E-3,
,,,3.39840174,8.000000380E-3,
,,,3.40160179,8.000000380E-3,
,,,3.40480161,8.000000380E-3,
,,,3.40800166,8.000000380E-3,
,,,3.41120172,12.0000001E-3,
,,,3.41440177,16.0000008E-3,
,,,3.41760159,12.0000001E-3,
,,,3.42080164,12.0000001E-3,
,,,3.42400169,28.00000086E-3,
,,,3.42720175,28.00000086E-3,
,,,3.43040180,24.00000021E-3,
,,,3.43360162,16.0000008E-3,
,,,3.43680167,8.000000380E-3,
,,,3.44000173,20.0000014E-3,
,,,3.44320178,36.00000218E-3,
,,,3.44640160,40.00000283E-3,
,,,3.44960165,44.00000349E-3,
,,,3.45280170,52.00000107E-3,
,,,3.45600176,56.000001729E-3,
,,,3.45920157,60.000002384E-3,
,,,3.46240163,48.00000042E-3,
,,,3.46560168,64.000003040E-3,
,,,3.46880174,68.000003695E-3,
,,,3.47200179,72.000004351E-3,
,,,3.47520161,72.000004351E-3,
,,,3.47840166,84.000006318E-3,
,,,3.48160172,80.000005662E-3,
,,,3.48480177,88.000006974E-3,
,,,3.48800159,88.000006974E-3,
,,,3.49120164,96.000000834E-3,
,,,3.49440169,88.000006974E-3,
,,,3.49760175,92.000007629E-3,
,,,3.50080180,92.000007629E-3,
,,,3.50400162,92.000007629E-3,
,,,3.50720167,100.0000015E-3,
,,,3.51040173,84.000006318E-3,
,,,3.51360178,92.000007629E-3,
,,,3.51680160,84.000006318E-3,
,,,3.52000165,76.000005007E-3,
,,,3.52320170,84.000006318E-3,
,,,3.52640176,80.000005662E-3,
,,,3.52960157,72.000004351E-3,
,,,3.53280163,68.000003695E-3,
,,,3.53600168,60.000002384E-3,
,,,3.53920174,64.000003040E-3,
,,,3.54240179,52.00000107E-3,
,,,3.54560161,48.00000042E-3,
,,,3.54880166,40.00000283E-3,
,,,3.55200171,36.00000218E-3,
,,,3.55520177,28.00000086E-3,
,,,3.55840158,36.00000218E-3,
,,,3.56160164,24.00000021E-3,
,,,3.56480169,20.0000014E-3,
,,,3.56800175,12.0000001E-3,
,,,3.57120180,4.00000019E-3,
,,,3.57440162,0.0,
,,,3.57760167,-12.0000001E-3,
,,,3.58080173,-12.0000001E-3,
,,,3.58400178,-8.000000380E-3,
,,,3.58720160,-16.0000008E-3,
,,,3.59040165,-24.00000021E-3,
,,,3.59360170,-8.000000380E-3,
,,,3.59680176,-24.00000021E-3,
,,,3.60000157,-20.0000014E-3,
,,,3.60320163,-32.00000152E-3,
,,,3.60640168,-32.00000152E-3,
,,,3.60960174,-40.00000283E-3,
,,,3.61280179,-56.000001729E-3,
,,,3.61600161,-56.000001729E-3,
,,,3.61920166,-56.000001729E-3,
,,,3.62240171,-56.000001729E-3,
,,,3.62560177,-60.000002384E-3,
,,,3.62880158,-60.000002384E-3,
,,,3.63200164,-68.000003695E-3,
,,,3.63520169,-64.000003040E-3,
,,,3.63840175,-64.000003040E-3,
,,,3.64160180,-64.000003040E-3,
,,,3.64480162,-60.000002384E-3,
,,,3.64800167,-68.000003695E-3,
,,,3.65120173,-72.000004351E-3,
,,,3.65440178,-68.000003695E-3,
,,,3.65760159,-88.000006974E-3,
,,,3.66080165,-76.000005007E-3,
,,,3.66400170,-72.000004351E-3,
,,,3.66720176,-64.000003040E-3,
,,,3.67040181,-68.000003695E-3,
,,,3.67360163,-64.000003040E-3,
,,,3.67680168,-68.000003695E-3,
,,,3.68000174,-76.000005007E-3,
,,,3.68320179,-68.000003695E-3,
,,,3.68640161,-52.00000107E-3,
,,,3.68960166,-64.000003040E-3,
,,,3.69280171,-60.000002384E-3,
,,,3.69600177,-64.000003040E-3,
,,,3.69920158,-44.00000349E-3,
,,,3.70240164,-64.000003040E-3,
,,,3.70560169,-40.00000283E-3,
,,,3.70880175,-52.00000107E-3,
,,,3.71200180,-44.00000349E-3,
,,,3.71520162,-56.000001729E-3,
,,,3.71840167,-48.00000042E-3,
,,,3.72160172,-44.00000349E-3,
,,,3.72480178,-36.00000218E-3,
,,,3.72800159,-56.000001729E-3,
,,,3.73120165,-20.0000014E-3,
,,,3.73440170,-40.00000283E-3,
,,,3.73760176,-32.00000152E-3,
,,,3.74080181,-20.0000014E-3,
,,,3.74400163,-28.00000086E-3,
,,,3.74720168,-24.00000021E-3,
,,,3.75040174,-20.0000014E-3,
,,,3.75360179,-12.0000001E-3,
,,,3.75680161,-20.0000014E-3,
,,,3.76000166,-4.00000019E-3,
,,,3.76320171,8.000000380E-3,
,,,3.76640177,-8.000000380E-3,
,,,3.76960158,0.0,
,,,3.77280164,0.0,
,,,3.77600169,8.000000380E-3,
,,,3.77920175,8.000000380E-3,
,,,3.78240180,12.0000001E-3,
,,,3.78560162,20.0000014E-3,
,,,3.78880167,20.0000014E-3,
,,,3.79200172,28.00000086E-3,
,,,3.79520178,28.00000086E-3,
,,,3.79840159,16.0000008E-3,
,,,3.80160165,28.00000086E-3,
,,,3.80480170,28.00000086E-3,
,,,3.80800176,28.00000086E-3,
,,,3.81120181,48.00000042E-3,
,,,3.81440163,32.00000152E-3,
,,,3.81760168,28.00000086E-3,
,,,3.82080173,28.00000086E-3,
,,,3.82400179,32.00000152E-3,
,,,3.82720160,32.00000152E-3,
,,,3.83040166,36.00000218E-3,
,,,3.83360171,52.00000107E-3,
,,,3.83680177,32.00000152E-3,
,,,3.84000158,44.00000349E-3,
,,,3.84320164,40.00000283E-3,
,,,3.84640169,28.00000086E-3,
,,,3.84960175,24.00000021E-3,
,,,3.85280180,32.00000152E-3,
,,,3.85600162,12.0000001E-3,
,,,3.85920167,24.00000021E-3,
,,,3.86240172,16.0000008E-3,
,,,3.86560178,24.00000021E-3,
,,,3.86880159,32.00000152E-3,
,,,3.87200165,24.00000021E-3,
,,,3.87520170,20.0000014E-3,
,,,3.87840176,24.00000021E-3,
,,,3.88160181,20.0000014E-3,
,,,3.88480163,20.0000014E-3,
,,,3.88800168,12.0000001E-3,
,,,3.89120173,12.0000001E-3,
,,,3.89440179,16.0000008E-3,
,,,3.89760160,12.0000001E-3,
,,,3.90080166,8.000000380E-3,
,,,3.90400171,4.00000019E-3,
,,,3.90720177,0.0,
,,,3.91040182,0.0,
,,,3.91360164,4.00000019E-3,
,,,3.91680169,8.000000380E-3,
,,,3.92000175,36.00000218E-3,
,,,3.92320180,-16.0000008E-3,
,,,3.92640162,-8.000000380E-3,
,,,3.92960167,8.000000380E-3,
,,,3.93280172,-4.00000019E-3,
,,,3.93600178,-8.000000380E-3,
,,,3.93920159,-8.000000380E-3,
,,,3.94240165,0.0,
,,,3.94560170,-4.00000019E-3,
,,,3.94880176,-8.000000380E-3,
,,,3.95200181,-8.000000380E-3,
,,,3.95520163,-8.000000380E-3,
,,,3.95840168,-16.0000008E-3,
,,,3.96160173,0.0,
,,,3.96480179,-12.0000001E-3,
,,,3.96800160,-16.0000008E-3,
,,,3.97120166,-12.0000001E-3,
,,,3.97440171,-12.0000001E-3,
,,,3.97760177,-12.0000001E-3,
,,,3.98080182,-8.000000380E-3,
,,,3.98400164,-20.0000014E-3,
,,,3.98720169,-24.00000021E-3,
,,,3.99040174,0.0,
,,,3.99360180,-16.0000008E-3,
,,,3.99680161,-8.000000380E-3,
,,,4.00000191,-12.0000001E-3,
,,,4.00320148,-12.0000001E-3,
,,,4.00640154,-28.00000086E-3,
,,,4.00960159,-16.0000008E-3,
,,,4.01280165,-20.0000014E-3,
,,,4.01600170,-16.0000008E-3,
,,,4.01920176,-16.0000008E-3,
,,,4.02240181,-16.0000008E-3,
,,,4.02560186,-8.000000380E-3,
,,,4.02880192,-12.0000001E-3,
,,,4.03200150,-12.0000001E-3,
,,,4.03520155,-12.0000001E-3,
,,,4.03840160,4.00000019E-3,
,,,4.04160166,-8.000000380E-3,
,,,4.04480171,4.00000019E-3,
,,,4.04800177,4.00000019E-3,
,,,4.05120182,4.00000019E-3,
,,,4.05440187,0.0,
,,,4.05760193,4.00000019E-3,
,,,4.06080151,12.0000001E-3,
,,,4.06400156,32.00000152E-3,
,,,4.06720161,12.0000001E-3,
,,,4.07040167,16.0000008E-3,
,,,4.07360172,4.00000019E-3,
,,,4.07680178,20.0000014E-3,
,,,4.08000183,16.0000008E-3,
,,,4.08320189,20.0000014E-3,
,,,4.08640194,12.0000001E-3,
,,,4.08960152,0.0,
,,,4.09280157,8.000000380E-3,
,,,4.09600163,-4.00000019E-3,
,,,4.09920168,-8.000000380E-3,
,,,4.10240173,-4.00000019E-3,
,,,4.10560179,-16.0000008E-3,
,,,4.10880184,-12.0000001E-3,
,,,4.11200190,-12.0000001E-3,
,,,4.11520195,-20.0000014E-3,
,,,4.11840153,-24.00000021E-3,
,,,4.12160158,-20.0000014E-3,
,,,4.12480164,-24.00000021E-3,
,,,4.12800169,-24.00000021E-3,
,,,4.13120174,-12.0000001E-3,
,,,4.13440180,-20.0000014E-3,
,,,4.13760185,-20.0000014E-3,
,,,4.14080191,-20.0000014E-3,
,,,4.14400148,-20.0000014E-3,
,,,4.14720154,-24.00000021E-3,
,,,4.15040159,-12.0000001E-3,
,,,4.15360165,-32.00000152E-3,
,,,4.15680170,-8.000000380E-3,
,,,4.16000175,4.00000019E-3,
,,,4.16320181,0.0,
,,,4.16640186,-8.000000380E-3,
,,,4.16960192,0.0,
,,,4.17280149,0.0,
,,,4.17600155,8.000000380E-3,
,,,4.17920160,8.000000380E-3,
,,,4.18240166,20.0000014E-3,
,,,4.18560171,12.0000001E-3,
,,,4.18880177,20.0000014E-3,
,,,4.19200182,20.0000014E-3,
,,,4.19520187,24.00000021E-3,
,,,4.19840193,16.0000008E-3,
,,,4.20160151,12.0000001E-3,
,,,4.20480156,28.00000086E-3,
,,,4.20800161,24.00000021E-3,
,,,4.21120167,16.0000008E-3,
,,,4.21440172,12.0000001E-3,
,,,4.21760178,12.0000001E-3,
,,,4.22080183,16.0000008E-3,
,,,4.22400188,20.0000014E-3,
,,,4.22720194,12.0000001E-3,
,,,4.23040152,16.0000008E-3,
,,,4.23360157,12.0000001E-3,
,,,4.23680162,4.00000019E-3,
,,,4.24000168,-8.000000380E-3,
,,,4.24320173,-4.00000019E-3,
,,,4.24640179,0.0,
,,,4.24960184,0.0,
,,,4.25280190,-8.000000380E-3,
,,,4.25600195,-12.0000001E-3,
,,,4.25920153,-4.00000019E-3,
,,,4.26240158,0.0,
,,,4.26560163,0.0,
,,,4.26880169,-4.00000019E-3,
,,,4.27200174,-4.00000019E-3,
,,,4.27520180,0.0,
,,,4.27840185,0.0,
,,,4.28160191,-4.00000019E-3,
,,,4.28480196,4.00000019E-3,
,,,4.28800154,24.00000021E-3,
,,,4.29120159,12.0000001E-3,
,,,4.29440165,16.0000008E-3,
,,,4.29760170,20.0000014E-3,
,,,4.30080175,24.00000021E-3,
,,,4.30400181,20.0000014E-3,
,,,4.30720186,56.000001729E-3,
,,,4.31040192,40.00000283E-3,
,,,4.31360149,56.000001729E-3,
,,,4.31680155,48.00000042E-3,
,,,4.32000160,60.000002384E-3,
,,,4.32320166,60.000002384E-3,
,,,4.32640171,76.000005007E-3,
,,,4.32960176,76.000005007E-3,
,,,4.33280182,76.000005007E-3,
,,,4.33600187,64.000003040E-3,
,,,4.33920193,84.000006318E-3,
,,,4.34240150,92.000007629E-3,
,,,4.34560156,80.000005662E-3,
,,,4.34880161,92.000007629E-3,
,,,4.35200167,88.000006974E-3,
,,,4.35520172,92.000007629E-3,
,,,4.35840178,84.000006318E-3,
,,,4.36160183,88.000006974E-3,
,,,4.36480188,84.000006318E-3,
,,,4.36800194,84.000006318E-3,
,,,4.37120152,88.000006974E-3,
,,,4.37440157,64.000003040E-3,
,,,4.37760162,68.000003695E-3,
,,,4.38080168,72.000004351E-3,
,,,4.38400173,60.000002384E-3,
,,,4.38720179,52.00000107E-3,
,,,4.39040184,48.00000042E-3,
,,,4.39360189,36.00000218E-3,
,,,4.39680195,44.00000349E-3,
,,,4.40000153,24.00000021E-3,
,,,4.40320158,32.00000152E-3,
,,,4.40640163,16.0000008E-3,
,,,4.40960169,12.0000001E-3,
,,,4.41280174,16.0000008E-3,
,,,4.41600180,0.0,
,,,4.41920185,-12.0000001E-3,
,,,4.42240191,-4.00000019E-3,
,,,4.42560196,-12.0000001E-3,
,,,4.42880154,-16.0000008E-3,
,,,4.43200159,-32.00000152E-3,
,,,4.43520164,-28.00000086E-3,
,,,4.43840170,-40.00000283E-3,
,,,4.44160175,-36.00000218E-3,
,,,4.44480181,-48.00000042E-3,
,,,4.44800186,-48.00000042E-3,
,,,4.45120192,-44.00000349E-3,
,,,4.45440197,-56.000001729E-3,
,,,4.45760155,-56.000001729E-3,
,,,4.46080160,-60.000002384E-3,
,,,4.46400166,-60.000002384E-3,
,,,4.46720171,-56.000001729E-3,
,,,4.47040176,-64.000003040E-3,
,,,4.47360182,-64.000003040E-3,
,,,4.47680187,-60.000002384E-3,
,,,4.48000193,-64.000003040E-3,
,,,4.48320150,-60.000002384E-3,
,,,4.48640156,-72.000004351E-3,
,,,4.48960161,-64.000003040E-3,
,,,4.49280167,-56.000001729E-3,
,,,4.49600172,-64.000003040E-3,
,,,4.49920177,-60.000002384E-3,
,,,4.50240183,-60.000002384E-3,
,,,4.50560188,-60.000002384E-3,
,,,4.50880194,-52.00000107E-3,
,,,4.51200151,-64.000003040E-3,
,,,4.51520157,-44.00000349E-3,
,,,4.51840162,-48.00000042E-3,
,,,4.52160168,-64.000003040E-3,
,,,4.52480173,-48.00000042E-3,
,,,4.52800179,-44.00000349E-3,
,,,4.53120184,-32.00000152E-3,
,,,4.53440189,-44.00000349E-3,
,,,4.53760195,-36.00000218E-3,
,,,4.54080153,-40.00000283E-3,
,,,4.54400158,-56.000001729E-3,
,,,4.54720163,-40.00000283E-3,
,,,4.55040169,-20.0000014E-3,
,,,4.55360174,-24.00000021E-3,
,,,4.55680180,-20.0000014E-3,
,,,4.56000185,-12.0000001E-3,
,,,4.56320190,-16.0000008E-3,
,,,4.56640196,8.000000380E-3,
,,,4.56960154,-4.00000019E-3,
,,,4.57280159,0.0,
,,,4.57600164,8.000000380E-3,
,,,4.57920170,0.0,
,,,4.58240175,4.00000019E-3,
,,,4.58560181,12.0000001E-3,
,,,4.58880186,20.0000014E-3,
,,,4.59200191,16.0000008E-3,
,,,4.59520197,12.0000001E-3,
,,,4.59840155,16.0000008E-3,
,,,4.60160160,-4.00000019E-3,
,,,4.60480165,0.0,
,,,4.60800171,8.000000380E-3,
,,,4.61120176,-4.00000019E-3,
,,,4.61440182,12.0000001E-3,
,,,4.61760187,0.0,
,,,4.62080193,-4.00000019E-3,
,,,4.62400150,4.00000019E-3,
,,,4.62720156,-4.00000019E-3,
,,,4.63040161,0.0,
,,,4.63360167,4.00000019E-3,
,,,4.63680172,-8.000000380E-3,
,,,4.64000177,12.0000001E-3,
,,,4.64320183,4.00000019E-3,
,,,4.64640188,4.00000019E-3,
,,,4.64960194,16.0000008E-3,
,,,4.65280151,16.0000008E-3,
,,,4.65600157,16.0000008E-3,
,,,4.65920162,12.0000001E-3,
,,,4.66240168,0.0,
,,,4.66560173,16.0000008E-3,
,,,4.66880178,24.00000021E-3,
,,,4.67200184,12.0000001E-3,
,,,4.67520189,24.00000021E-3,
,,,4.67840195,24.00000021E-3,
,,,4.68160152,16.0000008E-3,
,,,4.68480158,28.00000086E-3,
,,,4.68800163,28.00000086E-3,
,,,4.69120169,16.0000008E-3,
,,,4.69440174,20.0000014E-3,
,,,4.69760180,24.00000021E-3,
,,,4.70080185,12.0000001E-3,
,,,4.70400190,16.0000008E-3,
,,,4.70720196,12.0000001E-3,
,,,4.71040154,8.000000380E-3,
,,,4.71360159,8.000000380E-3,
,,,4.71680164,24.00000021E-3,
,,,4.72000170,8.000000380E-3,
,,,4.72320175,-4.00000019E-3,
,,,4.72640181,-16.0000008E-3,
,,,4.72960186,-8.000000380E-3,
,,,4.73280191,-8.000000380E-3,
,,,4.73600197,-16.0000008E-3,
,,,4.73920155,-4.00000019E-3,
,,,4.74240160,-12.0000001E-3,
,,,4.74560165,-20.0000014E-3,
,,,4.74880171,-12.0000001E-3,
,,,4.75200176,-24.00000021E-3,
,,,4.75520182,-16.0000008E-3,
,,,4.75840187,-20.0000014E-3,
,,,4.76160192,-8.000000380E-3,
,,,4.76480198,-20.0000014E-3,
,,,4.76800156,-20.0000014E-3,
,,,4.77120161,-16.0000008E-3,
,,,4.77440166,-32.00000152E-3,
,,,4.77760172,-20.0000014E-3,
,,,4.78080177,-8.000000380E-3,
,,,4.78400183,-20.0000014E-3,
,,,4.78720188,-8.000000380E-3,
,,,4.79040194,-16.0000008E-3,
,,,4.79360151,-12.0000001E-3,
,,,4.79680157,-12.0000001E-3,
,,,4.80000162,-8.000000380E-3,
,,,4.80320168,-8.000000380E-3,
,,,4.80640173,-12.0000001E-3,
,,,4.80960178,-4.00000019E-3,
,,,4.81280184,-12.0000001E-3,
,,,4.81600189,40.00000283E-3,
,,,4.81920195,-4.00000019E-3,
,,,4.82240152,-20.0000014E-3,
,,,4.82560158,8.000000380E-3,
,,,4.82880163,-8.000000380E-3,
,,,4.83200169,4.00000019E-3,
,,,4.83520174,-8.000000380E-3,
,,,4.83840179,-4.00000019E-3,
,,,4.84160185,-16.0000008E-3,
,,,4.84480190,-4.00000019E-3,
,,,4.84800196,-8.000000380E-3,
,,,4.85120153,4.00000019E-3,
,,,4.85440159,-4.00000019E-3,
,,,4.85760164,-8.000000380E-3,
,,,4.86080170,-4.00000019E-3,
,,,4.86400175,-16.0000008E-3,
,,,4.86720181,-12.0000001E-3,
,,,4.87040186,-4.00000019E-3,
,,,4.87360191,-4.00000019E-3,
,,,4.87680197,-12.0000001E-3,
,,,4.88000154,-16.0000008E-3,
,,,4.88320160,-8.000000380E-3,
,,,4.88640165,-16.0000008E-3,
,,,4.88960171,0.0,
,,,4.89280176,-4.00000019E-3,
,,,4.89600182,-28.00000086E-3,
,,,4.89920187,0.0,
,,,4.90240192,-4.00000019E-3,
,,,4.90560198,-8.000000380E-3,
,,,4.90880156,0.0,
,,,4.91200161,-4.00000019E-3,
,,,4.91520166,4.00000019E-3,
,,,4.91840172,8.000000380E-3,
,,,4.92160177,0.0,
,,,4.92480183,12.0000001E-3,
,,,4.92800188,4.00000019E-3,
,,,4.93120193,0.0,
,,,4.93440199,4.00000019E-3,
,,,4.93760157,12.0000001E-3,
,,,4.94080162,16.0000008E-3,
,,,4.94400167,8.000000380E-3,
,,,4.94720173,-4.00000019E-3,
,,,4.95040178,12.0000001E-3,
,,,4.95360184,4.00000019E-3,
,,,4.95680189,4.00000019E-3,
,,,4.96000195,4.00000019E-3,
,,,4.96320152,8.000000380E-3,
,,,4.96640158,16.0000008E-3,
,,,4.96960163,0.0,
,,,4.97280169,-4.00000019E-3,
,,,4.97600174,-4.00000019E-3,
,,,4.97920179,-8.000000380E-3,
,,,4.98240185,-8.000000380E-3,
,,,4.98560190,8.000000380E-3,
,,,4.98880196,-4.00000019E-3,
,,,4.99200153,0.0,
,,,4.99520159,-8.000000380E-3,
,,,4.99840164,-12.0000001E-3,
,,,5.00160170,-8.000000380E-3,
,,,5.00480175,-16.0000008E-3,
,,,5.00800180,-24.00000021E-3,
,,,5.01120186,-24.00000021E-3,
,,,5.01440191,-20.0000014E-3,
,,,5.01760197,-28.00000086E-3,
,,,5.02080154,-16.0000008E-3,
,,,5.02400160,-24.00000021E-3,
,,,5.02720165,-24.00000021E-3,
,,,5.03040171,-24.00000021E-3,
,,,5.03360176,-28.00000086E-3,
,,,5.03680182,-28.00000086E-3,
,,,5.04000187,-24.00000021E-3,
,,,5.04320192,-28.00000086E-3,
,,,5.04640198,-24.00000021E-3,
,,,5.04960155,-32.00000152E-3,
,,,5.05280161,-28.00000086E-3,
,,,5.05600166,-28.00000086E-3,
,,,5.05920172,-28.00000086E-3,
,,,5.06240177,-28.00000086E-3,
,,,5.06560183,-12.0000001E-3,
,,,5.06880188,-32.00000152E-3,
,,,5.07200193,-16.0000008E-3,
,,,5.07520199,-24.00000021E-3,
,,,5.07840157,-20.0000014E-3,
,,,5.08160162,-24.00000021E-3,
,,,5.08480167,-20.0000014E-3,
,,,5.08800173,-12.0000001E-3,
,,,5.09120178,-16.0000008E-3,
,,,5.09440184,8.000000380E-3,
,,,5.09760189,0.0,
,,,5.10080194,-8.000000380E-3,
,,,5.10400200,-4.00000019E-3,
,,,5.10720158,-4.00000019E-3,
,,,5.11040163,4.00000019E-3,
,,,5.11360168,12.0000001E-3,
,,,5.11680174,20.0000014E-3,
,,,5.12000179,4.00000019E-3,
,,,5.12320185,32.00000152E-3,
,,,5.12640190,40.00000283E-3,
,,,5.12960196,48.00000042E-3,
,,,5.13280153,44.00000349E-3,
,,,5.13600159,56.000001729E-3,
,,,5.13920164,60.000002384E-3,
,,,5.14240170,56.000001729E-3,
,,,5.14560175,80.000005662E-3,
,,,5.14880180,76.000005007E-3,
,,,5.15200186,76.000005007E-3,
,,,5.15520191,88.000006974E-3,
,,,5.15840197,88.000006974E-3,
,,,5.16160154,100.0000015E-3,
,,,5.16480160,96.000000834E-3,
,,,5.16800165,104.0000021E-3,
,,,5.17120171,104.0000021E-3,
,,,5.17440176,100.0000015E-3,
,,,5.17760181,104.0000021E-3,
,,,5.18080187,108.0000028E-3,
,,,5.18400192,112.0000035E-3,
,,,5.18720198,100.0000015E-3,
,,,5.19040155,116.0000041E-3,
,,,5.19360161,108.0000028E-3,
,,,5.19680166,108.0000028E-3,
,,,5.20000172,96.000000834E-3,
,,,5.20320177,100.0000015E-3,
,,,5.20640182,100.0000015E-3,
,,,5.20960188,96.000000834E-3,
,,,5.21280193,80.000005662E-3,
,,,5.21600199,80.000005662E-3,
,,,5.21920156,80.000005662E-3,
,,,5.22240162,80.000005662E-3,
,,,5.22560167,76.000005007E-3,
,,,5.22880173,60.000002384E-3,
,,,5.23200178,56.000001729E-3,
,,,5.23520184,48.00000042E-3,
,,,5.23840189,40.00000283E-3,
,,,5.24160194,44.00000349E-3,
,,,5.24480200,32.00000152E-3,
,,,5.24800158,28.00000086E-3,
,,,5.25120163,12.0000001E-3,
,,,5.25440168,28.00000086E-3,
,,,5.25760174,4.00000019E-3,
,,,5.26080179,-4.00000019E-3,
,,,5.26400185,-8.000000380E-3,
,,,5.26720190,-16.0000008E-3,
,,,5.27040195,-32.00000152E-3,
,,,5.27360153,-24.00000021E-3,
,,,5.27680159,-40.00000283E-3,
,,,5.28000164,-44.00000349E-3,
,,,5.28320169,-48.00000042E-3,
,,,5.28640175,-68.000003695E-3,
,,,5.28960180,-60.000002384E-3,
,,,5.29280186,-60.000002384E-3,
,,,5.29600191,-96.000000834E-3,
,,,5.29920197,-64.000003040E-3,
,,,5.30240154,-76.000005007E-3,
,,,5.30560160,-76.000005007E-3,
,,,5.30880165,-72.000004351E-3,
,,,5.31200171,-68.000003695E-3,
,,,5.31520176,-76.000005007E-3,
,,,5.31840181,-72.000004351E-3,
,,,5.32160187,-80.000005662E-3,
,,,5.32480192,-72.000004351E-3,
,,,5.32800198,-72.000004351E-3,
,,,5.33120155,-76.000005007E-3,
,,,5.33440161,-72.000004351E-3,
,,,5.33760166,-68.000003695E-3,
,,,5.34080172,-64.000003040E-3,
,,,5.34400177,-64.000003040E-3,
,,,5.34720182,-56.000001729E-3,
,,,5.35040188,-60.000002384E-3,
,,,5.35360193,-60.000002384E-3,
,,,5.35680199,-52.00000107E-3,
,,,5.36000156,-60.000002384E-3,
,,,5.36320162,-48.00000042E-3,
,,,5.36640167,-48.00000042E-3,
,,,5.36960173,-52.00000107E-3,
,,,5.37280178,-44.00000349E-3,
,,,5.37600183,-84.000006318E-3,
,,,5.37920189,-44.00000349E-3,
,,,5.38240194,-32.00000152E-3,
,,,5.38560200,-36.00000218E-3,
,,,5.38880157,-36.00000218E-3,
,,,5.39200163,-20.0000014E-3,
,,,5.39520168,-28.00000086E-3,
,,,5.39840174,-24.00000021E-3,
,,,5.40160179,-32.00000152E-3,
,,,5.40480185,-12.0000001E-3,
,,,5.40800190,-20.0000014E-3,
,,,5.41120195,-24.00000021E-3,
,,,5.41440201,-8.000000380E-3,
,,,5.41760159,-12.0000001E-3,
,,,5.42080164,-24.00000021E-3,
,,,5.42400169,-16.0000008E-3,
,,,5.42720175,0.0,
,,,5.43040180,0.0,
,,,5.43360186,-8.000000380E-3,
,,,5.43680191,8.000000380E-3,
,,,5.44000196,0.0,
,,,5.44320154,12.0000001E-3,
,,,5.44640160,8.000000380E-3,
,,,5.44960165,4.00000019E-3,
,,,5.45280170,4.00000019E-3,
,,,5.45600176,8.000000380E-3,
,,,5.45920181,8.000000380E-3,
,,,5.46240187,12.0000001E-3,
,,,5.46560192,16.0000008E-3,
,,,5.46880198,0.0,
,,,5.47200155,12.0000001E-3,
,,,5.47520161,8.000000380E-3,
,,,5.47840166,12.0000001E-3,
,,,5.48160172,4.00000019E-3,
,,,5.48480177,28.00000086E-3,
,,,5.48800182,0.0,
,,,5.49120188,12.0000001E-3,
,,,5.49440193,8.000000380E-3,
,,,5.49760199,4.00000019E-3,
,,,5.50080156,8.000000380E-3,
,,,5.50400162,0.0,
,,,5.50720167,0.0,
,,,5.51040173,16.0000008E-3,
,,,5.51360178,-8.000000380E-3,
,,,5.51680183,-8.000000380E-3,
,,,5.52000189,-8.000000380E-3,
,,,5.52320194,-12.0000001E-3,
,,,5.52640200,-16.0000008E-3,
,,,5.52960157,-24.00000021E-3,
,,,5.53280163,-16.0000008E-3,
,,,5.53600168,-24.00000021E-3,
,,,5.53920174,-24.00000021E-3,
,,,5.54240179,-28.00000086E-3,
,,,5.54560184,-28.00000086E-3,
,,,5.54880190,-36.00000218E-3,
,,,5.55200195,-44.00000349E-3,
,,,5.55520201,-44.00000349E-3,
,,,5.55840158,-44.00000349E-3,
,,,5.56160164,-52.00000107E-3,
,,,5.56480169,-52.00000107E-3,
,,,5.56800175,-52.00000107E-3,
,,,5.57120180,-56.000001729E-3,
,,,5.57440186,-60.000002384E-3,
,,,5.57760191,-64.000003040E-3,
,,,5.58080196,-60.000002384E-3,
,,,5.58400202,-64.000003040E-3,
,,,5.58720160,-80.000005662E-3,
,,,5.59040165,-68.000003695E-3,
,,,5.59360170,-56.000001729E-3,
,,,5.59680176,-60.000002384E-3,
,,,5.60000181,-56.000001729E-3,
,,,5.60320187,-64.000003040E-3,
,,,5.60640192,-56.000001729E-3,
,,,5.60960197,-52.00000107E-3,
,,,5.61280155,-52.00000107E-3,
,,,5.61600161,-60.000002384E-3,
,,,5.61920166,-48.00000042E-3,
,,,5.62240171,-44.00000349E-3,
,,,5.62560177,-44.00000349E-3,
,,,5.62880182,-40.00000283E-3,
,,,5.63200188,-40.00000283E-3,
,,,5.63520193,-40.00000283E-3,
,,,5.63840199,-32.00000152E-3,
,,,5.64160156,-20.0000014E-3,
,,,5.64480162,-8.000000380E-3,
,,,5.64800167,-20.0000014E-3,
,,,5.65120173,-20.0000014E-3,
,,,5.65440178,-8.000000380E-3,
,,,5.65760183,-12.0000001E-3,
,,,5.66080189,-8.000000380E-3,
,,,5.66400194,0.0,
,,,5.66720200,-12.0000001E-3,
,,,5.67040157,-8.000000380E-3,
,,,5.67360163,8.000000380E-3,
,,,5.67680168,8.000000380E-3,
,,,5.68000174,8.000000380E-3,
,,,5.68320179,12.0000001E-3,
,,,5.68640184,16.0000008E-3,
,,,5.68960190,12.0000001E-3,
,,,5.69280195,16.0000008E-3,
,,,5.69600201,8.000000380E-3,
,,,5.69920158,12.0000001E-3,
,,,5.70240164,24.00000021E-3,
,,,5.70560169,28.00000086E-3,
,,,5.70880175,24.00000021E-3,
,,,5.71200180,8.000000380E-3,
,,,5.71520185,28.00000086E-3,
,,,5.71840191,32.00000152E-3,
,,,5.72160196,24.00000021E-3,
,,,5.72480202,28.00000086E-3,
,,,5.72800159,28.00000086E-3,
,,,5.73120165,24.00000021E-3,
,,,5.73440170,28.00000086E-3,
,,,5.73760176,4.00000019E-3,
,,,5.74080181,16.0000008E-3,
,,,5.74400187,24.00000021E-3,
,,,5.74720192,32.00000152E-3,
,,,5.75040197,24.00000021E-3,
,,,5.75360203,24.00000021E-3,
,,,5.75680161,36.00000218E-3,
,,,5.76000166,28.00000086E-3,
,,,5.76320171,28.00000086E-3,
,,,5.76640177,20.0000014E-3,
,,,5.76960182,36.00000218E-3,
,,,5.77280188,36.00000218E-3,
,,,5.77600193,40.00000283E-3,
,,,5.77920198,44.00000349E-3,
,,,5.78240156,36.00000218E-3,
,,,5.78560162,40.00000283E-3,
,,,5.78880167,44.00000349E-3,
,,,5.79200172,60.000002384E-3,
,,,5.79520178,44.00000349E-3,
,,,5.79840183,48.00000042E-3,
,,,5.80160189,52.00000107E-3,
,,,5.80480194,16.0000008E-3,
,,,5.80800200,24.00000021E-3,
,,,5.81120157,48.00000042E-3,
,,,5.81440163,32.00000152E-3,
,,,5.81760168,36.00000218E-3,
,,,5.82080173,36.00000218E-3,
,,,5.82400179,16.0000008E-3,
,,,5.82720184,32.00000152E-3,
,,,5.83040190,24.00000021E-3,
,,,5.83360195,24.00000021E-3,
,,,5.83680201,16.0000008E-3,
,,,5.84000158,16.0000008E-3,
,,,5.84320164,24.00000021E-3,
,,,5.84640169,16.0000008E-3,
,,,5.84960175,16.0000008E-3,
,,,5.85280180,16.0000008E-3,
,,,5.85600185,16.0000008E-3,
,,,5.85920191,12.0000001E-3,
,,,5.86240196,20.0000014E-3,
,,,5.86560202,8.000000380E-3,
,,,5.86880159,16.0000008E-3,
,,,5.87200165,8.000000380E-3,
,,,5.87520170,32.00000152E-3,
,,,5.87840176,20.0000014E-3,
,,,5.88160181,20.0000014E-3,
,,,5.88480186,28.00000086E-3,
,,,5.88800192,16.0000008E-3,
,,,5.89120197,24.00000021E-3,
,,,5.89440203,12.0000001E-3,
,,,5.89760160,12.0000001E-3,
,,,5.90080166,12.0000001E-3,
,,,5.90400171,16.0000008E-3,
,,,5.90720177,16.0000008E-3,
,,,5.91040182,16.0000008E-3,
,,,5.91360188,20.0000014E-3,
,,,5.91680193,20.0000014E-3,
,,,5.92000198,20.0000014E-3,
,,,5.92320204,20.0000014E-3,
,,,5.92640162,24.00000021E-3,
,,,5.92960167,24.00000021E-3,
,,,5.93280172,28.00000086E-3,
,,,5.93600178,28.00000086E-3,
,,,5.93920183,44.00000349E-3,
,,,5.94240189,40.00000283E-3,
,,,5.94560194,48.00000042E-3,
,,,5.94880199,44.00000349E-3,
,,,5.95200157,60.000002384E-3,
,,,5.95520163,64.000003040E-3,
,,,5.95840168,68.000003695E-3,
,,,5.96160173,68.000003695E-3,
,,,5.96480179,68.000003695E-3,
,,,5.96800184,84.000006318E-3,
,,,5.97120190,92.000007629E-3,
,,,5.97440195,88.000006974E-3,
,,,5.97760201,96.000000834E-3,
,,,5.98080158,96.000000834E-3,
,,,5.98400164,100.0000015E-3,
,,,5.98720169,104.0000021E-3,
,,,5.99040174,112.0000035E-3,
,,,5.99360180,112.0000035E-3,
,,,5.99680185,116.0000041E-3,
,,,6.00000191,116.0000041E-3,
,,,6.00320196,112.0000035E-3,
,,,6.00640202,116.0000041E-3,
,,,6.00960159,112.0000035E-3,
,,,6.01280165,112.0000035E-3,
,,,6.01600170,104.0000021E-3,
,,,6.01920176,100.0000015E-3,
,,,6.02240181,88.000006974E-3,
,,,6.02560186,96.000000834E-3,
,,,6.02880192,88.000006974E-3,
,,,6.03200197,84.000006318E-3,
,,,6.03520203,68.000003695E-3,
,,,6.03840160,68.000003695E-3,
,,,6.04160166,60.000002384E-3,
,,,6.04480171,44.00000349E-3,
,,,6.04800177,44.00000349E-3,
,,,6.05120182,36.00000218E-3,
,,,6.05440187,24.00000021E-3,
,,,6.05760193,20.0000014E-3,
,,,6.06080198,4.00000019E-3,
,,,6.06400204,0.0,
,,,6.06720161,-12.0000001E-3,
,,,6.07040167,-20.0000014E-3,
,,,6.07360172,-4.00000019E-3,
,,,6.07680178,-32.00000152E-3,
,,,6.08000183,-36.00000218E-3,
,,,6.08320189,-36.00000218E-3,
,,,6.08640194,-52.00000107E-3,
,,,6.08960199,-56.000001729E-3,
,,,6.09280205,-68.000003695E-3,
,,,6.09600163,-72.000004351E-3,
,,,6.09920168,-52.00000107E-3,
,,,6.10240173,-88.000006974E-3,
,,,6.10560179,-100.0000015E-3,
,,,6.10880184,-96.000000834E-3,
,,,6.11200190,-100.0000015E-3,
,,,6.11520195,-104.0000021E-3,
,,,6.11840200,-104.0000021E-3,
,,,6.12160158,-112.0000035E-3,
,,,6.12480164,-124.0000054E-3,
,,,6.12800169,-108.0000028E-3,
,,,6.13120174,-112.0000035E-3,
,,,6.13440180,-116.0000041E-3,
,,,6.13760185,-116.0000041E-3,
,,,6.14080191,-108.0000028E-3,
,,,6.14400196,-112.0000035E-3,
,,,6.14720201,-112.0000035E-3,
,,,6.15040159,-112.0000035E-3,
,,,6.15360165,-108.0000028E-3,
,,,6.15680170,-120.0000048E-3,
,,,6.16000175,-100.0000015E-3,
,,,6.16320181,-100.0000015E-3,
,,,6.16640186,-104.0000021E-3,
,,,6.16960192,-96.000000834E-3,
,,,6.17280197,-100.0000015E-3,
,,,6.17600203,-88.000006974E-3,
,,,6.17920160,-84.000006318E-3,
,,,6.18240166,-60.000002384E-3,
,,,6.18560171,-76.000005007E-3,
,,,6.18880177,-72.000004351E-3,
,,,6.19200182,-68.000003695E-3,
,,,6.19520187,-56.000001729E-3,
,,,6.19840193,-68.000003695E-3,
,,,6.20160198,-56.000001729E-3,
,,,6.20480204,-40.00000283E-3,
,,,6.20800161,-48.00000042E-3,
,,,6.21120167,-48.00000042E-3,
,,,6.21440172,-44.00000349E-3,
,,,6.21760178,-48.00000042E-3,
,,,6.22080183,-36.00000218E-3,
,,,6.22400188,-36.00000218E-3,
,,,6.22720194,-36.00000218E-3,
,,,6.23040199,-28.00000086E-3,
,,,6.23360205,-28.00000086E-3,
,,,6.23680162,-24.00000021E-3,
,,,6.24000168,-12.0000001E-3,
,,,6.24320173,-12.0000001E-3,
,,,6.24640179,-4.00000019E-3,
,,,6.24960184,0.0,
,,,6.25280190,-8.000000380E-3,
,,,6.25600195,0.0,
,,,6.25920200,-4.00000019E-3,
,,,6.26240158,-28.00000086E-3,
,,,6.26560163,4.00000019E-3,
,,,6.26880169,-4.00000019E-3,
,,,6.27200174,16.0000008E-3,
,,,6.27520180,8.000000380E-3,
,,,6.27840185,12.0000001E-3,
,,,6.28160191,12.0000001E-3,
,,,6.28480196,20.0000014E-3,
,,,6.28800201,16.0000008E-3,
,,,6.29120159,20.0000014E-3,
,,,6.29440165,20.0000014E-3,
,,,6.29760170,24.00000021E-3,
,,,6.30080175,20.0000014E-3,
,,,6.30400181,24.00000021E-3,
,,,6.30720186,28.00000086E-3,
,,,6.31040192,16.0000008E-3,
,,,6.31360197,20.0000014E-3,
,,,6.31680202,24.00000021E-3,
,,,6.32000160,36.00000218E-3,
,,,6.32320166,20.0000014E-3,
,,,6.32640171,28.00000086E-3,
,,,6.32960176,20.0000014E-3,
,,,6.33280182,28.00000086E-3,
,,,6.33600187,20.0000014E-3,
,,,6.33920193,20.0000014E-3,
,,,6.34240198,16.0000008E-3,
,,,6.34560204,24.00000021E-3,
,,,6.34880161,20.0000014E-3,
,,,6.35200167,24.00000021E-3,
,,,6.35520172,16.0000008E-3,
,,,6.35840178,16.0000008E-3,
,,,6.36160183,8.000000380E-3,
,,,6.36480188,8.000000380E-3,
,,,6.36800194,12.0000001E-3,
,,,6.37120199,16.0000008E-3,
,,,6.37440205,8.000000380E-3,
,,,6.37760162,4.00000019E-3,
,,,6.38080168,4.00000019E-3,
,,,6.38400173,-8.000000380E-3,
,,,6.38720179,0.0,
,,,6.39040184,0.0,
,,,6.39360189,-4.00000019E-3,
,,,6.39680195,-4.00000019E-3,
,,,6.40000200,-16.0000008E-3,
,,,6.40320206,-12.0000001E-3,
,,,6.40640163,-12.0000001E-3,
,,,6.40960169,-8.000000380E-3,
,,,6.41280174,-12.0000001E-3,
,,,6.41600180,-8.000000380E-3,
,,,6.41920185,-16.0000008E-3,
,,,6.42240191,-28.00000086E-3,
,,,6.42560196,-16.0000008E-3,
,,,6.42880201,-16.0000008E-3,
,,,6.43200159,0.0,
,,,6.43520164,-16.0000008E-3,
,,,6.43840170,-16.0000008E-3,
,,,6.44160175,-4.00000019E-3,
,,,6.44480181,8.000000380E-3,
,,,6.44800186,-8.000000380E-3,
,,,6.45120192,-12.0000001E-3,
,,,6.45440197,-4.00000019E-3,
,,,6.45760202,4.00000019E-3,
,,,6.46080160,0.0,
,,,6.46400166,8.000000380E-3,
,,,6.46720171,8.000000380E-3,
,,,6.47040176,12.0000001E-3,
,,,6.47360182,12.0000001E-3,
,,,6.47680187,16.0000008E-3,
,,,6.48000193,16.0000008E-3,
,,,6.48320198,8.000000380E-3,
,,,6.48640203,20.0000014E-3,
,,,6.48960161,24.00000021E-3,
,,,6.49280167,20.0000014E-3,
,,,6.49600172,24.00000021E-3,
,,,6.49920177,32.00000152E-3,
,,,6.50240183,24.00000021E-3,
,,,6.50560188,32.00000152E-3,
,,,6.50880194,32.00000152E-3,
,,,6.51200199,28.00000086E-3,
,,,6.51520205,28.00000086E-3,
,,,6.51840162,32.00000152E-3,
,,,6.52160168,24.00000021E-3,
,,,6.52480173,32.00000152E-3,
,,,6.52800179,24.00000021E-3,
,,,6.53120184,32.00000152E-3,
,,,6.53440189,28.00000086E-3,
,,,6.53760195,28.00000086E-3,
,,,6.54080200,32.00000152E-3,
,,,6.54400206,36.00000218E-3,
,,,6.54720163,28.00000086E-3,
,,,6.55040169,32.00000152E-3,
,,,6.55360174,32.00000152E-3,
,,,6.55680180,60.000002384E-3,
,,,6.56000185,28.00000086E-3,
,,,6.56320190,32.00000152E-3,
,,,6.56640196,28.00000086E-3,
,,,6.56960201,32.00000152E-3,
,,,6.57280207,24.00000021E-3,
,,,6.57600164,24.00000021E-3,
,,,6.57920170,20.0000014E-3,
,,,6.58240175,24.00000021E-3,
,,,6.58560181,4.00000019E-3,
,,,6.58880186,20.0000014E-3,
,,,6.59200191,28.00000086E-3,
,,,6.59520197,4.00000019E-3,
,,,6.59840202,16.0000008E-3,
,,,6.60160160,8.000000380E-3,
,,,6.60480165,16.0000008E-3,
,,,6.60800171,20.0000014E-3,
,,,6.61120176,20.0000014E-3,
,,,6.61440182,8.000000380E-3,
,,,6.61760187,4.00000019E-3,
,,,6.62080193,8.000000380E-3,
,,,6.62400198,4.00000019E-3,
,,,6.62720203,12.0000001E-3,
,,,6.63040161,12.0000001E-3,
,,,6.63360167,8.000000380E-3,
,,,6.63680172,4.00000019E-3,
,,,6.64000177,-8.000000380E-3,
,,,6.64320183,4.00000019E-3,
,,,6.64640188,8.000000380E-3,
,,,6.64960194,-4.00000019E-3,
,,,6.65280199,8.000000380E-3,
,,,6.65600204,4.00000019E-3,
,,,6.65920162,0.0,
,,,6.66240168,0.0,
,,,6.66560173,0.0,
,,,6.66880178,-4.00000019E-3,
,,,6.67200184,0.0,
,,,6.67520189,-4.00000019E-3,
,,,6.67840195,-8.000000380E-3,
,,,6.68160200,-4.00000019E-3,
,,,6.68480206,-12.0000001E-3,
,,,6.68800163,4.00000019E-3,
,,,6.69120169,-16.0000008E-3,
,,,6.69440174,-8.000000380E-3,
,,,6.69760180,-20.0000014E-3,
,,,6.70080185,-8.000000380E-3,
,,,6.70400190,-20.0000014E-3,
,,,6.70720196,-16.0000008E-3,
,,,6.71040201,-16.0000008E-3,
,,,6.71360207,-16.0000008E-3,
,,,6.71680164,-20.0000014E-3,
,,,6.72000170,-20.0000014E-3,
,,,6.72320175,-24.00000021E-3,
,,,6.72640181,-16.0000008E-3,
,,,6.72960186,-16.0000008E-3,
,,,6.73280191,-20.0000014E-3,
,,,6.73600197,-16.0000008E-3,
,,,6.73920202,-20.0000014E-3,
,,,6.74240208,-16.0000008E-3,
,,,6.74560165,-8.000000380E-3,
,,,6.74880171,-12.0000001E-3,
,,,6.75200176,-8.000000380E-3,
,,,6.75520182,8.000000380E-3,
,,,6.75840187,4.00000019E-3,
,,,6.76160192,-4.00000019E-3,
,,,6.76480198,8.000000380E-3,
,,,6.76800203,12.0000001E-3,
,,,6.77120161,16.0000008E-3,
,,,6.77440166,28.00000086E-3,
,,,6.77760172,36.00000218E-3,
,,,6.78080177,28.00000086E-3,
,,,6.78400183,44.00000349E-3,
,,,6.78720188,40.00000283E-3,
,,,6.79040194,52.00000107E-3,
,,,6.79360199,48.00000042E-3,
,,,6.79680204,8.000000380E-3,
,,,6.80000162,56.000001729E-3,
,,,6.80320168,48.00000042E-3,
,,,6.80640173,60.000002384E-3,
,,,6.80960178,60.000002384E-3,
,,,6.81280184,68.000003695E-3,
,,,6.81600189,60.000002384E-3,
,,,6.81920195,60.000002384E-3,
,,,6.82240200,64.000003040E-3,
,,,6.82560205,64.000003040E-3,
,,,6.82880163,60.000002384E-3,
,,,6.83200169,64.000003040E-3,
,,,6.83520174,56.000001729E-3,
,,,6.83840179,52.00000107E-3,
,,,6.84160185,56.000001729E-3,
,,,6.84480190,60.000002384E-3,
,,,6.84800196,40.00000283E-3,
,,,6.85120201,40.00000283E-3,
,,,6.85440207,36.00000218E-3,
,,,6.85760164,28.00000086E-3,
,,,6.86080170,28.00000086E-3,
,,,6.86400175,36.00000218E-3,
,,,6.86720181,20.0000014E-3,
,,,6.87040186,12.0000001E-3,
,,,6.87360191,8.000000380E-3,
,,,6.87680197,8.000000380E-3,
,,,6.88000202,-4.00000019E-3,
,,,6.88320208,4.00000019E-3,
,,,6.88640165,-8.000000380E-3,
,,,6.88960171,-16.0000008E-3,
,,,6.89280176,-24.00000021E-3,
,,,6.89600182,-28.00000086E-3,
,,,6.89920187,-32.00000152E-3,
,,,6.90240192,-40.00000283E-3,
,,,6.90560198,-48.00000042E-3,
,,,6.90880203,-44.00000349E-3,
,,,6.91200161,-44.00000349E-3,
,,,6.91520166,-60.000002384E-3,
,,,6.91840172,-52.00000107E-3,
,,,6.92160177,-48.00000042E-3,
,,,6.92480183,-64.000003040E-3,
,,,6.92800188,-64.000003040E-3,
,,,6.93120193,-68.000003695E-3,
,,,6.93440199,-72.000004351E-3,
,,,6.93760204,-68.000003695E-3,
,,,6.94080162,-76.000005007E-3,
,,,6.94400167,-72.000004351E-3,
,,,6.94720173,-68.000003695E-3,
,,,6.95040178,-76.000005007E-3,
,,,6.95360184,-80.000005662E-3,
,,,6.95680189,-68.000003695E-3,
,,,6.96000195,-72.000004351E-3,
,,,6.96320200,-80.000005662E-3,
,,,6.96640205,-72.000004351E-3,
,,,6.96960163,-64.000003040E-3,
,,,6.97280169,-64.000003040E-3,
,,,6.97600174,-64.000003040E-3,
,,,6.97920179,-64.000003040E-3,
,,,6.98240185,-52.00000107E-3,
,,,6.98560190,-60.000002384E-3,
,,,6.98880196,-52.00000107E-3,
,,,6.99200201,-44.00000349E-3,
,,,6.99520206,-40.00000283E-3,
,,,6.99840164,-36.00000218E-3,
,,,7.00160170,-36.00000218E-3,
,,,7.00480175,-32.00000152E-3,
,,,7.00800180,-20.0000014E-3,
,,,7.01120186,-16.0000008E-3,
,,,7.01440191,-16.0000008E-3,
,,,7.01760197,-12.0000001E-3,
,,,7.02080202,-12.0000001E-3,
,,,7.02400208,8.000000380E-3,
,,,7.02720165,4.00000019E-3,
,,,7.03040171,4.00000019E-3,
,,,7.03360176,16.0000008E-3,
,,,7.03680182,12.0000001E-3,
,,,7.04000187,20.0000014E-3,
,,,7.04320192,16.0000008E-3,
,,,7.04640198,36.00000218E-3,
,,,7.04960203,28.00000086E-3,
,,,7.05280209,40.00000283E-3,
,,,7.05600166,36.00000218E-3,
,,,7.05920172,40.00000283E-3,
,,,7.06240177,36.00000218E-3,
,,,7.06560183,44.00000349E-3,
,,,7.06880188,44.00000349E-3,
,,,7.07200193,56.000001729E-3,
,,,7.07520199,60.000002384E-3,
,,,7.07840204,108.0000028E-3,
,,,7.08160162,56.000001729E-3,
,,,7.08480167,64.000003040E-3,
,,,7.08800173,72.000004351E-3,
,,,7.09120178,64.000003040E-3,
,,,7.09440184,68.000003695E-3,
,,,7.09760189,68.000003695E-3,
,,,7.10080194,68.000003695E-3,
,,,7.10400200,76.000005007E-3,
,,,7.10720205,64.000003040E-3,
,,,7.11040163,64.000003040E-3,
,,,7.11360168,68.000003695E-3,
,,,7.11680174,64.000003040E-3,
,,,7.12000179,64.000003040E-3,
,,,7.12320185,60.000002384E-3,
,,,7.12640190,64.000003040E-3,
,,,7.12960196,64.000003040E-3,
,,,7.13280201,60.000002384E-3,
,,,7.13600206,56.000001729E-3,
,,,7.13920164,52.00000107E-3,
,,,7.14240170,44.00000349E-3,
,,,7.14560175,48.00000042E-3,
,,,7.14880180,32.00000152E-3,
,,,7.15200186,48.00000042E-3,
,,,7.15520191,48.00000042E-3,
,,,7.15840197,44.00000349E-3,
,,,7.16160202,40.00000283E-3,
,,,7.16480207,32.00000152E-3,
,,,7.16800165,48.00000042E-3,
,,,7.17120171,32.00000152E-3,
,,,7.17440176,28.00000086E-3,
,,,7.17760181,28.00000086E-3,
,,,7.18080187,24.00000021E-3,
,,,7.18400192,12.0000001E-3,
,,,7.18720198,24.00000021E-3,
,,,7.19040203,16.0000008E-3,
,,,7.19360209,12.0000001E-3,
,,,7.19680166,8.000000380E-3,
,,,7.20000172,8.000000380E-3,
,,,7.20320177,4.00000019E-3,
,,,7.20640182,-8.000000380E-3,
,,,7.20960188,0.0,
,,,7.21280193,-4.00000019E-3,
,,,7.21600199,-8.000000380E-3,
,,,7.21920204,0.0,
,,,7.22240210,-20.0000014E-3,
,,,7.22560167,-12.0000001E-3,
,,,7.22880173,-16.0000008E-3,
,,,7.23200178,-8.000000380E-3,
,,,7.23520184,-16.0000008E-3,
,,,7.23840189,-16.0000008E-3,
,,,7.24160194,-28.00000086E-3,
,,,7.24480200,-32.00000152E-3,
,,,7.24800205,-20.0000014E-3,
,,,7.25120163,-36.00000218E-3,
,,,7.25440168,-32.00000152E-3,
,,,7.25760174,-36.00000218E-3,
,,,7.26080179,-32.00000152E-3,
,,,7.26400185,-36.00000218E-3,
,,,7.26720190,-48.00000042E-3,
,,,7.27040195,-36.00000218E-3,
,,,7.27360201,-32.00000152E-3,
,,,7.27680206,-44.00000349E-3,
,,,7.28000164,-52.00000107E-3,
,,,7.28320169,-48.00000042E-3,
,,,7.28640175,-44.00000349E-3,
,,,7.28960180,-48.00000042E-3,
,,,7.29280186,-36.00000218E-3,
,,,7.29600191,-40.00000283E-3,
,,,7.29920197,-40.00000283E-3,
,,,7.30240202,-44.00000349E-3,
,,,7.30560207,-64.000003040E-3,
,,,7.30880165,-44.00000349E-3,
,,,7.31200171,-36.00000218E-3,
,,,7.31520176,-32.00000152E-3,
,,,7.31840181,-32.00000152E-3,
,,,7.32160187,-36.00000218E-3,
,,,7.32480192,-32.00000152E-3,
,,,7.32800198,-24.00000021E-3,
,,,7.33120203,-32.00000152E-3,
,,,7.33440208,-16.0000008E-3,
,,,7.33760166,-16.0000008E-3,
,,,7.34080172,-20.0000014E-3,
,,,7.34400177,-12.0000001E-3,
,,,7.34720182,-4.00000019E-3,
,,,7.35040188,-4.00000019E-3,
,,,7.35360193,4.00000019E-3,
,,,7.35680199,8.000000380E-3,
,,,7.36000204,0.0,
,,,7.36320210,4.00000019E-3,
,,,7.36640167,8.000000380E-3,
,,,7.36960173,4.00000019E-3,
,,,7.37280178,12.0000001E-3,
,,,7.37600183,8.000000380E-3,
,,,7.37920189,12.0000001E-3,
,,,7.38240194,24.00000021E-3,
,,,7.38560200,16.0000008E-3,
,,,7.38880205,4.00000019E-3,
,,,7.392002106,12.0000001E-3,
,,,7.395201683,20.0000014E-3,
,,,7.398401737,12.0000001E-3,
,,,7.401601791,24.00000021E-3,
,,,7.404801846,8.000000380E-3,
,,,7.408001900,4.00000019E-3,
,,,7.411201954,24.00000021E-3,
,,,7.414402008,12.0000001E-3,
,,,7.417602062,32.00000152E-3,
,,,7.420801640,-4.00000019E-3,
,,,7.424001694,12.0000001E-3,
,,,7.427201748,8.000000380E-3,
,,,7.430401802,12.0000001E-3,
,,,7.433601856,4.00000019E-3,
,,,7.436801910,8.000000380E-3,
,,,7.440001965,4.00000019E-3,
,,,7.443202019,4.00000019E-3,
,,,7.446402073,4.00000019E-3,
,,,7.449601650,0.0,
,,,7.452801704,4.00000019E-3,
,,,7.456001759,-4.00000019E-3,
,,,7.459201813,4.00000019E-3,
,,,7.462401867,12.0000001E-3,
,,,7.465601921,0.0,
,,,7.468801975,-4.00000019E-3,
,,,7.472002029,0.0,
,,,7.475202084,-12.0000001E-3,
,,,7.478401661,12.0000001E-3,
,,,7.481601715,0.0,
,,,7.484801769,0.0,
,,,7.488001823,4.00000019E-3,
,,,7.491201878,-4.00000019E-3,
,,,7.494401932,0.0,
,,,7.497601986,0.0,
,,,7.500802040,12.0000001E-3,
,,,7.504002094,0.0,
,,,7.507201672,-4.00000019E-3,
,,,7.510401726,0.0,
,,,7.513601780,8.000000380E-3,
,,,7.516801834,4.00000019E-3,
,,,7.520001888,0.0,
,,,7.523201942,12.0000001E-3,
,,,7.526401997,8.000000380E-3,
,,,7.529602051,8.000000380E-3,
,,,7.532802105,4.00000019E-3,
,,,7.536001682,8.000000380E-3,
,,,7.539201736,8.000000380E-3,
,,,7.542401791,12.0000001E-3,
,,,7.545601845,20.0000014E-3,
,,,7.548801899,20.0000014E-3,
,,,7.552001953,32.00000152E-3,
,,,7.555202007,32.00000152E-3,
,,,7.558402061,36.00000218E-3,
,,,7.561602116,48.00000042E-3,
,,,7.564801693,44.00000349E-3,
,,,7.568001747,52.00000107E-3,
,,,7.571201801,48.00000042E-3,
,,,7.574401855,60.000002384E-3,
,,,7.577601910,60.000002384E-3,
,,,7.580801964,72.000004351E-3,
,,,7.584002018,76.000005007E-3,
,,,7.587202072,72.000004351E-3,
,,,7.590401649,84.000006318E-3,
,,,7.593601704,84.000006318E-3,
,,,7.596801758,84.000006318E-3,
,,,7.600001812,88.000006974E-3,
,,,7.603201866,84.000006318E-3,
,,,7.606401920,92.000007629E-3,
,,,7.609601974,84.000006318E-3,
,,,7.612802029,84.000006318E-3,
,,,7.616002083,84.000006318E-3,
,,,7.619201660,80.000005662E-3,
,,,7.622401714,80.000005662E-3,
,,,7.625601768,72.000004351E-3,
,,,7.628801823,84.000006318E-3,
,,,7.632001877,68.000003695E-3,
,,,7.635201931,64.000003040E-3,
,,,7.638401985,56.000001729E-3,
,,,7.641602039,48.00000042E-3,
,,,7.644802094,44.00000349E-3,
,,,7.648001671,48.00000042E-3,
,,,7.651201725,36.00000218E-3,
,,,7.654401779,20.0000014E-3,
,,,7.657601833,16.0000008E-3,
,,,7.660801888,12.0000001E-3,
,,,7.664001942,8.000000380E-3,
,,,7.667201996,0.0,
,,,7.670402050,-12.0000001E-3,
,,,7.673602104,-16.0000008E-3,
,,,7.676801682,-24.00000021E-3,
,,,7.680001736,-20.0000014E-3,
,,,7.683201790,-16.0000008E-3,
,,,7.686401844,-32.00000152E-3,
,,,7.689601898,-28.00000086E-3,
,,,7.692801952,-32.00000152E-3,
,,,7.696002007,-44.00000349E-3,
,,,7.699202061,-48.00000042E-3,
,,,7.702402115,-60.000002384E-3,
,,,7.705601692,-56.000001729E-3,
,,,7.708801746,-68.000003695E-3,
,,,7.712001801,-64.000003040E-3,
,,,7.715201855,-72.000004351E-3,
,,,7.718401909,-76.000005007E-3,
,,,7.721601963,-80.000005662E-3,
,,,7.724802017,-80.000005662E-3,
,,,7.728002071,-80.000005662E-3,
,,,7.731202126,-84.000006318E-3,
,,,7.734401703,-76.000005007E-3,
,,,7.737601757,-76.000005007E-3,
,,,7.740801811,-80.000005662E-3,
,,,7.744001865,-68.000003695E-3,
,,,7.747201920,-72.000004351E-3,
,,,7.750401974,-68.000003695E-3,
,,,7.753602028,-64.000003040E-3,
,,,7.756802082,-60.000002384E-3,
,,,7.760001659,-60.000002384E-3,
,,,7.763201714,-76.000005007E-3,
,,,7.766401768,-52.00000107E-3,
,,,7.769601822,-52.00000107E-3,
,,,7.772801876,-52.00000107E-3,
,,,7.776001930,-40.00000283E-3,
,,,7.779201984,-36.00000218E-3,
,,,7.782402039,-36.00000218E-3,
,,,7.785602093,-32.00000152E-3,
,,,7.788801670,-24.00000021E-3,
,,,7.792001724,-24.00000021E-3,
,,,7.795201778,-16.0000008E-3,
,,,7.798401833,-20.0000014E-3,
,,,7.801601887,-12.0000001E-3,
,,,7.804801941,-16.0000008E-3,
,,,7.808001995,-12.0000001E-3,
,,,7.811202049,-16.0000008E-3,
,,,7.814402103,-4.00000019E-3,
,,,7.817601681,-4.00000019E-3,
,,,7.820801735,-4.00000019E-3,
,,,7.824001789,-4.00000019E-3,
,,,7.827201843,8.000000380E-3,
,,,7.830401897,20.0000014E-3,
,,,7.833601952,12.0000001E-3,
,,,7.836802006,8.000000380E-3,
,,,7.840002060,24.00000021E-3,
,,,7.843202114,20.0000014E-3,
,,,7.846401691,36.00000218E-3,
,,,7.849601746,36.00000218E-3,
,,,7.852801800,40.00000283E-3,
,,,7.856001854,44.00000349E-3,
,,,7.859201908,36.00000218E-3,
,,,7.862401962,48.00000042E-3,
,,,7.865602016,48.00000042E-3,
,,,7.868802071,48.00000042E-3,
,,,7.872002125,44.00000349E-3,
,,,7.875201702,48.00000042E-3,
,,,7.878401756,60.000002384E-3,
,,,7.881601810,48.00000042E-3,
,,,7.884801865,52.00000107E-3,
,,,7.888001919,36.00000218E-3,
,,,7.891201973,44.00000349E-3,
,,,7.894402027,32.00000152E-3,
,,,7.897602081,32.00000152E-3,
,,,7.900801659,32.00000152E-3,
,,,7.904001713,24.00000021E-3,
,,,7.907201767,16.0000008E-3,
,,,7.910401821,16.0000008E-3,
,,,7.913601875,12.0000001E-3,
,,,7.916801929,8.000000380E-3,
,,,7.920001984,8.000000380E-3,
,,,7.923202038,12.0000001E-3,
,,,7.926402092,-4.00000019E-3,
,,,7.929601669,-4.00000019E-3,
,,,7.932801723,8.000000380E-3,
,,,7.936001778,-12.0000001E-3,
,,,7.939201832,-12.0000001E-3,
,,,7.942401886,-20.0000014E-3,
,,,7.945601940,-20.0000014E-3,
,,,7.948801994,-20.0000014E-3,
,,,7.952002048,-28.00000086E-3,
,,,7.955202103,-24.00000021E-3,
,,,7.958401680,-32.00000152E-3,
,,,7.961601734,-28.00000086E-3,
,,,7.964801788,-28.00000086E-3,
,,,7.968001842,-24.00000021E-3,
,,,7.971201897,-32.00000152E-3,
,,,7.974401951,-32.00000152E-3,
,,,7.977602005,-36.00000218E-3,
,,,7.980802059,-40.00000283E-3,
,,,7.984002113,-36.00000218E-3,
,,,7.987201691,-32.00000152E-3,
,,,7.990401745,-36.00000218E-3,
,,,7.993601799,-44.00000349E-3,
,,,7.996801853,-40.00000283E-3,
,,,8.000001907,-44.00000349E-3,
,,,8.003201485,-36.00000218E-3,
,,,8.006402016,-48.00000042E-3,
,,,8.009601593,-48.00000042E-3,
,,,8.012802124,-32.00000152E-3,
,,,8.016001701,-36.00000218E-3,
,,,8.019202232,-40.00000283E-3,
,,,8.022401810,-40.00000283E-3,
,,,8.025602341,-40.00000283E-3,
,,,8.028801918,-36.00000218E-3,
,,,8.032001495,-28.00000086E-3,
,,,8.035202026,-44.00000349E-3,
,,,8.038401604,-36.00000218E-3,
,,,8.041602135,-48.00000042E-3,
,,,8.044801712,-44.00000349E-3,
,,,8.048002243,-36.00000218E-3,
,,,8.051201820,-40.00000283E-3,
,,,8.054402351,-44.00000349E-3,
,,,8.057601929,-32.00000152E-3,
,,,8.060801506,-44.00000349E-3,
,,,8.064002037,-32.00000152E-3,
,,,8.067201614,-40.00000283E-3,
,,,8.070402145,-32.00000152E-3,
,,,8.073601723,-36.00000218E-3,
,,,8.076802254,-32.00000152E-3,
,,,8.080001831,-32.00000152E-3,
,,,8.083202362,-36.00000218E-3,
,,,8.086401939,-20.0000014E-3,
,,,8.089601517,-20.0000014E-3,
,,,8.092802048,-12.0000001E-3,
,,,8.096001625,0.0,
,,,8.099202156,-16.0000008E-3,
,,,8.102401733,-12.0000001E-3,
,,,8.105602264,-12.0000001E-3,
,,,8.108801842,0.0,
,,,8.112002373,-16.0000008E-3,
,,,8.115201950,-4.00000019E-3,
,,,8.118401527,36.00000218E-3,
,,,8.121602058,12.0000001E-3,
,,,8.124801636,0.0,
,,,8.128002167,8.000000380E-3,
,,,8.131201744,8.000000380E-3,
,,,8.134402275,16.0000008E-3,
,,,8.137601852,8.000000380E-3,
,,,8.140802383,8.000000380E-3,
,,,8.144001961,12.0000001E-3,
,,,8.147201538,16.0000008E-3,
,,,8.150402069,20.0000014E-3,
,,,8.153601646,12.0000001E-3,
,,,8.156802177,16.0000008E-3,
,,,8.160001755,16.0000008E-3,
,,,8.163202286,16.0000008E-3,
,,,8.166401863,12.0000001E-3,
,,,8.169601440,12.0000001E-3,
,,,8.172801971,16.0000008E-3,
,,,8.176001549,4.00000019E-3,
,,,8.179202080,16.0000008E-3,
,,,8.182401657,20.0000014E-3,
,,,8.185602188,4.00000019E-3,
,,,8.188801765,8.000000380E-3,
,,,8.192002296,8.000000380E-3,
,,,8.195201874,8.000000380E-3,
,,,8.198401451,4.00000019E-3,
,,,8.201601982,4.00000019E-3,
,,,8.204801559,-8.000000380E-3,
,,,8.208002090,-20.0000014E-3,
,,,8.211201668,-4.00000019E-3,
,,,8.214402199,0.0,
,,,8.217601776,0.0,
,,,8.220802307,0.0,
,,,8.224001884,0.0,
,,,8.227201462,4.00000019E-3,
,,,8.230401993,0.0,
,,,8.233601570,-4.00000019E-3,
,,,8.236802101,-8.000000380E-3,
,,,8.240001678,0.0,
,,,8.243202209,-4.00000019E-3,
,,,8.246401787,12.0000001E-3,
,,,8.249602318,0.0,
,,,8.252801895,-4.00000019E-3,
,,,8.256001472,0.0,
,,,8.259202003,0.0,
,,,8.262401581,0.0,
,,,8.265602112,4.00000019E-3,
,,,8.268801689,0.0,
,,,8.272002220,4.00000019E-3,
,,,8.275201797,-4.00000019E-3,
,,,8.278402328,4.00000019E-3,
,,,8.281601906,8.000000380E-3,
,,,8.284801483,8.000000380E-3,
,,,8.288002014,0.0,
,,,8.291201591,4.00000019E-3,
,,,8.294402122,8.000000380E-3,
,,,8.297601700,8.000000380E-3,
,,,8.300802231,8.000000380E-3,
,,,8.304001808,4.00000019E-3,
,,,8.307202339,28.00000086E-3,
,,,8.310401917,16.0000008E-3,
,,,8.313601494,16.0000008E-3,
,,,8.316802025,56.000001729E-3,
,,,8.320001602,20.0000014E-3,
,,,8.323202133,24.00000021E-3,
,,,8.326401711,40.00000283E-3,
,,,8.329602242,32.00000152E-3,
,,,8.332801819,28.00000086E-3,
,,,8.336002350,36.00000218E-3,
,,,8.339201927,40.00000283E-3,
,,,8.342401505,48.00000042E-3,
,,,8.345602036,40.00000283E-3,
,,,8.348801613,40.00000283E-3,
,,,8.352002144,44.00000349E-3,
,,,8.355201721,52.00000107E-3,
,,,8.358402252,48.00000042E-3,
,,,8.361601830,60.000002384E-3,
,,,8.364802361,56.000001729E-3,
,,,8.368001938,56.000001729E-3,
,,,8.371201515,52.00000107E-3,
,,,8.374402046,44.00000349E-3,
,,,8.377601624,48.00000042E-3,
,,,8.380802155,48.00000042E-3,
,,,8.384001732,40.00000283E-3,
,,,8.387202263,60.000002384E-3,
,,,8.390401840,48.00000042E-3,
,,,8.393602371,40.00000283E-3,
,,,8.396801949,36.00000218E-3,
,,,8.400001526,36.00000218E-3,
,,,8.403202057,32.00000152E-3,
,,,8.406401634,36.00000218E-3,
,,,8.409602165,28.00000086E-3,
,,,8.412801743,24.00000021E-3,
,,,8.416002274,24.00000021E-3,
,,,8.419201851,12.0000001E-3,
,,,8.422402382,12.0000001E-3,
,,,8.425601959,16.0000008E-3,
,,,8.428801537,8.000000380E-3,
,,,8.432002068,12.0000001E-3,
,,,8.435201645,0.0,
,,,8.438402176,0.0,
,,,8.441601753,-4.00000019E-3,
,,,8.444802284,0.0,
,,,8.448001862,-8.000000380E-3,
,,,8.451202393,-12.0000001E-3,
,,,8.454401970,-16.0000008E-3,
,,,8.457601547,-20.0000014E-3,
,,,8.460802078,-20.0000014E-3,
,,,8.464001656,-24.00000021E-3,
,,,8.467202187,-16.0000008E-3,
,,,8.470401764,-32.00000152E-3,
,,,8.473602295,-32.00000152E-3,
,,,8.476801872,-36.00000218E-3,
,,,8.480001450,-36.00000218E-3,
,,,8.483201981,-56.000001729E-3,
,,,8.486401558,-32.00000152E-3,
,,,8.489602089,-52.00000107E-3,
,,,8.492801666,-48.00000042E-3,
,,,8.496002197,-40.00000283E-3,
,,,8.499201775,-44.00000349E-3,
,,,8.502402306,-44.00000349E-3,
,,,8.505601883,-48.00000042E-3,
,,,8.508801460,-44.00000349E-3,
,,,8.512001991,-48.00000042E-3,
,,,8.515201569,-44.00000349E-3,
,,,8.518402100,-44.00000349E-3,
,,,8.521601677,-48.00000042E-3,
,,,8.524802208,-44.00000349E-3,
,,,8.528001785,-56.000001729E-3,
,,,8.531202316,-44.00000349E-3,
,,,8.534401894,-40.00000283E-3,
,,,8.537601471,-40.00000283E-3,
,,,8.540802002,-36.00000218E-3,
,,,8.544001579,-36.00000218E-3,
,,,8.547202110,-32.00000152E-3,
,,,8.550401688,-36.00000218E-3,
,,,8.553602219,-28.00000086E-3,
,,,8.556801796,-32.00000152E-3,
,,,8.560002327,-32.00000152E-3,
,,,8.563201904,-24.00000021E-3,
,,,8.566401482,-24.00000021E-3,
,,,8.569602013,-24.00000021E-3,
,,,8.572801590,-16.0000008E-3,
,,,8.576002121,-12.0000001E-3,
,,,8.579201698,-16.0000008E-3,
,,,8.582402229,-8.000000380E-3,
,,,8.585601807,-8.000000380E-3,
,,,8.588802338,4.00000019E-3,
,,,8.592001915,0.0,
,,,8.595201492,12.0000001E-3,
,,,8.598402023,12.0000001E-3,
,,,8.601601601,8.000000380E-3,
,,,8.604802132,20.0000014E-3,
,,,8.608001709,24.00000021E-3,
,,,8.611202240,36.00000218E-3,
,,,8.614401817,44.00000349E-3,
,,,8.617602348,40.00000283E-3,
,,,8.620801926,48.00000042E-3,
,,,8.624001503,40.00000283E-3,
,,,8.627202034,60.000002384E-3,
,,,8.630401611,60.000002384E-3,
,,,8.633602142,64.000003040E-3,
,,,8.636801720,60.000002384E-3,
,,,8.640002251,76.000005007E-3,
,,,8.643201828,80.000005662E-3,
,,,8.646402359,72.000004351E-3,
,,,8.649601936,80.000005662E-3,
,,,8.652801514,72.000004351E-3,
,,,8.656002045,80.000005662E-3,
,,,8.659201622,60.000002384E-3,
,,,8.662402153,76.000005007E-3,
,,,8.665601730,64.000003040E-3,
,,,8.668802261,68.000003695E-3,
,,,8.672001839,76.000005007E-3,
,,,8.675202370,68.000003695E-3,
,,,8.678401947,68.000003695E-3,
,,,8.681601524,76.000005007E-3,
,,,8.684802055,56.000001729E-3,
,,,8.688001633,60.000002384E-3,
,,,8.691202164,52.00000107E-3,
,,,8.694401741,36.00000218E-3,
,,,8.697602272,44.00000349E-3,
,,,8.700801849,36.00000218E-3,
,,,8.704002380,24.00000021E-3,
,,,8.707201958,24.00000021E-3,
,,,8.710401535,12.0000001E-3,
,,,8.713602066,12.0000001E-3,
,,,8.716801643,8.000000380E-3,
,,,8.720002174,0.0,
,,,8.723201752,-20.0000014E-3,
,,,8.726402283,-12.0000001E-3,
,,,8.729601860,-16.0000008E-3,
,,,8.732802391,-24.00000021E-3,
,,,8.736001968,-24.00000021E-3,
,,,8.739201546,-28.00000086E-3,
,,,8.742402077,-32.00000152E-3,
,,,8.745601654,-56.000001729E-3,
,,,8.748802185,-60.000002384E-3,
,,,8.752001762,-48.00000042E-3,
,,,8.755202293,-52.00000107E-3,
,,,8.758401871,-64.000003040E-3,
,,,8.761602402,-56.000001729E-3,
,,,8.764801979,-60.000002384E-3,
,,,8.768001556,-72.000004351E-3,
,,,8.771202087,-76.000005007E-3,
,,,8.774401665,-80.000005662E-3,
,,,8.777602196,-88.000006974E-3,
,,,8.780801773,-92.000007629E-3,
,,,8.784002304,-84.000006318E-3,
,,,8.787201881,-80.000005662E-3,
,,,8.790402412,-92.000007629E-3,
,,,8.793601990,-92.000007629E-3,
,,,8.796801567,-96.000000834E-3,
,,,8.800002098,-100.0000015E-3,
,,,8.803201675,-104.0000021E-3,
,,,8.806402206,-104.0000021E-3,
,,,8.809601784,-100.0000015E-3,
,,,8.812802315,-96.000000834E-3,
,,,8.816001892,-96.000000834E-3,
,,,8.819201469,-88.000006974E-3,
,,,8.822402000,-108.0000028E-3,
,,,8.825601578,-96.000000834E-3,
,,,8.828802109,-100.0000015E-3,
,,,8.832001686,-88.000006974E-3,
,,,8.835202217,-84.000006318E-3,
,,,8.838401794,-92.000007629E-3,
,,,8.841602325,-84.000006318E-3,
,,,8.844801903,-76.000005007E-3,
,,,8.848001480,-88.000006974E-3,
,,,8.851202011,-76.000005007E-3,
,,,8.854401588,-88.000006974E-3,
,,,8.857602119,-80.000005662E-3,
,,,8.860801697,-76.000005007E-3,
,,,8.864002228,-72.000004351E-3,
,,,8.867201805,-60.000002384E-3,
,,,8.870402336,-80.000005662E-3,
,,,8.873601913,-68.000003695E-3,
,,,8.876801491,-68.000003695E-3,
,,,8.880002022,-68.000003695E-3,
,,,8.883201599,-72.000004351E-3,
,,,8.886402130,-60.000002384E-3,
,,,8.889601707,-56.000001729E-3,
,,,8.892802238,-64.000003040E-3,
,,,8.896001816,-60.000002384E-3,
,,,8.899202347,-64.000003040E-3,
,,,8.902401924,-64.000003040E-3,
,,,8.905601501,-60.000002384E-3,
,,,8.908802032,-56.000001729E-3,
,,,8.912001610,-48.00000042E-3,
,,,8.915202141,-56.000001729E-3,
,,,8.918401718,-52.00000107E-3,
,,,8.921602249,-52.00000107E-3,
,,,8.924801826,-56.000001729E-3,
,,,8.928002357,-56.000001729E-3,
,,,8.931201935,-52.00000107E-3,
,,,8.934401512,-52.00000107E-3,
,,,8.937602043,-52.00000107E-3,
,,,8.940801620,-64.000003040E-3,
,,,8.944002151,-60.000002384E-3,
,,,8.947201729,-64.000003040E-3,
,,,8.950402260,-52.00000107E-3,
,,,8.953601837,-60.000002384E-3,
,,,8.956802368,-52.00000107E-3,
,,,8.960001945,-68.000003695E-3,
,,,8.963201523,-68.000003695E-3,
,,,8.966402054,-76.000005007E-3,
,,,8.969601631,-76.000005007E-3,
,,,8.972802162,-64.000003040E-3,
,,,8.976001740,-72.000004351E-3,
,,,8.979202271,-60.000002384E-3,
,,,8.982401848,-76.000005007E-3,
,,,8.985602379,-80.000005662E-3,
,,,8.988801956,-68.000003695E-3,
,,,8.992001534,-68.000003695E-3,
,,,8.995202065,-76.000005007E-3,
,,,8.998401642,-76.000005007E-3,
,,,9.001602173,-72.000004351E-3,
,,,9.004801750,-72.000004351E-3,
,,,9.008002281,-64.000003040E-3,
,,,9.011201859,-64.000003040E-3,
,,,9.014402390,-60.000002384E-3,
,,,9.017601967,-56.000001729E-3,
,,,9.020801544,-40.00000283E-3,
,,,9.024002075,-20.0000014E-3,
,,,9.027201653,-16.0000008E-3,
,,,9.030402184,0.0,
,,,9.033601761,4.00000019E-3,
,,,9.036802292,16.0000008E-3,
,,,9.040001869,24.00000021E-3,
,,,9.043202400,48.00000042E-3,
,,,9.046401978,60.000002384E-3,
,,,9.049601555,56.000001729E-3,
,,,9.052802086,76.000005007E-3,
,,,9.056001663,80.000005662E-3,
,,,9.059202194,88.000006974E-3,
,,,9.062401772,88.000006974E-3,
,,,9.065602303,108.0000028E-3,
,,,9.068801880,100.0000015E-3,
,,,9.072002411,116.0000041E-3,
,,,9.075201988,116.0000041E-3,
,,,9.078401566,124.0000054E-3,
,,,9.081602097,128.0000061E-3,
,,,9.084801674,144.0000087E-3,
,,,9.088002205,136.0000074E-3,
,,,9.091201782,148.0000019E-3,
,,,9.094402313,144.0000087E-3,
,,,9.097601891,144.0000087E-3,
,,,9.100802422,148.0000019E-3,
,,,9.104001999,144.0000087E-3,
,,,9.107201576,176.00001395E-3,
,,,9.110402107,156.00000322E-3,
,,,9.113601685,152.00001001E-3,
,,,9.116802216,140.0000006E-3,
,,,9.120001793,152.00001001E-3,
,,,9.123202324,160.00001132E-3,
,,,9.126401901,184.00001526E-3,
,,,9.129601479,164.00000453E-3,
,,,9.132802010,164.00000453E-3,
,,,9.136001587,160.00001132E-3,
,,,9.139202118,164.00000453E-3,
,,,9.142401695,168.00001264E-3,
,,,9.145602226,168.00001264E-3,
,,,9.148801804,164.00000453E-3,
,,,9.152002335,152.00001001E-3,
,,,9.155201912,152.00001001E-3,
,,,9.158401489,144.0000087E-3,
,,,9.161602020,124.0000054E-3,
,,,9.164801598,131.9999993E-3,
,,,9.168002129,131.9999993E-3,
,,,9.171201706,120.0000048E-3,
,,,9.174402237,112.0000035E-3,
,,,9.177601814,108.0000028E-3,
,,,9.180802345,96.000000834E-3,
,,,9.184001923,100.0000015E-3,
,,,9.187201500,80.000005662E-3,
,,,9.190402031,76.000005007E-3,
,,,9.193601608,60.000002384E-3,
,,,9.196802139,16.0000008E-3,
,,,9.200001717,28.00000086E-3,
,,,9.203202248,28.00000086E-3,
,,,9.206401825,16.0000008E-3,
,,,9.209602356,20.0000014E-3,
,,,9.212801933,0.0,
,,,9.216001511,-24.00000021E-3,
,,,9.219202042,-20.0000014E-3,
,,,9.222401619,-32.00000152E-3,
,,,9.225602150,-60.000002384E-3,
,,,9.228801727,-40.00000283E-3,
,,,9.232002258,-44.00000349E-3,
,,,9.235201836,-40.00000283E-3,
,,,9.238402367,-56.000001729E-3,
,,,9.241601944,-60.000002384E-3,
,,,9.244801521,-64.000003040E-3,
,,,9.248002052,-60.000002384E-3,
,,,9.251201630,-64.000003040E-3,
,,,9.254402161,-64.000003040E-3,
,,,9.257601738,-68.000003695E-3,
,,,9.260802269,-72.000004351E-3,
,,,9.264001846,-64.000003040E-3,
,,,9.267202377,-60.000002384E-3,
,,,9.270401955,-72.000004351E-3,
,,,9.273601532,-76.000005007E-3,
,,,9.276802063,-80.000005662E-3,
,,,9.280001640,-76.000005007E-3,
,,,9.283202171,-72.000004351E-3,
,,,9.286401749,-96.000000834E-3,
,,,9.289602280,-72.000004351E-3,
,,,9.292801857,-68.000003695E-3,
,,,9.296002388,-60.000002384E-3,
,,,9.299201965,-60.000002384E-3,
,,,9.302401543,-36.00000218E-3,
,,,9.305602074,-52.00000107E-3,
,,,9.308801651,4.00000019E-3,
,,,9.312002182,4.00000019E-3,
,,,9.315201759,12.0000001E-3,
,,,9.318402290,32.00000152E-3,
,,,9.321601868,28.00000086E-3,
,,,9.324802399,48.00000042E-3,
,,,9.328001976,60.000002384E-3,
,,,9.331201553,56.000001729E-3,
,,,9.334402084,100.0000015E-3,
,,,9.337601662,72.000004351E-3,
,,,9.340802193,84.000006318E-3,
,,,9.344001770,84.000006318E-3,
,,,9.347202301,84.000006318E-3,
,,,9.350401878,96.000000834E-3,
,,,9.353602409,76.000005007E-3,
,,,9.356801987,92.000007629E-3,
,,,9.360001564,88.000006974E-3,
,,,9.363202095,92.000007629E-3,
,,,9.366401672,88.000006974E-3,
,,,9.369602203,88.000006974E-3,
,,,9.372801781,68.000003695E-3,
,,,9.376002312,68.000003695E-3,
,,,9.379201889,60.000002384E-3,
,,,9.382402420,56.000001729E-3,
,,,9.385601997,48.00000042E-3,
,,,9.388801575,36.00000218E-3,
,,,9.392002106,32.00000152E-3,
,,,9.395201683,16.0000008E-3,
,,,9.398402214,0.0,
,,,9.401601791,-8.000000380E-3,
,,,9.404802322,-32.00000152E-3,
,,,9.408001900,-36.00000218E-3,
,,,9.411202431,-56.000001729E-3,
,,,9.414402008,-72.000004351E-3,
,,,9.417601585,-88.000006974E-3,
,,,9.420802116,-100.0000015E-3,
,,,9.424001694,-116.0000041E-3,
,,,9.427202225,-140.0000006E-3,
,,,9.430401802,-136.0000074E-3,
,,,9.433602333,-136.0000074E-3,
,,,9.436801910,-172.00000584E-3,
,,,9.440002441,-164.00000453E-3,
,,,9.443202019,-168.00001264E-3,
,,,9.446401596,-164.00000453E-3,
,,,9.449602127,-172.00000584E-3,
,,,9.452801704,-164.00000453E-3,
,,,9.456002235,-164.00000453E-3,
,,,9.459201813,-156.00000322E-3,
,,,9.462402344,-160.00001132E-3,
,,,9.465601921,-152.00001001E-3,
,,,9.468801498,-140.0000006E-3,
,,,9.472002029,-140.0000006E-3,
,,,9.475201607,-131.9999993E-3,
,,,9.478402138,-136.0000074E-3,
,,,9.481601715,-128.0000061E-3,
,,,9.484802246,-131.9999993E-3,
,,,9.488001823,-124.0000054E-3,
,,,9.491202354,-116.0000041E-3,
,,,9.494401932,-104.0000021E-3,
,,,9.497601509,-108.0000028E-3,
,,,9.500802040,-100.0000015E-3,
,,,9.504001617,-88.000006974E-3,
,,,9.507202148,-92.000007629E-3,
,,,9.510401726,-80.000005662E-3,
,,,9.513602257,-76.000005007E-3,
,,,9.516801834,-60.000002384E-3,
,,,9.520002365,-64.000003040E-3,
,,,9.523201942,-56.000001729E-3,
,,,9.526401520,-48.00000042E-3,
,,,9.529602051,-32.00000152E-3,
,,,9.532801628,-36.00000218E-3,
,,,9.536002159,-28.00000086E-3,
,,,9.539201736,-16.0000008E-3,
,,,9.542402267,-20.0000014E-3,
,,,9.545601845,-16.0000008E-3,
,,,9.548802376,-12.0000001E-3,
,,,9.552001953,0.0,
,,,9.555201530,0.0,
,,,9.558402061,8.000000380E-3,
,,,9.561601639,0.0,
,,,9.564802170,-4.00000019E-3,
,,,9.568001747,4.00000019E-3,
,,,9.571202278,8.000000380E-3,
,,,9.574401855,16.0000008E-3,
,,,9.577602386,12.0000001E-3,
,,,9.580801964,12.0000001E-3,
,,,9.584001541,16.0000008E-3,
,,,9.587202072,-4.00000019E-3,
,,,9.590401649,4.00000019E-3,
,,,9.593602180,8.000000380E-3,
,,,9.596801758,0.0,
,,,9.600002289,0.0,
,,,9.603201866,-4.00000019E-3,
,,,9.606402397,-4.00000019E-3,
,,,9.609601974,-8.000000380E-3,
,,,9.612801552,-8.000000380E-3,
,,,9.616002083,-8.000000380E-3,
,,,9.619201660,-16.0000008E-3,
,,,9.622402191,-8.000000380E-3,
,,,9.625601768,-16.0000008E-3,
,,,9.628802299,-20.0000014E-3,
,,,9.632001877,-24.00000021E-3,
,,,9.635202408,-32.00000152E-3,
,,,9.638401985,-36.00000218E-3,
,,,9.641601563,-32.00000152E-3,
,,,9.644802094,-36.00000218E-3,
,,,9.648001671,-32.00000152E-3,
,,,9.651202202,-36.00000218E-3,
,,,9.654401779,-40.00000283E-3,
,,,9.657602310,-32.00000152E-3,
,,,9.660801888,-32.00000152E-3,
,,,9.664002419,-32.00000152E-3,
,,,9.667201996,-28.00000086E-3,
,,,9.670401573,-28.00000086E-3,
,,,9.673602104,-28.00000086E-3,
,,,9.676801682,-20.0000014E-3,
,,,9.680002213,-20.0000014E-3,
,,,9.683201790,-24.00000021E-3,
,,,9.686402321,-20.0000014E-3,
,,,9.689601898,-12.0000001E-3,
,,,9.692802429,0.0,
,,,9.696002007,16.0000008E-3,
,,,9.699201584,20.0000014E-3,
,,,9.702402115,32.00000152E-3,
,,,9.705601692,44.00000349E-3,
,,,9.708802223,48.00000042E-3,
,,,9.712001801,64.000003040E-3,
,,,9.715202332,60.000002384E-3,
,,,9.718401909,64.000003040E-3,
,,,9.721602440,68.000003695E-3,
,,,9.724802017,72.000004351E-3,
,,,9.728001595,80.000005662E-3,
,,,9.731202126,44.00000349E-3,
,,,9.734401703,60.000002384E-3,
,,,9.737602234,64.000003040E-3,
,,,9.740801811,60.000002384E-3,
,,,9.744002342,64.000003040E-3,
,,,9.747201920,64.000003040E-3,
,,,9.750402451,60.000002384E-3,
,,,9.753602028,64.000003040E-3,
,,,9.756801605,72.000004351E-3,
,,,9.760002136,60.000002384E-3,
,,,9.763201714,64.000003040E-3,
,,,9.766402245,56.000001729E-3,
,,,9.769601822,72.000004351E-3,
,,,9.772802353,60.000002384E-3,
,,,9.776001930,64.000003040E-3,
,,,9.779201508,64.000003040E-3,
,,,9.782402039,80.000005662E-3,
,,,9.785601616,76.000005007E-3,
,,,9.788802147,88.000006974E-3,
,,,9.792001724,92.000007629E-3,
,,,9.795202255,100.0000015E-3,
,,,9.798401833,112.0000035E-3,
,,,9.801602364,116.0000041E-3,
,,,9.804801941,136.0000074E-3,
,,,9.808001518,136.0000074E-3,
,,,9.811202049,144.0000087E-3,
,,,9.814401627,160.00001132E-3,
,,,9.817602158,168.00001264E-3,
,,,9.820801735,176.00001395E-3,
,,,9.824002266,172.00000584E-3,
,,,9.827201843,176.00001395E-3,
,,,9.830402374,184.00001526E-3,
,,,9.833601952,192.00000167E-3,
,,,9.836801529,208.00000429E-3,
,,,9.840002060,200.00000298E-3,
,,,9.843201637,180.00000715E-3,
,,,9.846402168,196.00000978E-3,
,,,9.849601746,184.00001526E-3,
,,,9.852802277,192.00000167E-3,
,,,9.856001854,192.00000167E-3,
,,,9.859202385,188.00000846E-3,
,,,9.862401962,192.00000167E-3,
,,,9.865601540,192.00000167E-3,
,,,9.868802071,188.00000846E-3,
,,,9.872001648,176.00001395E-3,
,,,9.875202179,180.00000715E-3,
,,,9.878401756,176.00001395E-3,
,,,9.881602287,172.00000584E-3,
,,,9.884801865,180.00000715E-3,
,,,9.888002396,164.00000453E-3,
,,,9.891201973,164.00000453E-3,
,,,9.894401550,176.00001395E-3,
,,,9.897602081,164.00000453E-3,
,,,9.900801659,160.00001132E-3,
,,,9.904002190,140.0000006E-3,
,,,9.907201767,144.0000087E-3,
,,,9.910402298,140.0000006E-3,
,,,9.913601875,136.0000074E-3,
,,,9.916802406,116.0000041E-3,
,,,9.920001984,108.0000028E-3,
,,,9.923201561,96.000000834E-3,
,,,9.926402092,88.000006974E-3,
,,,9.929601669,80.000005662E-3,
,,,9.932802200,76.000005007E-3,
,,,9.936001778,64.000003040E-3,
,,,9.939202309,56.000001729E-3,
,,,9.942401886,44.00000349E-3,
,,,9.945602417,36.00000218E-3,
,,,9.948801994,36.00000218E-3,
,,,9.952001572,20.0000014E-3,
,,,9.955202103,32.00000152E-3,
,,,9.958401680,12.0000001E-3,
,,,9.961602211,-4.00000019E-3,
,,,9.964801788,-16.0000008E-3,
,,,9.968002319,-12.0000001E-3,
,,,9.971201897,-28.00000086E-3,
,,,9.974402428,-36.00000218E-3,
,,,9.977602005,-44.00000349E-3,
,,,9.980801582,-52.00000107E-3,
,,,9.984002113,-52.00000107E-3,
,,,9.987201691,-60.000002384E-3,
,,,9.990402222,-76.000005007E-3,
,,,9.993601799,-84.000006318E-3,
,,,9.996802330,-80.000005662E-3,
,,,10.0000019,-88.000006974E-3,
,,,10.0032024,-92.000007629E-3,
,,,10.0064020,-92.000007629E-3,
,,,10.0096016,-104.0000021E-3,
,,,10.0128021,-116.0000041E-3,
,,,10.0160017,-128.0000061E-3,
,,,10.0192022,-128.0000061E-3,
,,,10.0224018,-140.0000006E-3,
,,,10.0256023,-152.00001001E-3,
,,,10.0288019,-172.00000584E-3,
,,,10.0320024,-168.00001264E-3,
,,,10.0352020,-184.00001526E-3,
,,,10.0384016,-188.00000846E-3,
,,,10.0416021,-192.00000167E-3,
,,,10.0448017,-212.00001240E-3,
,,,10.0480022,-200.00000298E-3,
,,,10.0512018,-208.00000429E-3,
,,,10.0544024,-216.00000560E-3,
,,,10.0576019,-216.00000560E-3,
,,,10.0608025,-216.00000560E-3,
,,,10.0640020,-216.00000560E-3,
,,,10.0672016,-236.00001633E-3,
,,,10.0704021,-196.00000978E-3,
,,,10.0736017,-212.00001240E-3,
,,,10.0768023,-212.00001240E-3,
,,,10.0800018,-192.00000167E-3,
,,,10.0832024,-176.00001395E-3,
,,,10.0864019,-180.00000715E-3,
,,,10.0896025,-180.00000715E-3,
,,,10.0928020,-172.00000584E-3,
,,,10.0960016,-168.00001264E-3,
,,,10.0992022,-168.00001264E-3,
,,,10.1024017,-160.00001132E-3,
,,,10.1056023,-140.0000006E-3,
,,,10.1088018,-144.0000087E-3,
,,,10.1120024,-131.9999993E-3,
,,,10.1152020,-131.9999993E-3,
,,,10.1184015,-116.0000041E-3,
,,,10.1216021,-108.0000028E-3,
,,,10.1248016,-104.0000021E-3,
,,,10.1280022,-88.000006974E-3,
,,,10.1312017,-88.000006974E-3,
,,,10.1344023,-88.000006974E-3,
,,,10.1376019,-80.000005662E-3,
,,,10.1408024,-68.000003695E-3,
,,,10.1440020,-52.00000107E-3,
,,,10.1472015,-56.000001729E-3,
,,,10.1504021,-40.00000283E-3,
,,,10.1536016,-36.00000218E-3,
,,,10.1568022,-32.00000152E-3,
,,,10.1600018,-28.00000086E-3,
,,,10.1632023,-28.00000086E-3,
,,,10.1664019,-24.00000021E-3,
,,,10.1696024,-8.000000380E-3,
,,,10.1728020,-12.0000001E-3,
,,,10.1760015,-12.0000001E-3,
,,,10.1792021,-12.0000001E-3,
,,,10.1824017,-16.0000008E-3,
,,,10.1856022,-4.00000019E-3,
,,,10.1888018,-8.000000380E-3,
,,,10.1920023,-16.0000008E-3,
,,,10.1952019,-4.00000019E-3,
,,,10.1984024,-12.0000001E-3,
,,,10.2016020,-12.0000001E-3,
,,,10.2048016,0.0,
,,,10.2080021,-4.00000019E-3,
,,,10.2112017,-8.000000380E-3,
,,,10.2144022,-8.000000380E-3,
,,,10.2176018,-4.00000019E-3,
,,,10.2208023,-12.0000001E-3,
,,,10.2240019,-12.0000001E-3,
,,,10.2272024,-4.00000019E-3,
,,,10.2304020,-24.00000021E-3,
,,,10.2336016,-8.000000380E-3,
,,,10.2368021,-12.0000001E-3,
,,,10.2400017,-8.000000380E-3,
,,,10.2432022,-8.000000380E-3,
,,,10.2464018,-12.0000001E-3,
,,,10.2496023,-24.00000021E-3,
,,,10.2528019,-16.0000008E-3,
,,,10.2560024,-12.0000001E-3,
,,,10.2592020,-16.0000008E-3,
,,,10.2624016,-16.0000008E-3,
,,,10.2656021,0.0,
,,,10.2688017,4.00000019E-3,
,,,10.2720022,12.0000001E-3,
,,,10.2752018,8.000000380E-3,
,,,10.2784023,28.00000086E-3,
,,,10.2816019,24.00000021E-3,
,,,10.2848024,28.00000086E-3,
,,,10.2880020,32.00000152E-3,
,,,10.2912016,28.00000086E-3,
,,,10.2944021,32.00000152E-3,
,,,10.2976017,44.00000349E-3,
,,,10.3008022,44.00000349E-3,
,,,10.3040018,36.00000218E-3,
,,,10.3072023,56.000001729E-3,
,,,10.3104019,56.000001729E-3,
,,,10.3136024,80.000005662E-3,
,,,10.3168020,76.000005007E-3,
,,,10.3200016,72.000004351E-3,
,,,10.3232021,80.000005662E-3,
,,,10.3264017,84.000006318E-3,
,,,10.3296022,88.000006974E-3,
,,,10.3328018,84.000006318E-3,
,,,10.3360023,96.000000834E-3,
,,,10.3392019,96.000000834E-3,
,,,10.3424025,108.0000028E-3,
,,,10.3456020,112.0000035E-3,
,,,10.3488016,124.0000054E-3,
,,,10.3520021,116.0000041E-3,
,,,10.3552017,120.0000048E-3,
,,,10.3584023,124.0000054E-3,
,,,10.3616018,124.0000054E-3,
,,,10.3648024,128.0000061E-3,
,,,10.3680019,128.0000061E-3,
,,,10.3712025,120.0000048E-3,
,,,10.3744020,108.0000028E-3,
,,,10.3776016,112.0000035E-3,
,,,10.3808022,104.0000021E-3,
,,,10.3840017,108.0000028E-3,
,,,10.3872023,104.0000021E-3,
,,,10.3904018,92.000007629E-3,
,,,10.3936024,84.000006318E-3,
,,,10.3968019,80.000005662E-3,
,,,10.4000025,72.000004351E-3,
,,,10.4032021,56.000001729E-3,
,,,10.4064016,48.00000042E-3,
,,,10.4096022,56.000001729E-3,
,,,10.4128017,28.00000086E-3,
,,,10.4160023,36.00000218E-3,
,,,10.4192019,28.00000086E-3,
,,,10.4224024,28.00000086E-3,
,,,10.4256020,16.0000008E-3,
,,,10.4288025,16.0000008E-3,
,,,10.4320021,16.0000008E-3,
,,,10.4352016,4.00000019E-3,
,,,10.4384022,0.0,
,,,10.4416018,-12.0000001E-3,
,,,10.4448023,-28.00000086E-3,
,,,10.4480019,-16.0000008E-3,
,,,10.4512024,-28.00000086E-3,
,,,10.4544020,-20.0000014E-3,
,,,10.4576015,-28.00000086E-3,
,,,10.4608021,-24.00000021E-3,
,,,10.4640017,-36.00000218E-3,
,,,10.4672022,-16.0000008E-3,
,,,10.4704018,-20.0000014E-3,
,,,10.4736023,-8.000000380E-3,
,,,10.4768019,0.0,
,,,10.4800024,8.000000380E-3,
,,,10.4832020,24.00000021E-3,
,,,10.4864016,32.00000152E-3,
,,,10.4896021,52.00000107E-3,
,,,10.4928017,44.00000349E-3,
,,,10.4960022,52.00000107E-3,
,,,10.4992018,56.000001729E-3,
,,,10.5024023,60.000002384E-3,
,,,10.5056019,68.000003695E-3,
,,,10.5088024,64.000003040E-3,
,,,10.5120020,72.000004351E-3,
,,,10.5152016,76.000005007E-3,
,,,10.5184021,80.000005662E-3,
,,,10.5216017,72.000004351E-3,
,,,10.5248022,76.000005007E-3,
,,,10.5280018,64.000003040E-3,
,,,10.5312023,80.000005662E-3,
,,,10.5344019,80.000005662E-3,
,,,10.5376024,80.000005662E-3,
,,,10.5408020,88.000006974E-3,
,,,10.5440016,84.000006318E-3,
,,,10.5472021,100.0000015E-3,
,,,10.5504017,84.000006318E-3,
,,,10.5536022,84.000006318E-3,
,,,10.5568018,88.000006974E-3,
,,,10.5600023,92.000007629E-3,
,,,10.5632019,96.000000834E-3,
,,,10.5664024,80.000005662E-3,
,,,10.5696020,96.000000834E-3,
,,,10.5728016,92.000007629E-3,
,,,10.5760021,96.000000834E-3,
,,,10.5792017,88.000006974E-3,
,,,10.5824022,96.000000834E-3,
,,,10.5856018,100.0000015E-3,
,,,10.5888023,96.000000834E-3,
,,,10.5920019,104.0000021E-3,
,,,10.5952024,96.000000834E-3,
,,,10.5984020,108.0000028E-3,
,,,10.6016016,108.0000028E-3,
,,,10.6048021,108.0000028E-3,
,,,10.6080017,104.0000021E-3,
,,,10.6112022,112.0000035E-3,
,,,10.6144018,104.0000021E-3,
,,,10.6176023,96.000000834E-3,
,,,10.6208019,108.0000028E-3,
,,,10.6240025,108.0000028E-3,
,,,10.6272020,112.0000035E-3,
,,,10.6304016,112.0000035E-3,
,,,10.6336021,112.0000035E-3,
,,,10.6368017,112.0000035E-3,
,,,10.6400023,104.0000021E-3,
,,,10.6432018,112.0000035E-3,
,,,10.6464024,128.0000061E-3,
,,,10.6496019,128.0000061E-3,
,,,10.6528025,120.0000048E-3,
,,,10.6560020,136.0000074E-3,
,,,10.6592016,136.0000074E-3,
,,,10.6624022,131.9999993E-3,
,,,10.6656017,136.0000074E-3,
,,,10.6688023,152.00001001E-3,
,,,10.6720018,148.0000019E-3,
,,,10.6752024,164.00000453E-3,
,,,10.6784019,152.00001001E-3,
,,,10.6816025,156.00000322E-3,
,,,10.6848021,156.00000322E-3,
,,,10.6880016,168.00001264E-3,
,,,10.6912022,196.00000978E-3,
,,,10.6944017,188.00000846E-3,
,,,10.6976023,180.00000715E-3,
,,,10.7008018,188.00000846E-3,
,,,10.7040024,184.00001526E-3,
,,,10.7072020,200.00000298E-3,
,,,10.7104025,188.00000846E-3,
,,,10.7136021,184.00001526E-3,
,,,10.7168016,192.00000167E-3,
,,,10.7200022,184.00001526E-3,
,,,10.7232018,180.00000715E-3,
,,,10.7264023,176.00001395E-3,
,,,10.7296019,176.00001395E-3,
,,,10.7328024,176.00001395E-3,
,,,10.7360020,156.00000322E-3,
,,,10.7392025,144.0000087E-3,
,,,10.7424021,140.0000006E-3,
,,,10.7456017,131.9999993E-3,
,,,10.7488022,108.0000028E-3,
,,,10.7520018,112.0000035E-3,
,,,10.7552023,84.000006318E-3,
,,,10.7584019,80.000005662E-3,
,,,10.7616024,80.000005662E-3,
,,,10.7648020,84.000006318E-3,
,,,10.7680016,60.000002384E-3,
,,,10.7712021,48.00000042E-3,
,,,10.7744017,48.00000042E-3,
,,,10.7776022,36.00000218E-3,
,,,10.7808018,16.0000008E-3,
,,,10.7840023,8.000000380E-3,
,,,10.7872019,-12.0000001E-3,
,,,10.7904024,-4.00000019E-3,
,,,10.7936020,-20.0000014E-3,
,,,10.7968016,-52.00000107E-3,
,,,10.8000021,-32.00000152E-3,
,,,10.8032017,-44.00000349E-3,
,,,10.8064022,-32.00000152E-3,
,,,10.8096018,-60.000002384E-3,
,,,10.8128023,-68.000003695E-3,
,,,10.8160019,-72.000004351E-3,
,,,10.8192024,-80.000005662E-3,
,,,10.8224020,-88.000006974E-3,
,,,10.8256016,-88.000006974E-3,
,,,10.8288021,-96.000000834E-3,
,,,10.8320017,-96.000000834E-3,
,,,10.8352022,-92.000007629E-3,
,,,10.8384018,-96.000000834E-3,
,,,10.8416023,-112.0000035E-3,
,,,10.8448019,-112.0000035E-3,
,,,10.8480024,-108.0000028E-3,
,,,10.8512020,-124.0000054E-3,
,,,10.8544016,-131.9999993E-3,
,,,10.8576021,-128.0000061E-3,
,,,10.8608017,-136.0000074E-3,
,,,10.8640022,-131.9999993E-3,
,,,10.8672018,-140.0000006E-3,
,,,10.8704023,-131.9999993E-3,
,,,10.8736019,-120.0000048E-3,
,,,10.8768024,-136.0000074E-3,
,,,10.8800020,-148.0000019E-3,
,,,10.8832016,-140.0000006E-3,
,,,10.8864021,-140.0000006E-3,
,,,10.8896017,-140.0000006E-3,
,,,10.8928022,-144.0000087E-3,
,,,10.8960018,-152.00001001E-3,
,,,10.8992023,-148.0000019E-3,
,,,10.9024019,-148.0000019E-3,
,,,10.9056025,-152.00001001E-3,
,,,10.9088020,-192.00000167E-3,
,,,10.9120016,-148.0000019E-3,
,,,10.9152021,-140.0000006E-3,
,,,10.9184017,-148.0000019E-3,
,,,10.9216022,-148.0000019E-3,
,,,10.9248018,-144.0000087E-3,
,,,10.9280024,-136.0000074E-3,
,,,10.9312019,-131.9999993E-3,
,,,10.9344025,-136.0000074E-3,
,,,10.9376020,-131.9999993E-3,
,,,10.9408016,-104.0000021E-3,
,,,10.9440022,-100.0000015E-3,
,,,10.9472017,-96.000000834E-3,
,,,10.9504023,-76.000005007E-3,
,,,10.9536018,-76.000005007E-3,
,,,10.9568024,-64.000003040E-3,
,,,10.9600019,-60.000002384E-3,
,,,10.9632025,-40.00000283E-3,
,,,10.9664021,-40.00000283E-3,
,,,10.9696016,-44.00000349E-3,
,,,10.9728022,-28.00000086E-3,
,,,10.9760017,-20.0000014E-3,
,,,10.9792023,-20.0000014E-3,
,,,10.9824018,-12.0000001E-3,
,,,10.9856024,-4.00000019E-3,
,,,10.9888020,4.00000019E-3,
,,,10.9920025,0.0,
,,,10.9952021,12.0000001E-3,
,,,10.9984016,8.000000380E-3,
,,,11.0016022,20.0000014E-3,
,,,11.0048018,20.0000014E-3,
,,,11.0080023,32.00000152E-3,
,,,11.0112019,24.00000021E-3,
,,,11.0144024,28.00000086E-3,
,,,11.0176020,40.00000283E-3,
,,,11.0208025,36.00000218E-3,
,,,11.0240021,44.00000349E-3,
,,,11.0272017,48.00000042E-3,
,,,11.0304022,52.00000107E-3,
,,,11.0336018,52.00000107E-3,
,,,11.0368023,52.00000107E-3,
,,,11.0400019,32.00000152E-3,
,,,11.0432024,52.00000107E-3,
,,,11.0464020,56.000001729E-3,
,,,11.0496025,48.00000042E-3,
,,,11.0528021,44.00000349E-3,
,,,11.0560017,40.00000283E-3,
,,,11.0592022,32.00000152E-3,
,,,11.0624018,20.0000014E-3,
,,,11.0656023,24.00000021E-3,
,,,11.0688019,12.0000001E-3,
,,,11.0720024,8.000000380E-3,
,,,11.0752020,16.0000008E-3,
,,,11.0784025,-4.00000019E-3,
,,,11.0816021,0.0,
,,,11.0848017,4.00000019E-3,
,,,11.0880022,0.0,
,,,11.0912018,-8.000000380E-3,
,,,11.0944023,-8.000000380E-3,
,,,11.0976019,-4.00000019E-3,
,,,11.1008024,-8.000000380E-3,
,,,11.1040020,0.0,
,,,11.1072016,0.0,
,,,11.1104021,-8.000000380E-3,
,,,11.1136017,-16.0000008E-3,
,,,11.1168022,-16.0000008E-3,
,,,11.1200018,-12.0000001E-3,
,,,11.1232023,-40.00000283E-3,
,,,11.1264019,-24.00000021E-3,
,,,11.1296024,-24.00000021E-3,
,,,11.1328020,-24.00000021E-3,
,,,11.1360016,-16.0000008E-3,
,,,11.1392021,-20.0000014E-3,
,,,11.1424017,-20.0000014E-3,
,,,11.1456022,-40.00000283E-3,
,,,11.1488018,-36.00000218E-3,
,,,11.1520023,-24.00000021E-3,
,,,11.1552019,-8.000000380E-3,
,,,11.1584024,-20.0000014E-3,
,,,11.1616020,-24.00000021E-3,
,,,11.1648016,-20.0000014E-3,
,,,11.1680021,-24.00000021E-3,
,,,11.1712017,-12.0000001E-3,
,,,11.1744022,-32.00000152E-3,
,,,11.1776018,-28.00000086E-3,
,,,11.1808023,-28.00000086E-3,
,,,11.1840019,-36.00000218E-3,
,,,11.1872025,-28.00000086E-3,
,,,11.1904020,-28.00000086E-3,
,,,11.1936016,-36.00000218E-3,
,,,11.1968021,-36.00000218E-3,
,,,11.2000017,-32.00000152E-3,
,,,11.2032022,-48.00000042E-3,
,,,11.2064018,-40.00000283E-3,
,,,11.2096024,-52.00000107E-3,
,,,11.2128019,-48.00000042E-3,
,,,11.2160025,-56.000001729E-3,
,,,11.2192020,-64.000003040E-3,
,,,11.2224016,-60.000002384E-3,
,,,11.2256021,-64.000003040E-3,
,,,11.2288017,-80.000005662E-3,
,,,11.2320023,-76.000005007E-3,
,,,11.2352018,-72.000004351E-3,
,,,11.2384024,-68.000003695E-3,
,,,11.2416019,-72.000004351E-3,
,,,11.2448025,-72.000004351E-3,
,,,11.2480021,-72.000004351E-3,
,,,11.2512016,-52.00000107E-3,
,,,11.2544022,-76.000005007E-3,
,,,11.2576017,-64.000003040E-3,
,,,11.2608023,-64.000003040E-3,
,,,11.2640018,-52.00000107E-3,
,,,11.2672024,-40.00000283E-3,
,,,11.2704020,-40.00000283E-3,
,,,11.2736025,-32.00000152E-3,
,,,11.2768021,-24.00000021E-3,
,,,11.2800016,-20.0000014E-3,
,,,11.2832022,-4.00000019E-3,
,,,11.2864017,-4.00000019E-3,
,,,11.2896023,0.0,
,,,11.2928019,8.000000380E-3,
,,,11.2960024,16.0000008E-3,
,,,11.2992020,20.0000014E-3,
,,,11.3024025,28.00000086E-3,
,,,11.3056021,40.00000283E-3,
,,,11.3088017,24.00000021E-3,
,,,11.3120022,32.00000152E-3,
,,,11.3152018,36.00000218E-3,
,,,11.3184023,40.00000283E-3,
,,,11.3216019,36.00000218E-3,
,,,11.3248024,40.00000283E-3,
,,,11.3280020,40.00000283E-3,
,,,11.3312025,40.00000283E-3,
,,,11.3344021,40.00000283E-3,
,,,11.3376017,40.00000283E-3,
,,,11.3408022,36.00000218E-3,
,,,11.3440018,32.00000152E-3,
,,,11.3472023,36.00000218E-3,
,,,11.3504019,32.00000152E-3,
,,,11.3536024,32.00000152E-3,
,,,11.3568020,28.00000086E-3,
,,,11.3600025,20.0000014E-3,
,,,11.3632021,24.00000021E-3,
,,,11.3664017,16.0000008E-3,
,,,11.3696022,28.00000086E-3,
,,,11.3728018,28.00000086E-3,
,,,11.3760023,28.00000086E-3,
,,,11.3792019,24.00000021E-3,
,,,11.3824024,28.00000086E-3,
,,,11.3856020,44.00000349E-3,
,,,11.3888025,28.00000086E-3,
,,,11.3920021,24.00000021E-3,
,,,11.3952017,16.0000008E-3,
,,,11.3984022,8.000000380E-3,
,,,11.4016018,12.0000001E-3,
,,,11.4048023,24.00000021E-3,
,,,11.4080019,12.0000001E-3,
,,,11.4112024,4.00000019E-3,
,,,11.4144020,-4.00000019E-3,
,,,11.4176025,-12.0000001E-3,
,,,11.4208021,-20.0000014E-3,
,,,11.4240017,-32.00000152E-3,
,,,11.4272022,-40.00000283E-3,
,,,11.4304018,-72.000004351E-3,
,,,11.4336023,-80.000005662E-3,
,,,11.4368019,-96.000000834E-3,
,,,11.4400024,-112.0000035E-3,
,,,11.4432020,-124.0000054E-3,
,,,11.4464016,-140.0000006E-3,
,,,11.4496021,-140.0000006E-3,
,,,11.4528017,-148.0000019E-3,
,,,11.4560022,-148.0000019E-3,
,,,11.4592018,-160.00001132E-3,
,,,11.4624023,-160.00001132E-3,
,,,11.4656019,-152.00001001E-3,
,,,11.4688025,-156.00000322E-3,
,,,11.4720020,-152.00001001E-3,
,,,11.4752016,-140.0000006E-3,
,,,11.4784021,-136.0000074E-3,
,,,11.4816017,-148.0000019E-3,
,,,11.4848022,-136.0000074E-3,
,,,11.4880018,-131.9999993E-3,
,,,11.4912024,-108.0000028E-3,
,,,11.4944019,-88.000006974E-3,
,,,11.4976025,-96.000000834E-3,
,,,11.5008020,-84.000006318E-3,
,,,11.5040016,-56.000001729E-3,
,,,11.5072021,-64.000003040E-3,
,,,11.5104017,-56.000001729E-3,
,,,11.5136023,-56.000001729E-3,
,,,11.5168018,-44.00000349E-3,
,,,11.5200024,-36.00000218E-3,
,,,11.5232019,-40.00000283E-3,
,,,11.5264025,-32.00000152E-3,
,,,11.5296021,-28.00000086E-3,
,,,11.5328016,-20.0000014E-3,
,,,11.5360022,-24.00000021E-3,
,,,11.5392017,-24.00000021E-3,
,,,11.5424023,-4.00000019E-3,
,,,11.5456018,-4.00000019E-3,
,,,11.5488024,-12.0000001E-3,
,,,11.5520020,8.000000380E-3,
,,,11.5552025,24.00000021E-3,
,,,11.5584021,36.00000218E-3,
,,,11.5616016,40.00000283E-3,
,,,11.5648022,48.00000042E-3,
,,,11.5680017,76.000005007E-3,
,,,11.5712023,76.000005007E-3,
,,,11.5744019,96.000000834E-3,
,,,11.5776024,100.0000015E-3,
,,,11.5808020,120.0000048E-3,
,,,11.5840025,136.0000074E-3,
,,,11.5872021,144.0000087E-3,
,,,11.5904016,148.0000019E-3,
,,,11.5936022,160.00001132E-3,
,,,11.5968018,168.00001264E-3,
,,,11.6000023,176.00001395E-3,
,,,11.6032019,180.00000715E-3,
,,,11.6064024,188.00000846E-3,
,,,11.6096020,192.00000167E-3,
,,,11.6128025,204.00001109E-3,
,,,11.6160021,208.00000429E-3,
,,,11.6192017,208.00000429E-3,
,,,11.6224022,200.00000298E-3,
,,,11.6256018,192.00000167E-3,
,,,11.6288023,180.00000715E-3,
,,,11.6320019,180.00000715E-3,
,,,11.6352024,184.00001526E-3,
,,,11.6384020,172.00000584E-3,
,,,11.6416025,160.00001132E-3,
,,,11.6448021,128.0000061E-3,
,,,11.6480017,136.0000074E-3,
,,,11.6512022,112.0000035E-3,
,,,11.6544018,104.0000021E-3,
,,,11.6576023,64.000003040E-3,
,,,11.6608019,80.000005662E-3,
,,,11.6640024,64.000003040E-3,
,,,11.6672020,52.00000107E-3,
,,,11.6704025,40.00000283E-3,
,,,11.6736021,32.00000152E-3,
,,,11.6768017,24.00000021E-3,
,,,11.6800022,16.0000008E-3,
,,,11.6832018,16.0000008E-3,
,,,11.6864023,-4.00000019E-3,
,,,11.6896019,-12.0000001E-3,
,,,11.6928024,-24.00000021E-3,
,,,11.6960020,-32.00000152E-3,
,,,11.6992025,-40.00000283E-3,
,,,11.7024021,-52.00000107E-3,
,,,11.7056017,-56.000001729E-3,
,,,11.7088022,-68.000003695E-3,
,,,11.7120018,-68.000003695E-3,
,,,11.7152023,-60.000002384E-3,
,,,11.7184019,-68.000003695E-3,
,,,11.7216024,-64.000003040E-3,
,,,11.7248020,-68.000003695E-3,
,,,11.7280025,-72.000004351E-3,
,,,11.7312021,-68.000003695E-3,
,,,11.7344017,-88.000006974E-3,
,,,11.7376022,-72.000004351E-3,
,,,11.7408018,-68.000003695E-3,
,,,11.7440023,-72.000004351E-3,
,,,11.7472019,-76.000005007E-3,
,,,11.7504025,-68.000003695E-3,
,,,11.7536020,-72.000004351E-3,
,,,11.7568016,-60.000002384E-3,
,,,11.7600021,-68.000003695E-3,
,,,11.7632017,-68.000003695E-3,
,,,11.7664022,-72.000004351E-3,
,,,11.7696018,-60.000002384E-3,
,,,11.7728024,-68.000003695E-3,
,,,11.7760019,-72.000004351E-3,
,,,11.7792025,-72.000004351E-3,
,,,11.7824020,-68.000003695E-3,
,,,11.7856016,-76.000005007E-3,
,,,11.7888021,-76.000005007E-3,
,,,11.7920017,-68.000003695E-3,
,,,11.7952023,-64.000003040E-3,
,,,11.7984018,-68.000003695E-3,
,,,11.8016024,-68.000003695E-3,
,,,11.8048019,-60.000002384E-3,
,,,11.8080025,-64.000003040E-3,
,,,11.8112020,-72.000004351E-3,
,,,11.8144016,-48.00000042E-3,
,,,11.8176022,-52.00000107E-3,
,,,11.8208017,-48.00000042E-3,
,,,11.8240023,-44.00000349E-3,
,,,11.8272018,-40.00000283E-3,
,,,11.8304024,-36.00000218E-3,
,,,11.8336020,-28.00000086E-3,
,,,11.8368025,-28.00000086E-3,
,,,11.8400021,-28.00000086E-3,
,,,11.8432016,-20.0000014E-3,
,,,11.8464022,-16.0000008E-3,
,,,11.8496017,-12.0000001E-3,
,,,11.8528023,-8.000000380E-3,
,,,11.8560019,-8.000000380E-3,
,,,11.8592024,-4.00000019E-3,
,,,11.8624020,0.0,
,,,11.8656025,4.00000019E-3,
,,,11.8688021,-8.000000380E-3,
,,,11.8720016,0.0,
,,,11.8752022,0.0,
,,,11.8784018,0.0,
,,,11.8816023,4.00000019E-3,
,,,11.8848019,4.00000019E-3,
,,,11.8880024,-4.00000019E-3,
,,,11.8912020,12.0000001E-3,
,,,11.8944025,-4.00000019E-3,
,,,11.8976021,-4.00000019E-3,
,,,11.9008017,-4.00000019E-3,
,,,11.9040022,-8.000000380E-3,
,,,11.9072018,-8.000000380E-3,
,,,11.9104023,-8.000000380E-3,
,,,11.9136019,-12.0000001E-3,
,,,11.9168024,-16.0000008E-3,
,,,11.9200020,-20.0000014E-3,
,,,11.9232025,-20.0000014E-3,
,,,11.9264021,-32.00000152E-3,
,,,11.9296017,-48.00000042E-3,
,,,11.9328022,-48.00000042E-3,
,,,11.9360018,-52.00000107E-3,
,,,11.9392023,-60.000002384E-3,
,,,11.9424019,-64.000003040E-3,
,,,11.9456024,-60.000002384E-3,
,,,11.9488020,-80.000005662E-3,
,,,11.9520025,-80.000005662E-3,
,,,11.9552021,-80.000005662E-3,
,,,11.9584017,-92.000007629E-3,
,,,11.9616022,-104.0000021E-3,
,,,11.9648018,-104.0000021E-3,
,,,11.9680023,-120.0000048E-3,
,,,11.9712019,-124.0000054E-3,
,,,11.9744024,-148.0000019E-3,
,,,11.9776020,-144.0000087E-3,
,,,11.9808025,-168.00001264E-3,
,,,11.9840021,-180.00000715E-3,
,,,11.9872017,-196.00000978E-3,
,,,11.9904022,-216.00000560E-3,
,,,11.9936018,-236.00001633E-3,
,,,11.9968023,-248.00001085E-3,
,,,12.0000019,-252.00000405E-3,
,,,12.0032024,-248.00001085E-3,
,,,12.0064020,-260.00002027E-3,
,,,12.0096025,-244.00001764E-3,
,,,12.0128021,-248.00001085E-3,
,,,12.0160017,-244.00001764E-3,
,,,12.0192022,-224.00000691E-3,
,,,12.0224018,-228.00001502E-3,
,,,12.0256023,-212.00001240E-3,
,,,12.0288019,-188.00000846E-3,
,,,12.0320024,-188.00000846E-3,
,,,12.0352020,-172.00000584E-3,
,,,12.0384026,-168.00001264E-3,
,,,12.0416021,-152.00001001E-3,
,,,12.0448017,-131.9999993E-3,
,,,12.0480022,-120.0000048E-3,
,,,12.0512018,-112.0000035E-3,
,,,12.0544024,-100.0000015E-3,
,,,12.0576019,-84.000006318E-3,
,,,12.0608025,-56.000001729E-3,
,,,12.0640020,-68.000003695E-3,
,,,12.0672026,-52.00000107E-3,
,,,12.0704021,-48.00000042E-3,
,,,12.0736017,-32.00000152E-3,
,,,12.0768023,-16.0000008E-3,
,,,12.0800018,-8.000000380E-3,
,,,12.0832024,0.0,
,,,12.0864019,12.0000001E-3,
,,,12.0896025,20.0000014E-3,
,,,12.0928020,28.00000086E-3,
,,,12.0960016,36.00000218E-3,
,,,12.0992022,36.00000218E-3,
,,,12.1024017,48.00000042E-3,
,,,12.1056023,52.00000107E-3,
,,,12.1088018,56.000001729E-3,
,,,12.1120024,72.000004351E-3,
,,,12.1152020,72.000004351E-3,
,,,12.1184025,72.000004351E-3,
,,,12.1216021,84.000006318E-3,
,,,12.1248016,76.000005007E-3,
,,,12.1280022,80.000005662E-3,
,,,12.1312017,88.000006974E-3,
,,,12.1344023,84.000006318E-3,
,,,12.1376019,84.000006318E-3,
,,,12.1408024,92.000007629E-3,
,,,12.1440020,84.000006318E-3,
,,,12.1472025,88.000006974E-3,
,,,12.1504021,84.000006318E-3,
,,,12.1536016,80.000005662E-3,
,,,12.1568022,84.000006318E-3,
,,,12.1600018,80.000005662E-3,
,,,12.1632023,84.000006318E-3,
,,,12.1664019,84.000006318E-3,
,,,12.1696024,84.000006318E-3,
,,,12.1728020,84.000006318E-3,
,,,12.1760025,88.000006974E-3,
,,,12.1792021,96.000000834E-3,
,,,12.1824017,96.000000834E-3,
,,,12.1856022,96.000000834E-3,
,,,12.1888018,96.000000834E-3,
,,,12.1920023,104.0000021E-3,
,,,12.1952019,88.000006974E-3,
,,,12.1984024,100.0000015E-3,
,,,12.2016020,100.0000015E-3,
,,,12.2048025,88.000006974E-3,
,,,12.2080021,124.0000054E-3,
,,,12.2112017,100.0000015E-3,
,,,12.2144022,116.0000041E-3,
,,,12.2176018,112.0000035E-3,
,,,12.2208023,116.0000041E-3,
,,,12.2240019,124.0000054E-3,
,,,12.2272024,124.0000054E-3,
,,,12.2304020,124.0000054E-3,
,,,12.2336025,120.0000048E-3,
,,,12.2368021,120.0000048E-3,
,,,12.2400017,128.0000061E-3,
,,,12.2432022,124.0000054E-3,
,,,12.2464018,116.0000041E-3,
,,,12.2496023,120.0000048E-3,
,,,12.2528019,120.0000048E-3,
,,,12.2560024,120.0000048E-3,
,,,12.2592020,120.0000048E-3,
,,,12.2624025,120.0000048E-3,
,,,12.2656021,112.0000035E-3,
,,,12.2688017,108.0000028E-3,
,,,12.2720022,112.0000035E-3,
,,,12.2752018,120.0000048E-3,
,,,12.2784023,116.0000041E-3,
,,,12.2816019,108.0000028E-3,
,,,12.2848024,120.0000048E-3,
,,,12.2880020,112.0000035E-3,
,,,12.2912025,108.0000028E-3,
,,,12.2944021,116.0000041E-3,
,,,12.2976017,108.0000028E-3,
,,,12.3008022,104.0000021E-3,
,,,12.3040018,100.0000015E-3,
,,,12.3072023,112.0000035E-3,
,,,12.3104019,96.000000834E-3,
,,,12.3136024,96.000000834E-3,
,,,12.3168020,68.000003695E-3,
,,,12.3200026,88.000006974E-3,
,,,12.3232021,84.000006318E-3,
,,,12.3264017,80.000005662E-3,
,,,12.3296022,68.000003695E-3,
,,,12.3328018,56.000001729E-3,
,,,12.3360023,40.00000283E-3,
,,,12.3392019,36.00000218E-3,
,,,12.3424025,20.0000014E-3,
,,,12.3456020,16.0000008E-3,
,,,12.3488026,-4.00000019E-3,
,,,12.3520021,-16.0000008E-3,
,,,12.3552017,-20.0000014E-3,
,,,12.3584023,-32.00000152E-3,
,,,12.3616018,-32.00000152E-3,
,,,12.3648024,-32.00000152E-3,
,,,12.3680019,-44.00000349E-3,
,,,12.3712025,-48.00000042E-3,
,,,12.3744020,-52.00000107E-3,
,,,12.3776026,-56.000001729E-3,
,,,12.3808022,-56.000001729E-3,
,,,12.3840017,-64.000003040E-3,
,,,12.3872023,-52.00000107E-3,
,,,12.3904018,-48.00000042E-3,
,,,12.3936024,-60.000002384E-3,
,,,12.3968019,-60.000002384E-3,
,,,12.4000025,-60.000002384E-3,
,,,12.4032021,-64.000003040E-3,
,,,12.4064016,-64.000003040E-3,
,,,12.4096022,-64.000003040E-3,
,,,12.4128017,-64.000003040E-3,
,,,12.4160023,-64.000003040E-3,
,,,12.4192019,-60.000002384E-3,
,,,12.4224024,-60.000002384E-3,
,,,12.4256020,-60.000002384E-3,
,,,12.4288025,-64.000003040E-3,
,,,12.4320021,-60.000002384E-3,
,,,12.4352016,-56.000001729E-3,
,,,12.4384022,-64.000003040E-3,
,,,12.4416018,-64.000003040E-3,
,,,12.4448023,-80.000005662E-3,
,,,12.4480019,-64.000003040E-3,
,,,12.4512024,-60.000002384E-3,
,,,12.4544020,-56.000001729E-3,
,,,12.4576025,-64.000003040E-3,
,,,12.4608021,-60.000002384E-3,
,,,12.4640017,-56.000001729E-3,
,,,12.4672022,-60.000002384E-3,
,,,12.4704018,-68.000003695E-3,
,,,12.4736023,-60.000002384E-3,
,,,12.4768019,-52.00000107E-3,
,,,12.4800024,-48.00000042E-3,
,,,12.4832020,-48.00000042E-3,
,,,12.4864025,-44.00000349E-3,
,,,12.4896021,-44.00000349E-3,
,,,12.4928017,-36.00000218E-3,
,,,12.4960022,-36.00000218E-3,
,,,12.4992018,-28.00000086E-3,
,,,12.5024023,-24.00000021E-3,
,,,12.5056019,-32.00000152E-3,
,,,12.5088024,-28.00000086E-3,
,,,12.5120020,-12.0000001E-3,
,,,12.5152025,-8.000000380E-3,
,,,12.5184021,-8.000000380E-3,
,,,12.5216017,-4.00000019E-3,
,,,12.5248022,4.00000019E-3,
,,,12.5280018,8.000000380E-3,
,,,12.5312023,20.0000014E-3,
,,,12.5344019,28.00000086E-3,
,,,12.5376024,32.00000152E-3,
,,,12.5408020,36.00000218E-3,
,,,12.5440025,56.000001729E-3,
,,,12.5472021,64.000003040E-3,
,,,12.5504017,72.000004351E-3,
,,,12.5536022,68.000003695E-3,
,,,12.5568018,76.000005007E-3,
,,,12.5600023,84.000006318E-3,
,,,12.5632019,92.000007629E-3,
,,,12.5664024,92.000007629E-3,
,,,12.5696020,96.000000834E-3,
,,,12.5728025,108.0000028E-3,
,,,12.5760021,112.0000035E-3,
,,,12.5792017,124.0000054E-3,
,,,12.5824022,136.0000074E-3,
,,,12.5856018,128.0000061E-3,
,,,12.5888023,128.0000061E-3,
,,,12.5920019,131.9999993E-3,
,,,12.5952024,124.0000054E-3,
,,,12.5984020,131.9999993E-3,
,,,12.6016026,128.0000061E-3,
,,,12.6048021,120.0000048E-3,
,,,12.6080017,131.9999993E-3,
,,,12.6112022,124.0000054E-3,
,,,12.6144018,116.0000041E-3,
,,,12.6176023,120.0000048E-3,
,,,12.6208019,108.0000028E-3,
,,,12.6240025,112.0000035E-3,
,,,12.6272020,112.0000035E-3,
,,,12.6304026,88.000006974E-3,
,,,12.6336021,92.000007629E-3,
,,,12.6368017,96.000000834E-3,
,,,12.6400023,84.000006318E-3,
,,,12.6432018,80.000005662E-3,
,,,12.6464024,64.000003040E-3,
,,,12.6496019,68.000003695E-3,
,,,12.6528025,56.000001729E-3,
,,,12.6560020,48.00000042E-3,
,,,12.6592026,36.00000218E-3,
,,,12.6624022,36.00000218E-3,
,,,12.6656017,24.00000021E-3,
,,,12.6688023,8.000000380E-3,
,,,12.6720018,0.0,
,,,12.6752024,12.0000001E-3,
,,,12.6784019,-16.0000008E-3,
,,,12.6816025,-32.00000152E-3,
,,,12.6848021,-44.00000349E-3,
,,,12.6880026,-48.00000042E-3,
,,,12.6912022,-64.000003040E-3,
,,,12.6944017,-76.000005007E-3,
,,,12.6976023,-96.000000834E-3,
,,,12.7008018,-104.0000021E-3,
,,,12.7040024,-116.0000041E-3,
,,,12.7072020,-131.9999993E-3,
,,,12.7104025,-148.0000019E-3,
,,,12.7136021,-152.00001001E-3,
,,,12.7168026,-164.00000453E-3,
,,,12.7200022,-168.00001264E-3,
,,,12.7232018,-172.00000584E-3,
,,,12.7264023,-160.00001132E-3,
,,,12.7296019,-160.00001132E-3,
,,,12.7328024,-164.00000453E-3,
,,,12.7360020,-164.00000453E-3,
,,,12.7392025,-160.00001132E-3,
,,,12.7424021,-164.00000453E-3,
,,,12.7456017,-156.00000322E-3,
,,,12.7488022,-148.0000019E-3,
,,,12.7520018,-144.0000087E-3,
,,,12.7552023,-156.00000322E-3,
,,,12.7584019,-128.0000061E-3,
,,,12.7616024,-131.9999993E-3,
,,,12.7648020,-131.9999993E-3,
,,,12.7680025,-116.0000041E-3,
,,,12.7712021,-108.0000028E-3,
,,,12.7744017,-100.0000015E-3,
,,,12.7776022,-104.0000021E-3,
,,,12.7808018,-96.000000834E-3,
,,,12.7840023,-88.000006974E-3,
,,,12.7872019,-84.000006318E-3,
,,,12.7904024,-72.000004351E-3,
,,,12.7936020,-76.000005007E-3,
,,,12.7968025,-60.000002384E-3,
,,,12.8000021,-60.000002384E-3,
,,,12.8032017,-52.00000107E-3,
,,,12.8064022,-52.00000107E-3,
,,,12.8096018,-28.00000086E-3,
,,,12.8128023,-40.00000283E-3,
,,,12.8160019,-44.00000349E-3,
,,,12.8192024,-28.00000086E-3,
,,,12.8224020,-16.0000008E-3,
,,,12.8256025,-20.0000014E-3,
,,,12.8288021,-20.0000014E-3,
,,,12.8320017,0.0,
,,,12.8352022,-4.00000019E-3,
,,,12.8384018,0.0,
,,,12.8416023,0.0,
,,,12.8448019,16.0000008E-3,
,,,12.8480024,4.00000019E-3,
,,,12.8512020,4.00000019E-3,
,,,12.8544025,20.0000014E-3,
,,,12.8576021,28.00000086E-3,
,,,12.8608017,20.0000014E-3,
,,,12.8640022,24.00000021E-3,
,,,12.8672018,32.00000152E-3,
,,,12.8704023,32.00000152E-3,
,,,12.8736019,40.00000283E-3,
,,,12.8768024,36.00000218E-3,
,,,12.8800020,40.00000283E-3,
,,,12.8832026,32.00000152E-3,
,,,12.8864021,56.000001729E-3,
,,,12.8896017,48.00000042E-3,
,,,12.8928022,52.00000107E-3,
,,,12.8960018,52.00000107E-3,
,,,12.8992023,48.00000042E-3,
,,,12.9024019,48.00000042E-3,
,,,12.9056025,56.000001729E-3,
,,,12.9088020,32.00000152E-3,
,,,12.9120026,48.00000042E-3,
,,,12.9152021,52.00000107E-3,
,,,12.9184017,40.00000283E-3,
,,,12.9216022,36.00000218E-3,
,,,12.9248018,40.00000283E-3,
,,,12.9280024,44.00000349E-3,
,,,12.9312019,36.00000218E-3,
,,,12.9344025,44.00000349E-3,
,,,12.9376020,52.00000107E-3,
,,,12.9408026,52.00000107E-3,
,,,12.9440022,56.000001729E-3,
,,,12.9472017,60.000002384E-3,
,,,12.9504023,68.000003695E-3,
,,,12.9536018,60.000002384E-3,
,,,12.9568024,76.000005007E-3,
,,,12.9600019,64.000003040E-3,
,,,12.9632025,76.000005007E-3,
,,,12.9664021,76.000005007E-3,
,,,12.9696026,88.000006974E-3,
,,,12.9728022,84.000006318E-3,
,,,12.9760017,72.000004351E-3,
,,,12.9792023,88.000006974E-3,
,,,12.9824018,88.000006974E-3,
,,,12.9856024,100.0000015E-3,
,,,12.9888020,112.0000035E-3,
,,,12.9920025,112.0000035E-3,
,,,12.9952021,104.0000021E-3,
,,,12.9984026,112.0000035E-3,
,,,13.0016022,112.0000035E-3,
,,,13.0048018,108.0000028E-3,
,,,13.0080023,116.0000041E-3,
,,,13.0112019,112.0000035E-3,
,,,13.0144024,112.0000035E-3,
,,,13.0176020,124.0000054E-3,
,,,13.0208025,120.0000048E-3,
,,,13.0240021,112.0000035E-3,
,,,13.0272026,120.0000048E-3,
,,,13.0304022,120.0000048E-3,
,,,13.0336018,131.9999993E-3,
,,,13.0368023,116.0000041E-3,
,,,13.0400019,148.0000019E-3,
,,,13.0432024,148.0000019E-3,
,,,13.0464020,140.0000006E-3,
,,,13.0496025,140.0000006E-3,
,,,13.0528021,144.0000087E-3,
,,,13.0560017,140.0000006E-3,
,,,13.0592022,136.0000074E-3,
,,,13.0624018,136.0000074E-3,
,,,13.0656023,128.0000061E-3,
,,,13.0688019,124.0000054E-3,
,,,13.0720024,108.0000028E-3,
,,,13.0752020,108.0000028E-3,
,,,13.0784025,104.0000021E-3,
,,,13.0816021,108.0000028E-3,
,,,13.0848017,108.0000028E-3,
,,,13.0880022,88.000006974E-3,
,,,13.0912018,88.000006974E-3,
,,,13.0944023,76.000005007E-3,
,,,13.0976019,80.000005662E-3,
,,,13.1008024,80.000005662E-3,
,,,13.1040020,68.000003695E-3,
,,,13.1072025,68.000003695E-3,
,,,13.1104021,72.000004351E-3,
,,,13.1136017,68.000003695E-3,
,,,13.1168022,56.000001729E-3,
,,,13.1200018,60.000002384E-3,
,,,13.1232023,52.00000107E-3,
,,,13.1264019,36.00000218E-3,
,,,13.1296024,36.00000218E-3,
,,,13.1328020,28.00000086E-3,
,,,13.1360025,24.00000021E-3,
,,,13.1392021,20.0000014E-3,
,,,13.1424017,8.000000380E-3,
,,,13.1456022,4.00000019E-3,
,,,13.1488018,-4.00000019E-3,
,,,13.1520023,-16.0000008E-3,
,,,13.1552019,-16.0000008E-3,
,,,13.1584024,-20.0000014E-3,
,,,13.1616020,-24.00000021E-3,
,,,13.1648026,-28.00000086E-3,
,,,13.1680021,-28.00000086E-3,
,,,13.1712017,-32.00000152E-3,
,,,13.1744022,-36.00000218E-3,
,,,13.1776018,-24.00000021E-3,
,,,13.1808023,-48.00000042E-3,
,,,13.1840019,-52.00000107E-3,
,,,13.1872025,-56.000001729E-3,
,,,13.1904020,-48.00000042E-3,
,,,13.1936026,-52.00000107E-3,
,,,13.1968021,-56.000001729E-3,
,,,13.2000017,-60.000002384E-3,
,,,13.2032022,-60.000002384E-3,
,,,13.2064018,-68.000003695E-3,
,,,13.2096024,-68.000003695E-3,
,,,13.2128019,-60.000002384E-3,
,,,13.2160025,-60.000002384E-3,
,,,13.2192020,-68.000003695E-3,
,,,13.2224026,-76.000005007E-3,
,,,13.2256021,-72.000004351E-3,
,,,13.2288017,-60.000002384E-3,
,,,13.2320023,-52.00000107E-3,
,,,13.2352018,-64.000003040E-3,
,,,13.2384024,-68.000003695E-3,
,,,13.2416019,-60.000002384E-3,
,,,13.2448025,-64.000003040E-3,
,,,13.2480021,-56.000001729E-3,
,,,13.2512026,-68.000003695E-3,
,,,13.2544022,-72.000004351E-3,
,,,13.2576017,-68.000003695E-3,
,,,13.2608023,-68.000003695E-3,
,,,13.2640018,-64.000003040E-3,
,,,13.2672024,-60.000002384E-3,
,,,13.2704020,-68.000003695E-3,
,,,13.2736025,-72.000004351E-3,
,,,13.2768021,-60.000002384E-3,
,,,13.2800026,-60.000002384E-3,
,,,13.2832022,-64.000003040E-3,
,,,13.2864017,-56.000001729E-3,
,,,13.2896023,-52.00000107E-3,
,,,13.2928019,-52.00000107E-3,
,,,13.2960024,-52.00000107E-3,
,,,13.2992020,-56.000001729E-3,
,,,13.3024025,-52.00000107E-3,
,,,13.3056021,-44.00000349E-3,
,,,13.3088026,-52.00000107E-3,
,,,13.3120022,-56.000001729E-3,
,,,13.3152018,-56.000001729E-3,
,,,13.3184023,-48.00000042E-3,
,,,13.3216019,-52.00000107E-3,
,,,13.3248024,-56.000001729E-3,
,,,13.3280020,-48.00000042E-3,
,,,13.3312025,-48.00000042E-3,
,,,13.3344021,-48.00000042E-3,
,,,13.3376026,-52.00000107E-3,
,,,13.3408022,-52.00000107E-3,
,,,13.3440018,-52.00000107E-3,
,,,13.3472023,-52.00000107E-3,
,,,13.3504019,-60.000002384E-3,
,,,13.3536024,-48.00000042E-3,
,,,13.3568020,-48.00000042E-3,
,,,13.3600025,-52.00000107E-3,
,,,13.3632021,-48.00000042E-3,
,,,13.3664026,-48.00000042E-3,
,,,13.3696022,-48.00000042E-3,
,,,13.3728018,-40.00000283E-3,
,,,13.3760023,-44.00000349E-3,
,,,13.3792019,-40.00000283E-3,
,,,13.3824024,-48.00000042E-3,
,,,13.3856020,-40.00000283E-3,
,,,13.3888025,-44.00000349E-3,
,,,13.3920021,-48.00000042E-3,
,,,13.3952017,-40.00000283E-3,
,,,13.3984022,-40.00000283E-3,
,,,13.4016018,-40.00000283E-3,
,,,13.4048023,-40.00000283E-3,
,,,13.4080019,-40.00000283E-3,
,,,13.4112024,-36.00000218E-3,
,,,13.4144020,-52.00000107E-3,
,,,13.4176025,-52.00000107E-3,
,,,13.4208021,-40.00000283E-3,
,,,13.4240017,-48.00000042E-3,
,,,13.4272022,-40.00000283E-3,
,,,13.4304018,-48.00000042E-3,
,,,13.4336023,-48.00000042E-3,
,,,13.4368019,-44.00000349E-3,
,,,13.4400024,-48.00000042E-3,
,,,13.4432020,-44.00000349E-3,
,,,13.4464025,-48.00000042E-3,
,,,13.4496021,-32.00000152E-3,
,,,13.4528017,-40.00000283E-3,
,,,13.4560022,-36.00000218E-3,
,,,13.4592018,-24.00000021E-3,
,,,13.4624023,-24.00000021E-3,
,,,13.4656019,-16.0000008E-3,
,,,13.4688025,-12.0000001E-3,
,,,13.4720020,-16.0000008E-3,
,,,13.4752026,12.0000001E-3,
,,,13.4784021,8.000000380E-3,
,,,13.4816017,12.0000001E-3,
,,,13.4848022,8.000000380E-3,
,,,13.4880018,24.00000021E-3,
,,,13.4912024,24.00000021E-3,
,,,13.4944019,40.00000283E-3,
,,,13.4976025,48.00000042E-3,
,,,13.5008020,48.00000042E-3,
,,,13.5040026,44.00000349E-3,
,,,13.5072021,56.000001729E-3,
,,,13.5104017,64.000003040E-3,
,,,13.5136023,72.000004351E-3,
,,,13.5168018,76.000005007E-3,
,,,13.5200024,96.000000834E-3,
,,,13.5232019,80.000005662E-3,
,,,13.5264025,108.0000028E-3,
,,,13.5296021,80.000005662E-3,
,,,13.5328026,96.000000834E-3,
,,,13.5360022,100.0000015E-3,
,,,13.5392017,100.0000015E-3,
,,,13.5424023,96.000000834E-3,
,,,13.5456018,88.000006974E-3,
,,,13.5488024,96.000000834E-3,
,,,13.5520020,92.000007629E-3,
,,,13.5552025,88.000006974E-3,
,,,13.5584021,84.000006318E-3,
,,,13.5616026,84.000006318E-3,
,,,13.5648022,88.000006974E-3,
,,,13.5680017,80.000005662E-3,
,,,13.5712023,64.000003040E-3,
,,,13.5744019,68.000003695E-3,
,,,13.5776024,60.000002384E-3,
,,,13.5808020,56.000001729E-3,
,,,13.5840025,64.000003040E-3,
,,,13.5872021,52.00000107E-3,
,,,13.5904026,60.000002384E-3,
,,,13.5936022,48.00000042E-3,
,,,13.5968018,44.00000349E-3,
,,,13.6000023,36.00000218E-3,
,,,13.6032019,48.00000042E-3,
,,,13.6064024,40.00000283E-3,
,,,13.6096020,28.00000086E-3,
,,,13.6128025,52.00000107E-3,
,,,13.6160021,36.00000218E-3,
,,,13.6192026,32.00000152E-3,
,,,13.6224022,32.00000152E-3,
,,,13.6256018,28.00000086E-3,
,,,13.6288023,28.00000086E-3,
,,,13.6320019,28.00000086E-3,
,,,13.6352024,24.00000021E-3,
,,,13.6384020,20.0000014E-3,
,,,13.6416025,20.0000014E-3,
,,,13.6448021,20.0000014E-3,
,,,13.6480026,16.0000008E-3,
,,,13.6512022,12.0000001E-3,
,,,13.6544018,4.00000019E-3,
,,,13.6576023,0.0,
,,,13.6608019,-4.00000019E-3,
,,,13.6640024,-28.00000086E-3,
,,,13.6672020,-12.0000001E-3,
,,,13.6704025,-24.00000021E-3,
,,,13.6736021,-32.00000152E-3,
,,,13.6768026,-36.00000218E-3,
,,,13.6800022,-44.00000349E-3,
,,,13.6832018,-52.00000107E-3,
,,,13.6864023,-68.000003695E-3,
,,,13.6896019,-76.000005007E-3,
,,,13.6928024,-68.000003695E-3,
,,,13.6960020,-80.000005662E-3,
,,,13.6992025,-88.000006974E-3,
,,,13.7024021,-88.000006974E-3,
,,,13.7056026,-88.000006974E-3,
,,,13.7088022,-104.0000021E-3,
,,,13.7120018,-96.000000834E-3,
,,,13.7152023,-92.000007629E-3,
,,,13.7184019,-96.000000834E-3,
,,,13.7216024,-96.000000834E-3,
,,,13.7248020,-88.000006974E-3,
,,,13.7280025,-88.000006974E-3,
,,,13.7312021,-88.000006974E-3,
,,,13.7344017,-76.000005007E-3,
,,,13.7376022,-72.000004351E-3,
,,,13.7408018,-64.000003040E-3,
,,,13.7440023,-52.00000107E-3,
,,,13.7472019,-48.00000042E-3,
,,,13.7504025,-32.00000152E-3,
,,,13.7536020,-24.00000021E-3,
,,,13.7568026,-4.00000019E-3,
,,,13.7600021,8.000000380E-3,
,,,13.7632017,16.0000008E-3,
,,,13.7664022,40.00000283E-3,
,,,13.7696018,36.00000218E-3,
,,,13.7728024,44.00000349E-3,
,,,13.7760019,56.000001729E-3,
,,,13.7792025,84.000006318E-3,
,,,13.7824020,72.000004351E-3,
,,,13.7856026,84.000006318E-3,
,,,13.7888021,84.000006318E-3,
,,,13.7920017,84.000006318E-3,
,,,13.7952023,96.000000834E-3,
,,,13.7984018,108.0000028E-3,
,,,13.8016024,112.0000035E-3,
,,,13.8048019,108.0000028E-3,
,,,13.8080025,124.0000054E-3,
,,,13.8112020,120.0000048E-3,
,,,13.8144026,124.0000054E-3,
,,,13.8176022,131.9999993E-3,
,,,13.8208017,136.0000074E-3,
,,,13.8240023,140.0000006E-3,
,,,13.8272018,152.00001001E-3,
,,,13.8304024,140.0000006E-3,
,,,13.8336020,144.0000087E-3,
,,,13.8368025,156.00000322E-3,
,,,13.8400021,160.00001132E-3,
,,,13.8432026,144.0000087E-3,
,,,13.8464022,156.00000322E-3,
,,,13.8496017,144.0000087E-3,
,,,13.8528023,144.0000087E-3,
,,,13.8560019,140.0000006E-3,
,,,13.8592024,140.0000006E-3,
,,,13.8624020,136.0000074E-3,
,,,13.8656025,131.9999993E-3,
,,,13.8688021,124.0000054E-3,
,,,13.8720026,116.0000041E-3,
,,,13.8752022,124.0000054E-3,
,,,13.8784018,124.0000054E-3,
,,,13.8816023,116.0000041E-3,
,,,13.8848019,120.0000048E-3,
,,,13.8880024,116.0000041E-3,
,,,13.8912020,100.0000015E-3,
,,,13.8944025,112.0000035E-3,
,,,13.8976021,96.000000834E-3,
,,,13.9008026,88.000006974E-3,
,,,13.9040022,76.000005007E-3,
,,,13.9072018,64.000003040E-3,
,,,13.9104023,76.000005007E-3,
,,,13.9136019,60.000002384E-3,
,,,13.9168024,44.00000349E-3,
,,,13.9200020,44.00000349E-3,
,,,13.9232025,40.00000283E-3,
,,,13.9264021,8.000000380E-3,
,,,13.9296026,24.00000021E-3,
,,,13.9328022,12.0000001E-3,
,,,13.9360018,4.00000019E-3,
,,,13.9392023,-8.000000380E-3,
,,,13.9424019,-12.0000001E-3,
,,,13.9456024,-28.00000086E-3,
,,,13.9488020,-28.00000086E-3,
,,,13.9520025,-44.00000349E-3,
,,,13.9552021,-48.00000042E-3,
,,,13.9584026,-60.000002384E-3,
,,,13.9616022,-60.000002384E-3,
,,,13.9648018,-64.000003040E-3,
,,,13.9680023,-88.000006974E-3,
,,,13.9712019,-76.000005007E-3,
,,,13.9744024,-92.000007629E-3,
,,,13.9776020,-96.000000834E-3,
,,,13.9808025,-112.0000035E-3,
,,,13.9840021,-124.0000054E-3,
,,,13.9872026,-124.0000054E-3,
,,,13.9904022,-152.00001001E-3,
,,,13.9936018,-152.00001001E-3,
,,,13.9968023,-160.00001132E-3,
,,,14.0000019,-180.00000715E-3,
,,,14.0032024,-180.00000715E-3,
,,,14.0064020,-176.00001395E-3,
,,,14.0096025,-184.00001526E-3,
,,,14.0128021,-196.00000978E-3,
,,,14.0160027,-184.00001526E-3,
,,,14.0192022,-188.00000846E-3,
,,,14.0224018,-196.00000978E-3,
,,,14.0256023,-196.00000978E-3,
,,,14.0288019,-180.00000715E-3,
,,,14.0320024,-188.00000846E-3,
,,,14.0352020,-184.00001526E-3,
,,,14.0384026,-176.00001395E-3,
,,,14.0416021,-172.00000584E-3,
,,,14.0448017,-160.00001132E-3,
,,,14.0480022,-152.00001001E-3,
,,,14.0512018,-148.0000019E-3,
,,,14.0544024,-131.9999993E-3,
,,,14.0576019,-116.0000041E-3,
,,,14.0608025,-100.0000015E-3,
,,,14.0640020,-96.000000834E-3,
,,,14.0672026,-84.000006318E-3,
,,,14.0704021,-72.000004351E-3,
,,,14.0736017,-52.00000107E-3,
,,,14.0768023,-36.00000218E-3,
,,,14.0800018,-28.00000086E-3,
,,,14.0832024,-12.0000001E-3,
,,,14.0864019,4.00000019E-3,
,,,14.0896025,16.0000008E-3,
,,,14.0928020,24.00000021E-3,
,,,14.0960026,20.0000014E-3,
,,,14.0992022,28.00000086E-3,
,,,14.1024017,36.00000218E-3,
,,,14.1056023,40.00000283E-3,
,,,14.1088018,56.000001729E-3,
,,,14.1120024,64.000003040E-3,
,,,14.1152020,60.000002384E-3,
,,,14.1184025,64.000003040E-3,
,,,14.1216021,56.000001729E-3,
,,,14.1248026,76.000005007E-3,
,,,14.1280022,72.000004351E-3,
,,,14.1312017,76.000005007E-3,
,,,14.1344023,80.000005662E-3,
,,,14.1376019,76.000005007E-3,
,,,14.1408024,68.000003695E-3,
,,,14.1440020,76.000005007E-3,
,,,14.1472025,84.000006318E-3,
,,,14.1504021,76.000005007E-3,
,,,14.1536026,84.000006318E-3,
,,,14.1568022,80.000005662E-3,
,,,14.1600018,80.000005662E-3,
,,,14.1632023,76.000005007E-3,
,,,14.1664019,64.000003040E-3,
,,,14.1696024,68.000003695E-3,
,,,14.1728020,72.000004351E-3,
,,,14.1760025,72.000004351E-3,
,,,14.1792021,72.000004351E-3,
,,,14.1824026,68.000003695E-3,
,,,14.1856022,68.000003695E-3,
,,,14.1888018,68.000003695E-3,
,,,14.1920023,64.000003040E-3,
,,,14.1952019,64.000003040E-3,
,,,14.1984024,68.000003695E-3,
,,,14.2016020,64.000003040E-3,
,,,14.2048025,56.000001729E-3,
,,,14.2080021,56.000001729E-3,
,,,14.2112026,56.000001729E-3,
,,,14.2144022,52.00000107E-3,
,,,14.2176018,52.00000107E-3,
,,,14.2208023,48.00000042E-3,
,,,14.2240019,44.00000349E-3,
,,,14.2272024,44.00000349E-3,
,,,14.2304020,28.00000086E-3,
,,,14.2336025,24.00000021E-3,
,,,14.2368021,12.0000001E-3,
,,,14.2400026,8.000000380E-3,
,,,14.2432022,12.0000001E-3,
,,,14.2464018,4.00000019E-3,
,,,14.2496023,8.000000380E-3,
,,,14.2528019,8.000000380E-3,
,,,14.2560024,-4.00000019E-3,
,,,14.2592020,-8.000000380E-3,
,,,14.2624025,0.0,
,,,14.2656021,-20.0000014E-3,
,,,14.2688026,-20.0000014E-3,
,,,14.2720022,-20.0000014E-3,
,,,14.2752018,-16.0000008E-3,
,,,14.2784023,-20.0000014E-3,
,,,14.2816019,-32.00000152E-3,
,,,14.2848024,-24.00000021E-3,
,,,14.2880020,-24.00000021E-3,
,,,14.2912025,-32.00000152E-3,
,,,14.2944021,-40.00000283E-3,
,,,14.2976027,-44.00000349E-3,
,,,14.3008022,-48.00000042E-3,
,,,14.3040018,-52.00000107E-3,
,,,14.3072023,-72.000004351E-3,
,,,14.3104019,-64.000003040E-3,
,,,14.3136024,-64.000003040E-3,
,,,14.3168020,-68.000003695E-3,
,,,14.3200026,-76.000005007E-3,
,,,14.3232021,-84.000006318E-3,
,,,14.3264027,-96.000000834E-3,
,,,14.3296022,-76.000005007E-3,
,,,14.3328018,-84.000006318E-3,
,,,14.3360023,-96.000000834E-3,
,,,14.3392019,-100.0000015E-3,
,,,14.3424025,-100.0000015E-3,
,,,14.3456020,-96.000000834E-3,
,,,14.3488026,-96.000000834E-3,
,,,14.3520021,-112.0000035E-3,
,,,14.3552027,-100.0000015E-3,
,,,14.3584023,-108.0000028E-3,
,,,14.3616018,-100.0000015E-3,
,,,14.3648024,-100.0000015E-3,
,,,14.3680019,-108.0000028E-3,
,,,14.3712025,-96.000000834E-3,
,,,14.3744020,-96.000000834E-3,
,,,14.3776026,-100.0000015E-3,
,,,14.3808022,-96.000000834E-3,
,,,14.3840017,-88.000006974E-3,
,,,14.3872023,-88.000006974E-3,
,,,14.3904018,-80.000005662E-3,
,,,14.3936024,-88.000006974E-3,
,,,14.3968019,-84.000006318E-3,
,,,14.4000025,-72.000004351E-3,
,,,14.4032021,-76.000005007E-3,
,,,14.4064026,-64.000003040E-3,
,,,14.4096022,-60.000002384E-3,
,,,14.4128017,-68.000003695E-3,
,,,14.4160023,-48.00000042E-3,
,,,14.4192019,-40.00000283E-3,
,,,14.4224024,-32.00000152E-3,
,,,14.4256020,-40.00000283E-3,
,,,14.4288025,-32.00000152E-3,
,,,14.4320021,-8.000000380E-3,
,,,14.4352026,-8.000000380E-3,
,,,14.4384022,-4.00000019E-3,
,,,14.4416018,0.0,
,,,14.4448023,0.0,
,,,14.4480019,8.000000380E-3,
,,,14.4512024,20.0000014E-3,
,,,14.4544020,24.00000021E-3,
,,,14.4576025,24.00000021E-3,
,,,14.4608021,32.00000152E-3,
,,,14.4640026,40.00000283E-3,
,,,14.4672022,32.00000152E-3,
,,,14.4704018,48.00000042E-3,
,,,14.4736023,44.00000349E-3,
,,,14.4768019,40.00000283E-3,
,,,14.4800024,60.000002384E-3,
,,,14.4832020,60.000002384E-3,
,,,14.4864025,52.00000107E-3,
,,,14.4896021,64.000003040E-3,
,,,14.4928026,60.000002384E-3,
,,,14.4960022,52.00000107E-3,
,,,14.4992018,60.000002384E-3,
,,,14.5024023,56.000001729E-3,
,,,14.5056019,52.00000107E-3,
,,,14.5088024,64.000003040E-3,
,,,14.5120020,48.00000042E-3,
,,,14.5152025,36.00000218E-3,
,,,14.5184021,44.00000349E-3,
,,,14.5216026,40.00000283E-3,
,,,14.5248022,32.00000152E-3,
,,,14.5280018,20.0000014E-3,
,,,14.5312023,24.00000021E-3,
,,,14.5344019,32.00000152E-3,
,,,14.5376024,28.00000086E-3,
,,,14.5408020,28.00000086E-3,
,,,14.5440025,24.00000021E-3,
,,,14.5472021,16.0000008E-3,
,,,14.5504026,28.00000086E-3,
,,,14.5536022,20.0000014E-3,
,,,14.5568018,20.0000014E-3,
,,,14.5600023,20.0000014E-3,
,,,14.5632019,20.0000014E-3,
,,,14.5664024,20.0000014E-3,
,,,14.5696020,16.0000008E-3,
,,,14.5728025,4.00000019E-3,
,,,14.5760021,4.00000019E-3,
,,,14.5792027,0.0,
,,,14.5824022,-4.00000019E-3,
,,,14.5856018,0.0,
,,,14.5888023,-12.0000001E-3,
,,,14.5920019,-8.000000380E-3,
,,,14.5952024,-12.0000001E-3,
,,,14.5984020,-24.00000021E-3,
,,,14.6016026,-24.00000021E-3,
,,,14.6048021,-32.00000152E-3,
,,,14.6080027,-24.00000021E-3,
,,,14.6112022,-36.00000218E-3,
,,,14.6144018,-40.00000283E-3,
,,,14.6176023,-40.00000283E-3,
,,,14.6208019,-48.00000042E-3,
,,,14.6240025,-44.00000349E-3,
,,,14.6272020,-52.00000107E-3,
,,,14.6304026,-48.00000042E-3,
,,,14.6336021,-48.00000042E-3,
,,,14.6368027,-64.000003040E-3,
,,,14.6400023,-48.00000042E-3,
,,,14.6432018,-44.00000349E-3,
,,,14.6464024,-28.00000086E-3,
,,,14.6496019,-44.00000349E-3,
,,,14.6528025,-28.00000086E-3,
,,,14.6560020,-28.00000086E-3,
,,,14.6592026,-24.00000021E-3,
,,,14.6624022,-16.0000008E-3,
,,,14.6656027,-20.0000014E-3,
,,,14.6688023,-8.000000380E-3,
,,,14.6720018,-4.00000019E-3,
,,,14.6752024,0.0,
,,,14.6784019,4.00000019E-3,
,,,14.6816025,12.0000001E-3,
,,,14.6848021,12.0000001E-3,
,,,14.6880026,8.000000380E-3,
,,,14.6912022,16.0000008E-3,
,,,14.6944027,24.00000021E-3,
,,,14.6976023,20.0000014E-3,
,,,14.7008018,24.00000021E-3,
,,,14.7040024,32.00000152E-3,
,,,14.7072020,40.00000283E-3,
,,,14.7104025,40.00000283E-3,
,,,14.7136021,36.00000218E-3,
,,,14.7168026,32.00000152E-3,
,,,14.7200022,48.00000042E-3,
,,,14.7232018,36.00000218E-3,
,,,14.7264023,36.00000218E-3,
,,,14.7296019,36.00000218E-3,
,,,14.7328024,36.00000218E-3,
,,,14.7360020,20.0000014E-3,
,,,14.7392025,36.00000218E-3,
,,,14.7424021,28.00000086E-3,
,,,14.7456026,28.00000086E-3,
,,,14.7488022,24.00000021E-3,
,,,14.7520018,24.00000021E-3,
,,,14.7552023,16.0000008E-3,
,,,14.7584019,8.000000380E-3,
,,,14.7616024,4.00000019E-3,
,,,14.7648020,4.00000019E-3,
,,,14.7680025,-20.0000014E-3,
,,,14.7712021,-20.0000014E-3,
,,,14.7744026,-24.00000021E-3,
,,,14.7776022,-28.00000086E-3,
,,,14.7808018,-44.00000349E-3,
,,,14.7840023,-48.00000042E-3,
,,,14.7872019,-40.00000283E-3,
,,,14.7904024,-56.000001729E-3,
,,,14.7936020,-60.000002384E-3,
,,,14.7968025,-80.000005662E-3,
,,,14.8000021,-84.000006318E-3,
,,,14.8032026,-88.000006974E-3,
,,,14.8064022,-84.000006318E-3,
,,,14.8096018,-96.000000834E-3,
,,,14.8128023,-92.000007629E-3,
,,,14.8160019,-100.0000015E-3,
,,,14.8192024,-100.0000015E-3,
,,,14.8224020,-88.000006974E-3,
,,,14.8256025,-96.000000834E-3,
,,,14.8288021,-76.000005007E-3,
,,,14.8320026,-80.000005662E-3,
,,,14.8352022,-68.000003695E-3,
,,,14.8384018,-60.000002384E-3,
,,,14.8416023,-60.000002384E-3,
,,,14.8448019,-52.00000107E-3,
,,,14.8480024,-44.00000349E-3,
,,,14.8512020,-52.00000107E-3,
,,,14.8544025,-44.00000349E-3,
,,,14.8576021,-40.00000283E-3,
,,,14.8608027,-40.00000283E-3,
,,,14.8640022,-36.00000218E-3,
,,,14.8672018,-28.00000086E-3,
,,,14.8704023,-28.00000086E-3,
,,,14.8736019,-20.0000014E-3,
,,,14.8768024,-16.0000008E-3,
,,,14.8800020,-24.00000021E-3,
,,,14.8832026,-16.0000008E-3,
,,,14.8864021,-16.0000008E-3,
,,,14.8896027,-12.0000001E-3,
,,,14.8928022,-4.00000019E-3,
,,,14.8960018,-12.0000001E-3,
,,,14.8992023,-8.000000380E-3,
,,,14.9024019,-4.00000019E-3,
,,,14.9056025,-8.000000380E-3,
,,,14.9088020,-8.000000380E-3,
,,,14.9120026,-4.00000019E-3,
,,,14.9152021,-4.00000019E-3,
,,,14.9184027,4.00000019E-3,
,,,14.9216022,0.0,
,,,14.9248018,16.0000008E-3,
,,,14.9280024,16.0000008E-3,
,,,14.9312019,12.0000001E-3,
,,,14.9344025,20.0000014E-3,
,,,14.9376020,12.0000001E-3,
,,,14.9408026,24.00000021E-3,
,,,14.9440022,24.00000021E-3,
,,,14.9472027,24.00000021E-3,
,,,14.9504023,44.00000349E-3,
,,,14.9536018,32.00000152E-3,
,,,14.9568024,24.00000021E-3,
,,,14.9600019,48.00000042E-3,
,,,14.9632025,44.00000349E-3,
,,,14.9664021,44.00000349E-3,
,,,14.9696026,52.00000107E-3,
,,,14.9728022,44.00000349E-3,
,,,14.9760027,52.00000107E-3,
,,,14.9792023,44.00000349E-3,
,,,14.9824018,44.00000349E-3,
,,,14.9856024,52.00000107E-3,
,,,14.9888020,44.00000349E-3,
,,,14.9920025,40.00000283E-3,
,,,14.9952021,40.00000283E-3,
,,,14.9984026,36.00000218E-3,
,,,15.0016022,32.00000152E-3,
,,,15.0048027,12.0000001E-3,
,,,15.0080023,24.00000021E-3,
,,,15.0112019,32.00000152E-3,
,,,15.0144024,20.0000014E-3,
,,,15.0176020,20.0000014E-3,
,,,15.0208025,16.0000008E-3,
,,,15.0240021,24.00000021E-3,
,,,15.0272026,20.0000014E-3,
,,,15.0304022,12.0000001E-3,
,,,15.0336018,4.00000019E-3,
,,,15.0368023,20.0000014E-3,
,,,15.0400019,-4.00000019E-3,
,,,15.0432024,20.0000014E-3,
,,,15.0464020,12.0000001E-3,
,,,15.0496025,12.0000001E-3,
,,,15.0528021,32.00000152E-3,
,,,15.0560026,24.00000021E-3,
,,,15.0592022,24.00000021E-3,
,,,15.0624018,16.0000008E-3,
,,,15.0656023,24.00000021E-3,
,,,15.0688019,28.00000086E-3,
,,,15.0720024,24.00000021E-3,
,,,15.0752020,36.00000218E-3,
,,,15.0784025,32.00000152E-3,
,,,15.0816021,36.00000218E-3,
,,,15.0848026,40.00000283E-3,
,,,15.0880022,36.00000218E-3,
,,,15.0912018,48.00000042E-3,
,,,15.0944023,36.00000218E-3,
,,,15.0976019,40.00000283E-3,
,,,15.1008024,36.00000218E-3,
,,,15.1040020,40.00000283E-3,
,,,15.1072025,40.00000283E-3,
,,,15.1104021,32.00000152E-3,
,,,15.1136026,28.00000086E-3,
,,,15.1168022,28.00000086E-3,
,,,15.1200018,28.00000086E-3,
,,,15.1232023,20.0000014E-3,
,,,15.1264019,24.00000021E-3,
,,,15.1296024,12.0000001E-3,
,,,15.1328020,12.0000001E-3,
,,,15.1360025,8.000000380E-3,
,,,15.1392021,12.0000001E-3,
,,,15.1424026,8.000000380E-3,
,,,15.1456022,-8.000000380E-3,
,,,15.1488018,4.00000019E-3,
,,,15.1520023,-8.000000380E-3,
,,,15.1552019,0.0,
,,,15.1584024,-4.00000019E-3,
,,,15.1616020,-8.000000380E-3,
,,,15.1648026,-8.000000380E-3,
,,,15.1680021,-8.000000380E-3,
,,,15.1712027,-20.0000014E-3,
,,,15.1744022,-12.0000001E-3,
,,,15.1776018,-16.0000008E-3,
,,,15.1808023,-16.0000008E-3,
,,,15.1840019,-16.0000008E-3,
,,,15.1872025,-24.00000021E-3,
,,,15.1904020,-24.00000021E-3,
,,,15.1936026,-16.0000008E-3,
,,,15.1968021,-28.00000086E-3,
,,,15.2000027,-20.0000014E-3,
,,,15.2032022,-32.00000152E-3,
,,,15.2064018,-28.00000086E-3,
,,,15.2096024,-28.00000086E-3,
,,,15.2128019,-40.00000283E-3,
,,,15.2160025,-32.00000152E-3,
,,,15.2192020,-32.00000152E-3,
,,,15.2224026,-32.00000152E-3,
,,,15.2256021,-32.00000152E-3,
,,,15.2288027,-24.00000021E-3,
,,,15.2320023,-24.00000021E-3,
,,,15.2352018,-24.00000021E-3,
,,,15.2384024,-24.00000021E-3,
,,,15.2416019,-24.00000021E-3,
,,,15.2448025,-16.0000008E-3,
,,,15.2480021,-12.0000001E-3,
,,,15.2512026,-20.0000014E-3,
,,,15.2544022,-12.0000001E-3,
,,,15.2576027,-12.0000001E-3,
,,,15.2608023,-8.000000380E-3,
,,,15.2640018,0.0,
,,,15.2672024,-4.00000019E-3,
,,,15.2704020,-4.00000019E-3,
,,,15.2736025,-4.00000019E-3,
,,,15.2768021,8.000000380E-3,
,,,15.2800026,20.0000014E-3,
,,,15.2832022,16.0000008E-3,
,,,15.2864027,4.00000019E-3,
,,,15.2896023,4.00000019E-3,
,,,15.2928019,4.00000019E-3,
,,,15.2960024,8.000000380E-3,
,,,15.2992020,4.00000019E-3,
,,,15.3024025,0.0,
,,,15.3056021,-8.000000380E-3,
,,,15.3088026,-12.0000001E-3,
,,,15.3120022,0.0,
,,,15.3152027,-8.000000380E-3,
,,,15.3184023,-8.000000380E-3,
,,,15.3216019,0.0,
,,,15.3248024,-4.00000019E-3,
,,,15.3280020,-16.0000008E-3,
,,,15.3312025,0.0,
,,,15.3344021,-4.00000019E-3,
,,,15.3376026,0.0,
,,,15.3408022,-4.00000019E-3,
,,,15.3440027,0.0,
,,,15.3472023,4.00000019E-3,
,,,15.3504019,-4.00000019E-3,
,,,15.3536024,-12.0000001E-3,
,,,15.3568020,-8.000000380E-3,
,,,15.3600025,-8.000000380E-3,
,,,15.3632021,0.0,
,,,15.3664026,-16.0000008E-3,
,,,15.3696022,0.0,
,,,15.3728018,-4.00000019E-3,
,,,15.3760023,0.0,
,,,15.3792019,8.000000380E-3,
,,,15.3824024,8.000000380E-3,
,,,15.3856020,12.0000001E-3,
,,,15.3888025,16.0000008E-3,
,,,15.3920021,24.00000021E-3,
,,,15.3952026,28.00000086E-3,
,,,15.3984022,32.00000152E-3,
,,,15.4016018,36.00000218E-3,
,,,15.4048023,52.00000107E-3,
,,,15.4080019,40.00000283E-3,
,,,15.4112024,60.000002384E-3,
,,,15.4144020,56.000001729E-3,
,,,15.4176025,68.000003695E-3,
,,,15.4208021,60.000002384E-3,
,,,15.4240026,68.000003695E-3,
,,,15.4272022,64.000003040E-3,
,,,15.4304018,76.000005007E-3,
,,,15.4336023,76.000005007E-3,
,,,15.4368019,84.000006318E-3,
,,,15.4400024,64.000003040E-3,
,,,15.4432020,84.000006318E-3,
,,,15.4464025,76.000005007E-3,
,,,15.4496021,72.000004351E-3,
,,,15.4528027,76.000005007E-3,
,,,15.4560022,72.000004351E-3,
,,,15.4592018,76.000005007E-3,
,,,15.4624023,60.000002384E-3,
,,,15.4656019,72.000004351E-3,
,,,15.4688025,56.000001729E-3,
,,,15.4720020,48.00000042E-3,
,,,15.4752026,52.00000107E-3,
,,,15.4784021,36.00000218E-3,
,,,15.4816027,28.00000086E-3,
,,,15.4848022,28.00000086E-3,
,,,15.4880018,16.0000008E-3,
,,,15.4912024,4.00000019E-3,
,,,15.4944019,8.000000380E-3,
,,,15.4976025,0.0,
,,,15.5008020,-12.0000001E-3,
,,,15.5040026,-12.0000001E-3,
,,,15.5072021,-20.0000014E-3,
,,,15.5104027,-24.00000021E-3,
,,,15.5136023,-16.0000008E-3,
,,,15.5168018,-28.00000086E-3,
,,,15.5200024,-28.00000086E-3,
,,,15.5232019,-36.00000218E-3,
,,,15.5264025,-36.00000218E-3,
,,,15.5296021,-36.00000218E-3,
,,,15.5328026,-44.00000349E-3,
,,,15.5360022,-48.00000042E-3,
,,,15.5392027,-48.00000042E-3,
,,,15.5424023,-80.000005662E-3,
,,,15.5456018,-48.00000042E-3,
,,,15.5488024,-48.00000042E-3,
,,,15.5520020,-60.000002384E-3,
,,,15.5552025,-64.000003040E-3,
,,,15.5584021,-56.000001729E-3,
,,,15.5616026,-56.000001729E-3,
,,,15.5648022,-60.000002384E-3,
,,,15.5680027,-56.000001729E-3,
,,,15.5712023,-60.000002384E-3,
,,,15.5744019,-60.000002384E-3,
,,,15.5776024,-64.000003040E-3,
,,,15.5808020,-56.000001729E-3,
,,,15.5840025,-52.00000107E-3,
,,,15.5872021,-52.00000107E-3,
,,,15.5904026,-64.000003040E-3,
,,,15.5936022,-52.00000107E-3,
,,,15.5968027,-36.00000218E-3,
,,,15.6000023,-32.00000152E-3,
,,,15.6032019,-32.00000152E-3,
,,,15.6064024,-40.00000283E-3,
,,,15.6096020,-28.00000086E-3,
,,,15.6128025,-16.0000008E-3,
,,,15.6160021,-20.0000014E-3,
,,,15.6192026,-8.000000380E-3,
,,,15.6224022,-16.0000008E-3,
,,,15.6256027,-4.00000019E-3,
,,,15.6288023,-4.00000019E-3,
,,,15.6320019,-4.00000019E-3,
,,,15.6352024,-12.0000001E-3,
,,,15.6384020,-8.000000380E-3,
,,,15.6416025,-12.0000001E-3,
,,,15.6448021,-4.00000019E-3,
,,,15.6480026,-16.0000008E-3,
,,,15.6512022,-8.000000380E-3,
,,,15.6544027,-28.00000086E-3,
,,,15.6576023,-20.0000014E-3,
,,,15.6608019,-16.0000008E-3,
,,,15.6640024,-20.0000014E-3,
,,,15.6672020,-8.000000380E-3,
,,,15.6704025,-4.00000019E-3,
,,,15.6736021,8.000000380E-3,
,,,15.6768026,16.0000008E-3,
,,,15.6800022,12.0000001E-3,
,,,15.6832018,8.000000380E-3,
,,,15.6864023,24.00000021E-3,
,,,15.6896019,20.0000014E-3,
,,,15.6928024,28.00000086E-3,
,,,15.6960020,28.00000086E-3,
,,,15.6992025,20.0000014E-3,
,,,15.7024021,28.00000086E-3,
,,,15.7056026,52.00000107E-3,
,,,15.7088022,32.00000152E-3,
,,,15.7120018,36.00000218E-3,
,,,15.7152023,36.00000218E-3,
,,,15.7184019,28.00000086E-3,
,,,15.7216024,32.00000152E-3,
,,,15.7248020,16.0000008E-3,
,,,15.7280025,20.0000014E-3,
,,,15.7312021,36.00000218E-3,
,,,15.7344027,28.00000086E-3,
,,,15.7376022,28.00000086E-3,
,,,15.7408018,20.0000014E-3,
,,,15.7440023,24.00000021E-3,
,,,15.7472019,16.0000008E-3,
,,,15.7504025,24.00000021E-3,
,,,15.7536020,32.00000152E-3,
,,,15.7568026,24.00000021E-3,
,,,15.7600021,20.0000014E-3,
,,,15.7632027,24.00000021E-3,
,,,15.7664022,16.0000008E-3,
,,,15.7696018,16.0000008E-3,
,,,15.7728024,20.0000014E-3,
,,,15.7760019,24.00000021E-3,
,,,15.7792025,8.000000380E-3,
,,,15.7824020,8.000000380E-3,
,,,15.7856026,20.0000014E-3,
,,,15.7888021,24.00000021E-3,
,,,15.7920027,16.0000008E-3,
,,,15.7952023,8.000000380E-3,
,,,15.7984018,8.000000380E-3,
,,,15.8016024,4.00000019E-3,
,,,15.8048019,12.0000001E-3,
,,,15.8080025,8.000000380E-3,
,,,15.8112020,12.0000001E-3,
,,,15.8144026,8.000000380E-3,
,,,15.8176022,4.00000019E-3,
,,,15.8208027,-12.0000001E-3,
,,,15.8240023,0.0,
,,,15.8272018,-4.00000019E-3,
,,,15.8304024,4.00000019E-3,
,,,15.8336020,4.00000019E-3,
,,,15.8368025,4.00000019E-3,
,,,15.8400021,0.0,
,,,15.8432026,-4.00000019E-3,
,,,15.8464022,0.0,
,,,15.8496027,-8.000000380E-3,
,,,15.8528023,-12.0000001E-3,
,,,15.8560019,-16.0000008E-3,
,,,15.8592024,-8.000000380E-3,
,,,15.8624020,-24.00000021E-3,
,,,15.8656025,-28.00000086E-3,
,,,15.8688021,-20.0000014E-3,
,,,15.8720026,-20.0000014E-3,
,,,15.8752022,-20.0000014E-3,
,,,15.8784027,-20.0000014E-3,
,,,15.8816023,-20.0000014E-3,
,,,15.8848019,-24.00000021E-3,
,,,15.8880024,-12.0000001E-3,
,,,15.8912020,-28.00000086E-3,
,,,15.8944025,-16.0000008E-3,
,,,15.8976021,-16.0000008E-3,
,,,15.9008026,-8.000000380E-3,
,,,15.9040022,-16.0000008E-3,
,,,15.9072027,-20.0000014E-3,
,,,15.9104023,-24.00000021E-3,
,,,15.9136019,-12.0000001E-3,
,,,15.9168024,-12.0000001E-3,
,,,15.9200020,-12.0000001E-3,
,,,15.9232025,-8.000000380E-3,
,,,15.9264021,-12.0000001E-3,
,,,15.9296026,-8.000000380E-3,
,,,15.9328022,-12.0000001E-3,
,,,15.9360027,-12.0000001E-3,
,,,15.9392023,-8.000000380E-3,
,,,15.9424019,-4.00000019E-3,
,,,15.9456024,-8.000000380E-3,
,,,15.9488020,-20.0000014E-3,
,,,15.9520025,-4.00000019E-3,
,,,15.9552021,0.0,
,,,15.9584026,0.0,
,,,15.9616022,8.000000380E-3,
,,,15.9648027,0.0,
,,,15.9680023,-4.00000019E-3,
,,,15.9712019,12.0000001E-3,
,,,15.9744024,4.00000019E-3,
,,,15.9776020,8.000000380E-3,
,,,15.9808025,16.0000008E-3,
,,,15.9840021,12.0000001E-3,
,,,15.9872026,8.000000380E-3,
,,,15.9904022,16.0000008E-3,
,,,15.9936028,4.00000019E-3,
,,,15.9968023,8.000000380E-3,
,,,16.0000019,8.000000380E-3,
,,,16.0032024,16.0000008E-3,
,,,16.0064030,0.0,
,,,16.0096016,8.000000380E-3,
,,,16.0128021,16.0000008E-3,
,,,16.0160027,12.0000001E-3,
,,,16.0192032,8.000000380E-3,
,,,16.0224018,12.0000001E-3,
,,,16.0256023,12.0000001E-3,
,,,16.0288029,16.0000008E-3,
,,,16.0320015,4.00000019E-3,
,,,16.0352020,4.00000019E-3,
,,,16.0384026,0.0,
,,,16.0416031,-4.00000019E-3,
,,,16.0448017,4.00000019E-3,
,,,16.0480022,-8.000000380E-3,
,,,16.0512028,-4.00000019E-3,
,,,16.0544014,-20.0000014E-3,
,,,16.0576019,-12.0000001E-3,
,,,16.0608025,-12.0000001E-3,
,,,16.0640030,-12.0000001E-3,
,,,16.0672016,-8.000000380E-3,
,,,16.0704021,-12.0000001E-3,
,,,16.0736027,4.00000019E-3,
,,,16.0768032,-16.0000008E-3,
,,,16.0800018,-12.0000001E-3,
,,,16.0832024,-4.00000019E-3,
,,,16.0864029,-16.0000008E-3,
,,,16.0896015,-16.0000008E-3,
,,,16.0928020,-16.0000008E-3,
,,,16.0960026,-12.0000001E-3,
,,,16.0992031,-16.0000008E-3,
,,,16.1024017,-12.0000001E-3,
,,,16.1056023,-20.0000014E-3,
,,,16.1088028,-8.000000380E-3,
,,,16.1120014,-16.0000008E-3,
,,,16.1152020,-28.00000086E-3,
,,,16.1184025,-16.0000008E-3,
,,,16.1216030,-16.0000008E-3,
,,,16.1248016,-16.0000008E-3,
,,,16.1280022,-20.0000014E-3,
,,,16.1312027,-16.0000008E-3,
,,,16.1344032,-16.0000008E-3,
,,,16.1376019,-16.0000008E-3,
,,,16.1408024,0.0,
,,,16.1440029,-12.0000001E-3,
,,,16.1472015,-8.000000380E-3,
,,,16.1504021,-8.000000380E-3,
,,,16.1536026,-4.00000019E-3,
,,,16.1568031,-4.00000019E-3,
,,,16.1600018,-8.000000380E-3,
,,,16.1632023,-8.000000380E-3,
,,,16.1664028,-8.000000380E-3,
,,,16.1696014,-4.00000019E-3,
,,,16.1728020,-8.000000380E-3,
,,,16.1760025,-12.0000001E-3,
,,,16.1792030,-12.0000001E-3,
,,,16.1824017,-12.0000001E-3,
,,,16.1856022,-16.0000008E-3,
,,,16.1888027,-8.000000380E-3,
,,,16.1920013,-4.00000019E-3,
,,,16.1952019,-16.0000008E-3,
,,,16.1984024,-16.0000008E-3,
,,,16.2016029,-12.0000001E-3,
,,,16.2048016,-20.0000014E-3,
,,,16.2080021,-8.000000380E-3,
,,,16.2112026,-20.0000014E-3,
,,,16.2144032,-12.0000001E-3,
,,,16.2176018,-24.00000021E-3,
,,,16.2208023,-24.00000021E-3,
,,,16.2240028,-4.00000019E-3,
,,,16.2272015,-8.000000380E-3,
,,,16.2304020,0.0,
,,,16.2336025,-4.00000019E-3,
,,,16.2368031,-12.0000001E-3,
,,,16.2400017,4.00000019E-3,
,,,16.2432022,8.000000380E-3,
,,,16.2464027,4.00000019E-3,
,,,16.2496014,16.0000008E-3,
,,,16.2528019,8.000000380E-3,
,,,16.2560024,12.0000001E-3,
,,,16.2592030,8.000000380E-3,
,,,16.2624016,8.000000380E-3,
,,,16.2656021,16.0000008E-3,
,,,16.2688026,24.00000021E-3,
,,,16.2720032,20.0000014E-3,
,,,16.2752018,24.00000021E-3,
,,,16.2784023,20.0000014E-3,
,,,16.2816029,28.00000086E-3,
,,,16.2848015,20.0000014E-3,
,,,16.2880020,12.0000001E-3,
,,,16.2912025,16.0000008E-3,
,,,16.2944031,24.00000021E-3,
,,,16.2976017,32.00000152E-3,
,,,16.3008022,8.000000380E-3,
,,,16.3040028,20.0000014E-3,
,,,16.3072014,20.0000014E-3,
,,,16.3104019,20.0000014E-3,
,,,16.3136024,12.0000001E-3,
,,,16.3168030,16.0000008E-3,
,,,16.3200016,16.0000008E-3,
,,,16.3232021,20.0000014E-3,
,,,16.3264027,20.0000014E-3,
,,,16.3296032,20.0000014E-3,
,,,16.3328018,28.00000086E-3,
,,,16.3360023,24.00000021E-3,
,,,16.3392029,24.00000021E-3,
,,,16.3424015,28.00000086E-3,
,,,16.3456020,28.00000086E-3,
,,,16.3488026,36.00000218E-3,
,,,16.3520031,28.00000086E-3,
,,,16.3552017,32.00000152E-3,
,,,16.3584023,32.00000152E-3,
,,,16.3616028,20.0000014E-3,
,,,16.3648014,40.00000283E-3,
,,,16.3680019,40.00000283E-3,
,,,16.3712025,32.00000152E-3,
,,,16.3744030,44.00000349E-3,
,,,16.3776016,36.00000218E-3,
,,,16.3808022,40.00000283E-3,
,,,16.3840027,40.00000283E-3,
,,,16.3872032,40.00000283E-3,
,,,16.3904018,52.00000107E-3,
,,,16.3936024,48.00000042E-3,
,,,16.3968029,48.00000042E-3,
,,,16.4000015,52.00000107E-3,
,,,16.4032021,40.00000283E-3,
,,,16.4064026,44.00000349E-3,
,,,16.4096031,44.00000349E-3,
,,,16.4128017,56.000001729E-3,
,,,16.4160023,44.00000349E-3,
,,,16.4192028,44.00000349E-3,
,,,16.4224014,44.00000349E-3,
,,,16.4256020,40.00000283E-3,
,,,16.4288025,48.00000042E-3,
,,,16.4320030,36.00000218E-3,
,,,16.4352016,32.00000152E-3,
,,,16.4384022,32.00000152E-3,
,,,16.4416027,24.00000021E-3,
,,,16.4448032,24.00000021E-3,
,,,16.4480019,32.00000152E-3,
,,,16.4512024,16.0000008E-3,
,,,16.4544029,16.0000008E-3,
,,,16.4576015,4.00000019E-3,
,,,16.4608021,-12.0000001E-3,
,,,16.4640026,-4.00000019E-3,
,,,16.4672031,0.0,
,,,16.4704018,-32.00000152E-3,
,,,16.4736023,-8.000000380E-3,
,,,16.4768028,-12.0000001E-3,
,,,16.4800014,-16.0000008E-3,
,,,16.4832020,-28.00000086E-3,
,,,16.4864025,-36.00000218E-3,
,,,16.4896030,-32.00000152E-3,
,,,16.4928017,-20.0000014E-3,
,,,16.4960022,-36.00000218E-3,
,,,16.4992027,-48.00000042E-3,
,,,16.5024014,-40.00000283E-3,
,,,16.5056019,-44.00000349E-3,
,,,16.5088024,-40.00000283E-3,
,,,16.5120029,-44.00000349E-3,
,,,16.5152016,-40.00000283E-3,
,,,16.5184021,-48.00000042E-3,
,,,16.5216026,-56.000001729E-3,
,,,16.5248032,-52.00000107E-3,
,,,16.5280018,-56.000001729E-3,
,,,16.5312023,-48.00000042E-3,
,,,16.5344028,-52.00000107E-3,
,,,16.5376015,-48.00000042E-3,
,,,16.5408020,-48.00000042E-3,
,,,16.5440025,-44.00000349E-3,
,,,16.5472031,-52.00000107E-3,
,,,16.5504017,-52.00000107E-3,
,,,16.5536022,-40.00000283E-3,
,,,16.5568027,-36.00000218E-3,
,,,16.5600014,-32.00000152E-3,
,,,16.5632019,-20.0000014E-3,
,,,16.5664024,-24.00000021E-3,
,,,16.5696030,0.0,
,,,16.5728016,-4.00000019E-3,
,,,16.5760021,-8.000000380E-3,
,,,16.5792027,4.00000019E-3,
,,,16.5824032,12.0000001E-3,
,,,16.5856018,20.0000014E-3,
,,,16.5888023,20.0000014E-3,
,,,16.5920029,20.0000014E-3,
,,,16.5952015,32.00000152E-3,
,,,16.5984020,48.00000042E-3,
,,,16.6016026,48.00000042E-3,
,,,16.6048031,52.00000107E-3,
,,,16.6080017,60.000002384E-3,
,,,16.6112022,56.000001729E-3,
,,,16.6144028,68.000003695E-3,
,,,16.6176014,60.000002384E-3,
,,,16.6208019,60.000002384E-3,
,,,16.6240025,72.000004351E-3,
,,,16.6272030,76.000005007E-3,
,,,16.6304016,76.000005007E-3,
,,,16.6336021,84.000006318E-3,
,,,16.6368027,84.000006318E-3,
,,,16.6400032,84.000006318E-3,
,,,16.6432018,80.000005662E-3,
,,,16.6464024,88.000006974E-3,
,,,16.6496029,72.000004351E-3,
,,,16.6528015,68.000003695E-3,
,,,16.6560020,64.000003040E-3,
,,,16.6592026,60.000002384E-3,
,,,16.6624031,56.000001729E-3,
,,,16.6656017,56.000001729E-3,
,,,16.6688023,52.00000107E-3,
,,,16.6720028,40.00000283E-3,
,,,16.6752014,36.00000218E-3,
,,,16.6784019,40.00000283E-3,
,,,16.6816025,36.00000218E-3,
,,,16.6848030,24.00000021E-3,
,,,16.6880016,32.00000152E-3,
,,,16.6912022,24.00000021E-3,
,,,16.6944027,24.00000021E-3,
,,,16.6976032,8.000000380E-3,
,,,16.7008018,36.00000218E-3,
,,,16.7040024,-4.00000019E-3,
,,,16.7072029,-4.00000019E-3,
,,,16.7104015,-20.0000014E-3,
,,,16.7136021,-12.0000001E-3,
,,,16.7168026,-16.0000008E-3,
,,,16.7200031,-16.0000008E-3,
,,,16.7232018,-20.0000014E-3,
,,,16.7264023,-16.0000008E-3,
,,,16.7296028,-24.00000021E-3,
,,,16.7328014,-24.00000021E-3,
,,,16.7360020,-20.0000014E-3,
,,,16.7392025,-20.0000014E-3,
,,,16.7424030,-24.00000021E-3,
,,,16.7456017,-16.0000008E-3,
,,,16.7488022,-12.0000001E-3,
,,,16.7520027,-4.00000019E-3,
,,,16.7552032,-12.0000001E-3,
,,,16.7584019,0.0,
,,,16.7616024,8.000000380E-3,
,,,16.7648029,8.000000380E-3,
,,,16.7680016,-4.00000019E-3,
,,,16.7712021,4.00000019E-3,
,,,16.7744026,12.0000001E-3,
,,,16.7776031,4.00000019E-3,
,,,16.7808018,20.0000014E-3,
,,,16.7840023,32.00000152E-3,
,,,16.7872028,28.00000086E-3,
,,,16.7904015,36.00000218E-3,
,,,16.7936020,32.00000152E-3,
,,,16.7968025,40.00000283E-3,
,,,16.8000031,40.00000283E-3,
,,,16.8032017,40.00000283E-3,
,,,16.8064022,24.00000021E-3,
,,,16.8096027,40.00000283E-3,
,,,16.8128033,28.00000086E-3,
,,,16.8160019,24.00000021E-3,
,,,16.8192024,32.00000152E-3,
,,,16.8224030,20.0000014E-3,
,,,16.8256016,4.00000019E-3,
,,,16.8288021,12.0000001E-3,
,,,16.8320026,4.00000019E-3,
,,,16.8352032,0.0,
,,,16.8384018,-4.00000019E-3,
,,,16.8416023,-4.00000019E-3,
,,,16.8448029,-16.0000008E-3,
,,,16.8480015,-16.0000008E-3,
,,,16.8512020,-28.00000086E-3,
,,,16.8544025,-32.00000152E-3,
,,,16.8576031,-16.0000008E-3,
,,,16.8608017,-40.00000283E-3,
,,,16.8640022,-44.00000349E-3,
,,,16.8672028,-44.00000349E-3,
,,,16.8704014,-44.00000349E-3,
,,,16.8736019,-56.000001729E-3,
,,,16.8768024,-56.000001729E-3,
,,,16.8800030,-52.00000107E-3,
,,,16.8832016,-52.00000107E-3,
,,,16.8864021,-48.00000042E-3,
,,,16.8896027,-40.00000283E-3,
,,,16.8928032,-40.00000283E-3,
,,,16.8960018,-36.00000218E-3,
,,,16.8992023,-36.00000218E-3,
,,,16.9024029,-32.00000152E-3,
,,,16.9056015,-32.00000152E-3,
,,,16.9088020,-16.0000008E-3,
,,,16.9120026,-16.0000008E-3,
,,,16.9152031,-12.0000001E-3,
,,,16.9184017,-16.0000008E-3,
,,,16.9216022,-12.0000001E-3,
,,,16.9248028,-8.000000380E-3,
,,,16.9280014,-4.00000019E-3,
,,,16.9312019,-4.00000019E-3,
,,,16.9344025,8.000000380E-3,
,,,16.9376030,0.0,
,,,16.9408016,12.0000001E-3,
,,,16.9440022,8.000000380E-3,
,,,16.9472027,20.0000014E-3,
,,,16.9504032,20.0000014E-3,
,,,16.9536018,16.0000008E-3,
,,,16.9568024,16.0000008E-3,
,,,16.9600029,16.0000008E-3,
,,,16.9632015,16.0000008E-3,
,,,16.9664021,28.00000086E-3,
,,,16.9696026,16.0000008E-3,
,,,16.9728031,16.0000008E-3,
,,,16.9760017,8.000000380E-3,
,,,16.9792023,0.0,
,,,16.9824028,8.000000380E-3,
,,,16.9856014,-4.00000019E-3,
,,,16.9888020,0.0,
,,,16.9920025,-16.0000008E-3,
,,,16.9952030,-12.0000001E-3,
,,,16.9984016,-16.0000008E-3,
,,,17.0016022,-16.0000008E-3,
,,,17.0048027,-28.00000086E-3,
,,,17.0080032,-32.00000152E-3,
,,,17.0112019,-28.00000086E-3,
,,,17.0144024,-20.0000014E-3,
,,,17.0176029,-44.00000349E-3,
,,,17.0208015,-48.00000042E-3,
,,,17.0240021,-52.00000107E-3,
,,,17.0272026,-52.00000107E-3,
,,,17.0304031,-64.000003040E-3,
,,,17.0336018,-56.000001729E-3,
,,,17.0368023,-52.00000107E-3,
,,,17.0400028,-60.000002384E-3,
,,,17.0432014,-56.000001729E-3,
,,,17.0464020,-80.000005662E-3,
,,,17.0496025,-52.00000107E-3,
,,,17.0528030,-52.00000107E-3,
,,,17.0560017,-52.00000107E-3,
,,,17.0592022,-56.000001729E-3,
,,,17.0624027,-56.000001729E-3,
,,,17.0656033,-44.00000349E-3,
,,,17.0688019,-52.00000107E-3,
,,,17.0720024,-44.00000349E-3,
,,,17.0752029,-36.00000218E-3,
,,,17.0784016,-32.00000152E-3,
,,,17.0816021,-28.00000086E-3,
,,,17.0848026,-28.00000086E-3,
,,,17.0880032,-16.0000008E-3,
,,,17.0912018,-24.00000021E-3,
,,,17.0944023,-12.0000001E-3,
,,,17.0976028,-16.0000008E-3,
,,,17.1008015,4.00000019E-3,
,,,17.1040020,0.0,
,,,17.1072025,0.0,
,,,17.1104031,-8.000000380E-3,
,,,17.1136017,-4.00000019E-3,
,,,17.1168022,-4.00000019E-3,
,,,17.1200027,0.0,
,,,17.1232033,16.0000008E-3,
,,,17.1264019,0.0,
,,,17.1296024,-4.00000019E-3,
,,,17.1328030,4.00000019E-3,
,,,17.1360016,4.00000019E-3,
,,,17.1392021,8.000000380E-3,
,,,17.1424026,4.00000019E-3,
,,,17.1456032,8.000000380E-3,
,,,17.1488018,8.000000380E-3,
,,,17.1520023,4.00000019E-3,
,,,17.1552029,12.0000001E-3,
,,,17.1584015,8.000000380E-3,
,,,17.1616020,12.0000001E-3,
,,,17.1648026,12.0000001E-3,
,,,17.1680031,16.0000008E-3,
,,,17.1712017,16.0000008E-3,
,,,17.1744022,16.0000008E-3,
,,,17.1776028,8.000000380E-3,
,,,17.1808014,8.000000380E-3,
,,,17.1840019,8.000000380E-3,
,,,17.1872025,8.000000380E-3,
,,,17.1904030,8.000000380E-3,
,,,17.1936016,20.0000014E-3,
,,,17.1968021,12.0000001E-3,
,,,17.2000027,20.0000014E-3,
,,,17.2032032,24.00000021E-3,
,,,17.2064018,28.00000086E-3,
,,,17.2096024,12.0000001E-3,
,,,17.2128029,16.0000008E-3,
,,,17.2160015,16.0000008E-3,
,,,17.2192020,28.00000086E-3,
,,,17.2224026,28.00000086E-3,
,,,17.2256031,0.0,
,,,17.2288017,24.00000021E-3,
,,,17.2320023,16.0000008E-3,
,,,17.2352028,20.0000014E-3,
,,,17.2384014,24.00000021E-3,
,,,17.2416019,24.00000021E-3,
,,,17.2448025,20.0000014E-3,
,,,17.2480030,20.0000014E-3,
,,,17.2512016,16.0000008E-3,
,,,17.2544022,20.0000014E-3,
,,,17.2576027,16.0000008E-3,
,,,17.2608032,16.0000008E-3,
,,,17.2640018,12.0000001E-3,
,,,17.2672024,16.0000008E-3,
,,,17.2704029,0.0,
,,,17.2736015,8.000000380E-3,
,,,17.2768021,4.00000019E-3,
,,,17.2800026,4.00000019E-3,
,,,17.2832031,-4.00000019E-3,
,,,17.2864017,4.00000019E-3,
,,,17.2896023,-8.000000380E-3,
,,,17.2928028,0.0,
,,,17.2960014,-8.000000380E-3,
,,,17.2992020,0.0,
,,,17.3024025,-8.000000380E-3,
,,,17.3056030,-12.0000001E-3,
,,,17.3088017,-24.00000021E-3,
,,,17.3120022,-16.0000008E-3,
,,,17.3152027,-16.0000008E-3,
,,,17.3184032,-16.0000008E-3,
,,,17.3216019,-16.0000008E-3,
,,,17.3248024,-24.00000021E-3,
,,,17.3280029,-32.00000152E-3,
,,,17.3312016,-24.00000021E-3,
,,,17.3344021,-24.00000021E-3,
,,,17.3376026,-28.00000086E-3,
,,,17.3408031,-24.00000021E-3,
,,,17.3440018,-24.00000021E-3,
,,,17.3472023,-20.0000014E-3,
,,,17.3504028,-20.0000014E-3,
,,,17.3536015,-20.0000014E-3,
,,,17.3568020,-16.0000008E-3,
,,,17.3600025,-20.0000014E-3,
,,,17.3632030,-8.000000380E-3,
,,,17.3664017,-8.000000380E-3,
,,,17.3696022,-12.0000001E-3,
,,,17.3728027,-4.00000019E-3,
,,,17.3760033,-4.00000019E-3,
,,,17.3792019,-4.00000019E-3,
,,,17.3824024,0.0,
,,,17.3856030,4.00000019E-3,
,,,17.3888016,4.00000019E-3,
,,,17.3920021,4.00000019E-3,
,,,17.3952026,16.0000008E-3,
,,,17.3984032,16.0000008E-3,
,,,17.4016018,24.00000021E-3,
,,,17.4048023,28.00000086E-3,
,,,17.4080029,28.00000086E-3,
,,,17.4112015,44.00000349E-3,
,,,17.4144020,44.00000349E-3,
,,,17.4176025,44.00000349E-3,
,,,17.4208031,52.00000107E-3,
,,,17.4240017,60.000002384E-3,
,,,17.4272022,60.000002384E-3,
,,,17.4304028,52.00000107E-3,
,,,17.4336033,68.000003695E-3,
,,,17.4368019,60.000002384E-3,
,,,17.4400024,64.000003040E-3,
,,,17.4432030,60.000002384E-3,
,,,17.4464016,56.000001729E-3,
,,,17.4496021,48.00000042E-3,
,,,17.4528027,44.00000349E-3,
,,,17.4560032,44.00000349E-3,
,,,17.4592018,44.00000349E-3,
,,,17.4624023,36.00000218E-3,
,,,17.4656029,24.00000021E-3,
,,,17.4688015,20.0000014E-3,
,,,17.4720020,28.00000086E-3,
,,,17.4752026,20.0000014E-3,
,,,17.4784031,16.0000008E-3,
,,,17.4816017,8.000000380E-3,
,,,17.4848022,4.00000019E-3,
,,,17.4880028,-8.000000380E-3,
,,,17.4912014,-12.0000001E-3,
,,,17.4944019,-8.000000380E-3,
,,,17.4976025,-16.0000008E-3,
,,,17.5008030,-16.0000008E-3,
,,,17.5040016,-20.0000014E-3,
,,,17.5072021,-16.0000008E-3,
,,,17.5104027,-24.00000021E-3,
,,,17.5136032,-24.00000021E-3,
,,,17.5168018,-32.00000152E-3,
,,,17.5200024,-12.0000001E-3,
,,,17.5232029,-12.0000001E-3,
,,,17.5264015,-8.000000380E-3,
,,,17.5296021,0.0,
,,,17.5328026,-4.00000019E-3,
,,,17.5360031,4.00000019E-3,
,,,17.5392017,4.00000019E-3,
,,,17.5424023,8.000000380E-3,
,,,17.5456028,20.0000014E-3,
,,,17.5488014,28.00000086E-3,
,,,17.5520020,20.0000014E-3,
,,,17.5552025,20.0000014E-3,
,,,17.5584030,28.00000086E-3,
,,,17.5616016,20.0000014E-3,
,,,17.5648022,16.0000008E-3,
,,,17.5680027,20.0000014E-3,
,,,17.5712032,16.0000008E-3,
,,,17.5744019,28.00000086E-3,
,,,17.5776024,24.00000021E-3,
,,,17.5808029,20.0000014E-3,
,,,17.5840015,20.0000014E-3,
,,,17.5872021,16.0000008E-3,
,,,17.5904026,16.0000008E-3,
,,,17.5936031,28.00000086E-3,
,,,17.5968018,20.0000014E-3,
,,,17.6000023,16.0000008E-3,
,,,17.6032028,12.0000001E-3,
,,,17.6064014,0.0,
,,,17.6096020,12.0000001E-3,
,,,17.6128025,12.0000001E-3,
,,,17.6160030,44.00000349E-3,
,,,17.6192017,4.00000019E-3,
,,,17.6224022,0.0,
,,,17.6256027,0.0,
,,,17.6288033,4.00000019E-3,
,,,17.6320019,4.00000019E-3,
,,,17.6352024,32.00000152E-3,
,,,17.6384029,12.0000001E-3,
,,,17.6416016,8.000000380E-3,
,,,17.6448021,4.00000019E-3,
,,,17.6480026,20.0000014E-3,
,,,17.6512032,4.00000019E-3,
,,,17.6544018,-4.00000019E-3,
,,,17.6576023,4.00000019E-3,
,,,17.6608028,8.000000380E-3,
,,,17.6640015,4.00000019E-3,
,,,17.6672020,8.000000380E-3,
,,,17.6704025,16.0000008E-3,
,,,17.6736031,20.0000014E-3,
,,,17.6768017,20.0000014E-3,
,,,17.6800022,24.00000021E-3,
,,,17.6832027,24.00000021E-3,
,,,17.6864033,8.000000380E-3,
,,,17.6896019,32.00000152E-3,
,,,17.6928024,28.00000086E-3,
,,,17.6960030,32.00000152E-3,
,,,17.6992016,40.00000283E-3,
,,,17.7024021,32.00000152E-3,
,,,17.7056026,40.00000283E-3,
,,,17.7088032,40.00000283E-3,
,,,17.7120018,44.00000349E-3,
,,,17.7152023,44.00000349E-3,
,,,17.7184029,36.00000218E-3,
,,,17.7216015,44.00000349E-3,
,,,17.7248020,36.00000218E-3,
,,,17.7280025,44.00000349E-3,
,,,17.7312031,28.00000086E-3,
,,,17.7344017,36.00000218E-3,
,,,17.7376022,24.00000021E-3,
,,,17.7408028,28.00000086E-3,
,,,17.7440033,32.00000152E-3,
,,,17.7472019,16.0000008E-3,
,,,17.7504025,24.00000021E-3,
,,,17.7536030,28.00000086E-3,
,,,17.7568016,20.0000014E-3,
,,,17.7600021,28.00000086E-3,
,,,17.7632027,16.0000008E-3,
,,,17.7664032,8.000000380E-3,
,,,17.7696018,20.0000014E-3,
,,,17.7728024,12.0000001E-3,
,,,17.7760029,12.0000001E-3,
,,,17.7792015,8.000000380E-3,
,,,17.7824020,12.0000001E-3,
,,,17.7856026,8.000000380E-3,
,,,17.7888031,8.000000380E-3,
,,,17.7920017,8.000000380E-3,
,,,17.7952023,-20.0000014E-3,
,,,17.7984028,-8.000000380E-3,
,,,17.8016033,-12.0000001E-3,
,,,17.8048019,-28.00000086E-3,
,,,17.8080025,-32.00000152E-3,
,,,17.8112030,-24.00000021E-3,
,,,17.8144016,-32.00000152E-3,
,,,17.8176022,-40.00000283E-3,
,,,17.8208027,-40.00000283E-3,
,,,17.8240032,-44.00000349E-3,
,,,17.8272018,-52.00000107E-3,
,,,17.8304024,-56.000001729E-3,
,,,17.8336029,-52.00000107E-3,
,,,17.8368015,-56.000001729E-3,
,,,17.8400021,-56.000001729E-3,
,,,17.8432026,-68.000003695E-3,
,,,17.8464031,-60.000002384E-3,
,,,17.8496017,-60.000002384E-3,
,,,17.8528023,-56.000001729E-3,
,,,17.8560028,-52.00000107E-3,
,,,17.8592014,-52.00000107E-3,
,,,17.8624020,-60.000002384E-3,
,,,17.8656025,-56.000001729E-3,
,,,17.8688030,-48.00000042E-3,
,,,17.8720016,-64.000003040E-3,
,,,17.8752022,-48.00000042E-3,
,,,17.8784027,-52.00000107E-3,
,,,17.8816032,-56.000001729E-3,
,,,17.8848019,-56.000001729E-3,
,,,17.8880024,-60.000002384E-3,
,,,17.8912029,-60.000002384E-3,
,,,17.8944016,-68.000003695E-3,
,,,17.8976021,-80.000005662E-3,
,,,17.9008026,-76.000005007E-3,
,,,17.9040031,-80.000005662E-3,
,,,17.9072018,-92.000007629E-3,
,,,17.9104023,-100.0000015E-3,
,,,17.9136028,-96.000000834E-3,
,,,17.9168015,-92.000007629E-3,
,,,17.9200020,-112.0000035E-3,
,,,17.9232025,-116.0000041E-3,
,,,17.9264030,-120.0000048E-3,
,,,17.9296017,-124.0000054E-3,
,,,17.9328022,-136.0000074E-3,
,,,17.9360027,-140.0000006E-3,
,,,17.9392033,-136.0000074E-3,
,,,17.9424019,-136.0000074E-3,
,,,17.9456024,-148.0000019E-3,
,,,17.9488029,-131.9999993E-3,
,,,17.9520016,-144.0000087E-3,
,,,17.9552021,-156.00000322E-3,
,,,17.9584026,-124.0000054E-3,
,,,17.9616032,-136.0000074E-3,
,,,17.9648018,-140.0000006E-3,
,,,17.9680023,-148.0000019E-3,
,,,17.9712029,-136.0000074E-3,
,,,17.9744015,-128.0000061E-3,
,,,17.9776020,-124.0000054E-3,
,,,17.9808025,-112.0000035E-3,
,,,17.9840031,-112.0000035E-3,
,,,17.9872017,-96.000000834E-3,
,,,17.9904022,-104.0000021E-3,
,,,17.9936028,-96.000000834E-3,
,,,17.9968033,-88.000006974E-3,
,,,18.0000019,-84.000006318E-3,
,,,18.0032024,-76.000005007E-3,
,,,18.0064030,-72.000004351E-3,
,,,18.0096016,-60.000002384E-3,
,,,18.0128021,-44.00000349E-3,
,,,18.0160027,-48.00000042E-3,
,,,18.0192032,-36.00000218E-3,
,,,18.0224018,-32.00000152E-3,
,,,18.0256023,-16.0000008E-3,
,,,18.0288029,-16.0000008E-3,
,,,18.0320015,-4.00000019E-3,
,,,18.0352020,12.0000001E-3,
,,,18.0384026,24.00000021E-3,
,,,18.0416031,16.0000008E-3,
,,,18.0448017,36.00000218E-3,
,,,18.0480022,24.00000021E-3,
,,,18.0512028,48.00000042E-3,
,,,18.0544033,44.00000349E-3,
,,,18.0576019,56.000001729E-3,
,,,18.0608025,56.000001729E-3,
,,,18.0640030,44.00000349E-3,
,,,18.0672016,56.000001729E-3,
,,,18.0704021,52.00000107E-3,
,,,18.0736027,68.000003695E-3,
,,,18.0768032,60.000002384E-3,
,,,18.0800018,52.00000107E-3,
,,,18.0832024,44.00000349E-3,
,,,18.0864029,48.00000042E-3,
,,,18.0896015,48.00000042E-3,
,,,18.0928020,48.00000042E-3,
,,,18.0960026,48.00000042E-3,
,,,18.0992031,48.00000042E-3,
,,,18.1024017,52.00000107E-3,
,,,18.1056023,44.00000349E-3,
,,,18.1088028,44.00000349E-3,
,,,18.1120033,52.00000107E-3,
,,,18.1152020,52.00000107E-3,
,,,18.1184025,68.000003695E-3,
,,,18.1216030,56.000001729E-3,
,,,18.1248016,60.000002384E-3,
,,,18.1280022,56.000001729E-3,
,,,18.1312027,72.000004351E-3,
,,,18.1344032,60.000002384E-3,
,,,18.1376019,48.00000042E-3,
,,,18.1408024,64.000003040E-3,
,,,18.1440029,60.000002384E-3,
,,,18.1472015,60.000002384E-3,
,,,18.1504021,56.000001729E-3,
,,,18.1536026,48.00000042E-3,
,,,18.1568031,52.00000107E-3,
,,,18.1600018,72.000004351E-3,
,,,18.1632023,52.00000107E-3,
,,,18.1664028,48.00000042E-3,
,,,18.1696014,44.00000349E-3,
,,,18.1728020,36.00000218E-3,
,,,18.1760025,56.000001729E-3,
,,,18.1792030,40.00000283E-3,
,,,18.1824017,40.00000283E-3,
,,,18.1856022,32.00000152E-3,
,,,18.1888027,32.00000152E-3,
,,,18.1920033,24.00000021E-3,
,,,18.1952019,28.00000086E-3,
,,,18.1984024,12.0000001E-3,
,,,18.2016029,24.00000021E-3,
,,,18.2048016,24.00000021E-3,
,,,18.2080021,12.0000001E-3,
,,,18.2112026,12.0000001E-3,
,,,18.2144032,12.0000001E-3,
,,,18.2176018,8.000000380E-3,
,,,18.2208023,8.000000380E-3,
,,,18.2240028,12.0000001E-3,
,,,18.2272015,4.00000019E-3,
,,,18.2304020,0.0,
,,,18.2336025,4.00000019E-3,
,,,18.2368031,-28.00000086E-3,
,,,18.2400017,0.0,
,,,18.2432022,4.00000019E-3,
,,,18.2464027,-4.00000019E-3,
,,,18.2496033,-8.000000380E-3,
,,,18.2528019,4.00000019E-3,
,,,18.2560024,4.00000019E-3,
,,,18.2592030,-20.0000014E-3,
,,,18.2624016,4.00000019E-3,
,,,18.2656021,12.0000001E-3,
,,,18.2688026,16.0000008E-3,
,,,18.2720032,24.00000021E-3,
,,,18.2752018,24.00000021E-3,
,,,18.2784023,24.00000021E-3,
,,,18.2816029,24.00000021E-3,
,,,18.2848015,32.00000152E-3,
,,,18.2880020,28.00000086E-3,
,,,18.2912025,44.00000349E-3,
,,,18.2944031,24.00000021E-3,
,,,18.2976017,32.00000152E-3,
,,,18.3008022,40.00000283E-3,
,,,18.3040028,36.00000218E-3,
,,,18.3072033,36.00000218E-3,
,,,18.3104019,40.00000283E-3,
,,,18.3136024,36.00000218E-3,
,,,18.3168030,36.00000218E-3,
,,,18.3200016,36.00000218E-3,
,,,18.3232021,32.00000152E-3,
,,,18.3264027,36.00000218E-3,
,,,18.3296032,36.00000218E-3,
,,,18.3328018,28.00000086E-3,
,,,18.3360023,32.00000152E-3,
,,,18.3392029,36.00000218E-3,
,,,18.3424015,32.00000152E-3,
,,,18.3456020,28.00000086E-3,
,,,18.3488026,36.00000218E-3,
,,,18.3520031,28.00000086E-3,
,,,18.3552017,48.00000042E-3,
,,,18.3584023,24.00000021E-3,
,,,18.3616028,32.00000152E-3,
,,,18.3648033,24.00000021E-3,
,,,18.3680019,16.0000008E-3,
,,,18.3712025,20.0000014E-3,
,,,18.3744030,12.0000001E-3,
,,,18.3776016,12.0000001E-3,
,,,18.3808022,8.000000380E-3,
,,,18.3840027,4.00000019E-3,
,,,18.3872032,0.0,
,,,18.3904018,0.0,
,,,18.3936024,-8.000000380E-3,
,,,18.3968029,0.0,
,,,18.4000015,4.00000019E-3,
,,,18.4032021,8.000000380E-3,
,,,18.4064026,0.0,
,,,18.4096031,8.000000380E-3,
,,,18.4128017,16.0000008E-3,
,,,18.4160023,12.0000001E-3,
,,,18.4192028,8.000000380E-3,
,,,18.4224033,20.0000014E-3,
,,,18.4256020,24.00000021E-3,
,,,18.4288025,4.00000019E-3,
,,,18.4320030,44.00000349E-3,
,,,18.4352016,40.00000283E-3,
,,,18.4384022,24.00000021E-3,
,,,18.4416027,48.00000042E-3,
,,,18.4448032,44.00000349E-3,
,,,18.4480019,32.00000152E-3,
,,,18.4512024,44.00000349E-3,
,,,18.4544029,44.00000349E-3,
,,,18.4576015,40.00000283E-3,
,,,18.4608021,40.00000283E-3,
,,,18.4640026,44.00000349E-3,
,,,18.4672031,44.00000349E-3,
,,,18.4704018,44.00000349E-3,
,,,18.4736023,44.00000349E-3,
,,,18.4768028,48.00000042E-3,
,,,18.4800014,48.00000042E-3,
,,,18.4832020,52.00000107E-3,
,,,18.4864025,48.00000042E-3,
,,,18.4896030,52.00000107E-3,
,,,18.4928017,52.00000107E-3,
,,,18.4960022,52.00000107E-3,
,,,18.4992027,52.00000107E-3,
,,,18.5024033,48.00000042E-3,
,,,18.5056019,52.00000107E-3,
,,,18.5088024,52.00000107E-3,
,,,18.5120029,56.000001729E-3,
,,,18.5152016,52.00000107E-3,
,,,18.5184021,56.000001729E-3,
,,,18.5216026,56.000001729E-3,
,,,18.5248032,64.000003040E-3,
,,,18.5280018,68.000003695E-3,
,,,18.5312023,76.000005007E-3,
,,,18.5344028,68.000003695E-3,
,,,18.5376015,72.000004351E-3,
,,,18.5408020,84.000006318E-3,
,,,18.5440025,76.000005007E-3,
,,,18.5472031,76.000005007E-3,
,,,18.5504017,72.000004351E-3,
,,,18.5536022,84.000006318E-3,
,,,18.5568027,80.000005662E-3,
,,,18.5600033,88.000006974E-3,
,,,18.5632019,92.000007629E-3,
,,,18.5664024,80.000005662E-3,
,,,18.5696030,72.000004351E-3,
,,,18.5728016,80.000005662E-3,
,,,18.5760021,84.000006318E-3,
,,,18.5792027,84.000006318E-3,
,,,18.5824032,80.000005662E-3,
,,,18.5856018,76.000005007E-3,
,,,18.5888023,96.000000834E-3,
,,,18.5920029,76.000005007E-3,
,,,18.5952015,80.000005662E-3,
,,,18.5984020,80.000005662E-3,
,,,18.6016026,64.000003040E-3,
,,,18.6048031,64.000003040E-3,
,,,18.6080017,56.000001729E-3,
,,,18.6112022,56.000001729E-3,
,,,18.6144028,56.000001729E-3,
,,,18.6176033,56.000001729E-3,
,,,18.6208019,44.00000349E-3,
,,,18.6240025,44.00000349E-3,
,,,18.6272030,36.00000218E-3,
,,,18.6304016,20.0000014E-3,
,,,18.6336021,24.00000021E-3,
,,,18.6368027,24.00000021E-3,
,,,18.6400032,8.000000380E-3,
,,,18.6432018,12.0000001E-3,
,,,18.6464024,12.0000001E-3,
,,,18.6496029,8.000000380E-3,
,,,18.6528015,20.0000014E-3,
,,,18.6560020,4.00000019E-3,
,,,18.6592026,0.0,
,,,18.6624031,-12.0000001E-3,
,,,18.6656017,-12.0000001E-3,
,,,18.6688023,-16.0000008E-3,
,,,18.6720028,-8.000000380E-3,
,,,18.6752033,-20.0000014E-3,
,,,18.6784019,-24.00000021E-3,
,,,18.6816025,-32.00000152E-3,
,,,18.6848030,-32.00000152E-3,
,,,18.6880016,-52.00000107E-3,
,,,18.6912022,-44.00000349E-3,
,,,18.6944027,-48.00000042E-3,
,,,18.6976032,-40.00000283E-3,
,,,18.7008018,-52.00000107E-3,
,,,18.7040024,-64.000003040E-3,
,,,18.7072029,-64.000003040E-3,
,,,18.7104015,-72.000004351E-3,
,,,18.7136021,-80.000005662E-3,
,,,18.7168026,-84.000006318E-3,
,,,18.7200031,-84.000006318E-3,
,,,18.7232018,-96.000000834E-3,
,,,18.7264023,-112.0000035E-3,
,,,18.7296028,-116.0000041E-3,
,,,18.7328033,-131.9999993E-3,
,,,18.7360020,-131.9999993E-3,
,,,18.7392025,-136.0000074E-3,
,,,18.7424030,-140.0000006E-3,
,,,18.7456017,-152.00001001E-3,
,,,18.7488022,-164.00000453E-3,
,,,18.7520027,-156.00000322E-3,
,,,18.7552032,-156.00000322E-3,
,,,18.7584019,-172.00000584E-3,
,,,18.7616024,-172.00000584E-3,
,,,18.7648029,-156.00000322E-3,
,,,18.7680016,-168.00001264E-3,
,,,18.7712021,-164.00000453E-3,
,,,18.7744026,-152.00001001E-3,
,,,18.7776031,-156.00000322E-3,
,,,18.7808018,-148.0000019E-3,
,,,18.7840023,-144.0000087E-3,
,,,18.7872028,-136.0000074E-3,
,,,18.7904015,-136.0000074E-3,
,,,18.7936020,-156.00000322E-3,
,,,18.7968025,-120.0000048E-3,
,,,18.8000031,-108.0000028E-3,
,,,18.8032017,-108.0000028E-3,
,,,18.8064022,-96.000000834E-3,
,,,18.8096027,-92.000007629E-3,
,,,18.8128033,-88.000006974E-3,
,,,18.8160019,-72.000004351E-3,
,,,18.8192024,-52.00000107E-3,
,,,18.8224030,-60.000002384E-3,
,,,18.8256016,-56.000001729E-3,
,,,18.8288021,-40.00000283E-3,
,,,18.8320026,-44.00000349E-3,
,,,18.8352032,-36.00000218E-3,
,,,18.8384018,-20.0000014E-3,
,,,18.8416023,-12.0000001E-3,
,,,18.8448029,-8.000000380E-3,
,,,18.8480015,-4.00000019E-3,
,,,18.8512020,0.0,
,,,18.8544025,4.00000019E-3,
,,,18.8576031,12.0000001E-3,
,,,18.8608017,24.00000021E-3,
,,,18.8640022,32.00000152E-3,
,,,18.8672028,36.00000218E-3,
,,,18.8704033,40.00000283E-3,
,,,18.8736019,52.00000107E-3,
,,,18.8768024,52.00000107E-3,
,,,18.8800030,60.000002384E-3,
,,,18.8832016,64.000003040E-3,
,,,18.8864021,96.000000834E-3,
,,,18.8896027,64.000003040E-3,
,,,18.8928032,88.000006974E-3,
,,,18.8960018,88.000006974E-3,
,,,18.8992023,92.000007629E-3,
,,,18.9024029,84.000006318E-3,
,,,18.9056015,88.000006974E-3,
,,,18.9088020,96.000000834E-3,
,,,18.9120026,84.000006318E-3,
,,,18.9152031,96.000000834E-3,
,,,18.9184017,100.0000015E-3,
,,,18.9216022,92.000007629E-3,
,,,18.9248028,100.0000015E-3,
,,,18.9280033,100.0000015E-3,
,,,18.9312019,100.0000015E-3,
,,,18.9344025,104.0000021E-3,
,,,18.9376030,88.000006974E-3,
,,,18.9408016,92.000007629E-3,
,,,18.9440022,92.000007629E-3,
,,,18.9472027,84.000006318E-3,
,,,18.9504032,88.000006974E-3,
,,,18.9536018,88.000006974E-3,
,,,18.9568024,80.000005662E-3,
,,,18.9600029,80.000005662E-3,
,,,18.9632015,76.000005007E-3,
,,,18.9664021,72.000004351E-3,
,,,18.9696026,64.000003040E-3,
,,,18.9728031,64.000003040E-3,
,,,18.9760017,60.000002384E-3,
,,,18.9792023,48.00000042E-3,
,,,18.9824028,52.00000107E-3,
,,,18.9856033,44.00000349E-3,
,,,18.9888020,32.00000152E-3,
,,,18.9920025,36.00000218E-3,
,,,18.9952030,32.00000152E-3,
,,,18.9984016,-12.0000001E-3,
,,,19.0016022,24.00000021E-3,
,,,19.0048027,20.0000014E-3,
,,,19.0080032,16.0000008E-3,
,,,19.0112019,12.0000001E-3,
,,,19.0144024,8.000000380E-3,
,,,19.0176029,4.00000019E-3,
,,,19.0208015,0.0,
,,,19.0240021,0.0,
,,,19.0272026,-8.000000380E-3,
,,,19.0304031,-16.0000008E-3,
,,,19.0336018,-24.00000021E-3,
,,,19.0368023,-16.0000008E-3,
,,,19.0400028,-20.0000014E-3,
,,,19.0432034,-24.00000021E-3,
,,,19.0464020,-16.0000008E-3,
,,,19.0496025,-28.00000086E-3,
,,,19.0528030,-36.00000218E-3,
,,,19.0560017,-32.00000152E-3,
,,,19.0592022,-56.000001729E-3,
,,,19.0624027,-52.00000107E-3,
,,,19.0656033,-48.00000042E-3,
,,,19.0688019,-56.000001729E-3,
,,,19.0720024,-56.000001729E-3,
,,,19.0752029,-56.000001729E-3,
,,,19.0784016,-52.00000107E-3,
,,,19.0816021,-52.00000107E-3,
,,,19.0848026,-56.000001729E-3,
,,,19.0880032,-52.00000107E-3,
,,,19.0912018,-56.000001729E-3,
,,,19.0944023,-48.00000042E-3,
,,,19.0976028,-48.00000042E-3,
,,,19.1008034,-52.00000107E-3,
,,,19.1040020,-52.00000107E-3,
,,,19.1072025,-40.00000283E-3,
,,,19.1104031,-36.00000218E-3,
,,,19.1136017,-48.00000042E-3,
,,,19.1168022,-32.00000152E-3,
,,,19.1200027,-32.00000152E-3,
,,,19.1232033,-36.00000218E-3,
,,,19.1264019,-32.00000152E-3,
,,,19.1296024,0.0,
,,,19.1328030,4.00000019E-3,
,,,19.1360016,-4.00000019E-3,
,,,19.1392021,-4.00000019E-3,
,,,19.1424026,4.00000019E-3,
,,,19.1456032,8.000000380E-3,
,,,19.1488018,0.0,
,,,19.1520023,20.0000014E-3,
,,,19.1552029,16.0000008E-3,
,,,19.1584015,20.0000014E-3,
,,,19.1616020,16.0000008E-3,
,,,19.1648026,24.00000021E-3,
,,,19.1680031,16.0000008E-3,
,,,19.1712017,24.00000021E-3,
,,,19.1744022,16.0000008E-3,
,,,19.1776028,24.00000021E-3,
,,,19.1808033,8.000000380E-3,
,,,19.1840019,8.000000380E-3,
,,,19.1872025,-4.00000019E-3,
,,,19.1904030,8.000000380E-3,
,,,19.1936016,8.000000380E-3,
,,,19.1968021,0.0,
,,,19.2000027,-4.00000019E-3,
,,,19.2032032,-8.000000380E-3,
,,,19.2064018,-12.0000001E-3,
,,,19.2096024,-8.000000380E-3,
,,,19.2128029,-16.0000008E-3,
,,,19.2160015,-12.0000001E-3,
,,,19.2192020,-24.00000021E-3,
,,,19.2224026,-16.0000008E-3,
,,,19.2256031,-20.0000014E-3,
,,,19.2288017,-16.0000008E-3,
,,,19.2320023,-28.00000086E-3,
,,,19.2352028,-8.000000380E-3,
,,,19.2384033,-4.00000019E-3,
,,,19.2416019,-12.0000001E-3,
,,,19.2448025,-4.00000019E-3,
,,,19.2480030,-12.0000001E-3,
,,,19.2512016,-4.00000019E-3,
,,,19.2544022,-4.00000019E-3,
,,,19.2576027,-4.00000019E-3,
,,,19.2608032,-8.000000380E-3,
,,,19.2640018,-4.00000019E-3,
,,,19.2672024,4.00000019E-3,
,,,19.2704029,0.0,
,,,19.2736015,20.0000014E-3,
,,,19.2768021,16.0000008E-3,
,,,19.2800026,24.00000021E-3,
,,,19.2832031,28.00000086E-3,
,,,19.2864017,28.00000086E-3,
,,,19.2896023,36.00000218E-3,
,,,19.2928028,32.00000152E-3,
,,,19.2960033,40.00000283E-3,
,,,19.2992020,44.00000349E-3,
,,,19.3024025,40.00000283E-3,
,,,19.3056030,48.00000042E-3,
,,,19.3088017,48.00000042E-3,
,,,19.3120022,48.00000042E-3,
,,,19.3152027,56.000001729E-3,
,,,19.3184032,60.000002384E-3,
,,,19.3216019,60.000002384E-3,
,,,19.3248024,52.00000107E-3,
,,,19.3280029,64.000003040E-3,
,,,19.3312016,56.000001729E-3,
,,,19.3344021,64.000003040E-3,
,,,19.3376026,84.000006318E-3,
,,,19.3408031,60.000002384E-3,
,,,19.3440018,60.000002384E-3,
,,,19.3472023,68.000003695E-3,
,,,19.3504028,60.000002384E-3,
,,,19.3536034,64.000003040E-3,
,,,19.3568020,64.000003040E-3,
,,,19.3600025,68.000003695E-3,
,,,19.3632030,64.000003040E-3,
,,,19.3664017,68.000003695E-3,
,,,19.3696022,84.000006318E-3,
,,,19.3728027,68.000003695E-3,
,,,19.3760033,64.000003040E-3,
,,,19.3792019,60.000002384E-3,
,,,19.3824024,64.000003040E-3,
,,,19.3856030,60.000002384E-3,
,,,19.3888016,76.000005007E-3,
,,,19.3920021,80.000005662E-3,
,,,19.3952026,76.000005007E-3,
,,,19.3984032,84.000006318E-3,
,,,19.4016018,80.000005662E-3,
,,,19.4048023,72.000004351E-3,
,,,19.4080029,72.000004351E-3,
,,,19.4112034,80.000005662E-3,
,,,19.4144020,72.000004351E-3,
,,,19.4176025,80.000005662E-3,
,,,19.4208031,80.000005662E-3,
,,,19.4240017,80.000005662E-3,
,,,19.4272022,84.000006318E-3,
,,,19.4304028,80.000005662E-3,
,,,19.4336033,80.000005662E-3,
,,,19.4368019,80.000005662E-3,
,,,19.4400024,84.000006318E-3,
,,,19.4432030,76.000005007E-3,
,,,19.4464016,80.000005662E-3,
,,,19.4496021,76.000005007E-3,
,,,19.4528027,72.000004351E-3,
,,,19.4560032,68.000003695E-3,
,,,19.4592018,72.000004351E-3,
,,,19.4624023,60.000002384E-3,
,,,19.4656029,56.000001729E-3,
,,,19.4688015,52.00000107E-3,
,,,19.4720020,36.00000218E-3,
,,,19.4752026,16.0000008E-3,
,,,19.4784031,4.00000019E-3,
,,,19.4816017,4.00000019E-3,
,,,19.4848022,0.0,
,,,19.4880028,-8.000000380E-3,
,,,19.4912033,-20.0000014E-3,
,,,19.4944019,-36.00000218E-3,
,,,19.4976025,-44.00000349E-3,
,,,19.5008030,-56.000001729E-3,
,,,19.5040016,-64.000003040E-3,
,,,19.5072021,-68.000003695E-3,
,,,19.5104027,-80.000005662E-3,
,,,19.5136032,-92.000007629E-3,
,,,19.5168018,-88.000006974E-3,
,,,19.5200024,-100.0000015E-3,
,,,19.5232029,-108.0000028E-3,
,,,19.5264015,-108.0000028E-3,
,,,19.5296021,-112.0000035E-3,
,,,19.5328026,-112.0000035E-3,
,,,19.5360031,-124.0000054E-3,
,,,19.5392017,-120.0000048E-3,
,,,19.5424023,-116.0000041E-3,
,,,19.5456028,-108.0000028E-3,
,,,19.5488033,-112.0000035E-3,
,,,19.5520020,-96.000000834E-3,
,,,19.5552025,-100.0000015E-3,
,,,19.5584030,-84.000006318E-3,
,,,19.5616016,-76.000005007E-3,
,,,19.5648022,-64.000003040E-3,
,,,19.5680027,-64.000003040E-3,
,,,19.5712032,-36.00000218E-3,
,,,19.5744019,-44.00000349E-3,
,,,19.5776024,-24.00000021E-3,
,,,19.5808029,-12.0000001E-3,
,,,19.5840015,-4.00000019E-3,
,,,19.5872021,12.0000001E-3,
,,,19.5904026,20.0000014E-3,
,,,19.5936031,32.00000152E-3,
,,,19.5968018,36.00000218E-3,
,,,19.6000023,48.00000042E-3,
,,,19.6032028,52.00000107E-3,
,,,19.6064034,56.000001729E-3,
,,,19.6096020,72.000004351E-3,
,,,19.6128025,64.000003040E-3,
,,,19.6160030,72.000004351E-3,
,,,19.6192017,80.000005662E-3,
,,,19.6224022,76.000005007E-3,
,,,19.6256027,76.000005007E-3,
,,,19.6288033,68.000003695E-3,
,,,19.6320019,72.000004351E-3,
,,,19.6352024,60.000002384E-3,
,,,19.6384029,88.000006974E-3,
,,,19.6416016,68.000003695E-3,
,,,19.6448021,48.00000042E-3,
,,,19.6480026,76.000005007E-3,
,,,19.6512032,40.00000283E-3,
,,,19.6544018,36.00000218E-3,
,,,19.6576023,40.00000283E-3,
,,,19.6608028,28.00000086E-3,
,,,19.6640034,20.0000014E-3,
,,,19.6672020,20.0000014E-3,
,,,19.6704025,8.000000380E-3,
,,,19.6736031,8.000000380E-3,
,,,19.6768017,4.00000019E-3,
,,,19.6800022,0.0,
,,,19.6832027,-8.000000380E-3,
,,,19.6864033,-8.000000380E-3,
,,,19.6896019,-12.0000001E-3,
,,,19.6928024,-20.0000014E-3,
,,,19.6960030,-20.0000014E-3,
,,,19.6992016,-28.00000086E-3,
,,,19.7024021,-24.00000021E-3,
,,,19.7056026,-24.00000021E-3,
,,,19.7088032,-32.00000152E-3,
,,,19.7120018,-24.00000021E-3,
,,,19.7152023,-36.00000218E-3,
,,,19.7184029,-36.00000218E-3,
,,,19.7216034,-36.00000218E-3,
,,,19.7248020,-44.00000349E-3,
,,,19.7280025,-32.00000152E-3,
,,,19.7312031,-36.00000218E-3,
,,,19.7344017,-52.00000107E-3,
,,,19.7376022,-48.00000042E-3,
,,,19.7408028,-52.00000107E-3,
,,,19.7440033,-52.00000107E-3,
,,,19.7472019,-56.000001729E-3,
,,,19.7504025,-60.000002384E-3,
,,,19.7536030,-60.000002384E-3,
,,,19.7568016,-64.000003040E-3,
,,,19.7600021,-60.000002384E-3,
,,,19.7632027,-68.000003695E-3,
,,,19.7664032,-68.000003695E-3,
,,,19.7696018,-72.000004351E-3,
,,,19.7728024,-72.000004351E-3,
,,,19.7760029,-72.000004351E-3,
,,,19.7792015,-80.000005662E-3,
,,,19.7824020,-76.000005007E-3,
,,,19.7856026,-76.000005007E-3,
,,,19.7888031,-80.000005662E-3,
,,,19.7920017,-56.000001729E-3,
,,,19.7952023,-68.000003695E-3,
,,,19.7984028,-68.000003695E-3,
,,,19.8016033,-68.000003695E-3,
,,,19.8048019,-68.000003695E-3,
,,,19.8080025,-60.000002384E-3,
,,,19.8112030,-56.000001729E-3,
,,,19.8144016,-52.00000107E-3,
,,,19.8176022,-52.00000107E-3,
,,,19.8208027,-44.00000349E-3,
,,,19.8240032,-52.00000107E-3,
,,,19.8272018,-44.00000349E-3,
,,,19.8304024,-44.00000349E-3,
,,,19.8336029,-24.00000021E-3,
,,,19.8368015,-24.00000021E-3,
,,,19.8400021,-32.00000152E-3,
,,,19.8432026,-20.0000014E-3,
,,,19.8464031,-16.0000008E-3,
,,,19.8496017,-28.00000086E-3,
,,,19.8528023,4.00000019E-3,
,,,19.8560028,-12.0000001E-3,
,,,19.8592033,-16.0000008E-3,
,,,19.8624020,-8.000000380E-3,
,,,19.8656025,-4.00000019E-3,
,,,19.8688030,-4.00000019E-3,
,,,19.8720016,-8.000000380E-3,
,,,19.8752022,4.00000019E-3,
,,,19.8784027,12.0000001E-3,
,,,19.8816032,12.0000001E-3,
,,,19.8848019,4.00000019E-3,
,,,19.8880024,28.00000086E-3,
,,,19.8912029,20.0000014E-3,
,,,19.8944016,24.00000021E-3,
,,,19.8976021,24.00000021E-3,
,,,19.9008026,24.00000021E-3,
,,,19.9040031,24.00000021E-3,
,,,19.9072018,16.0000008E-3,
,,,19.9104023,32.00000152E-3,
,,,19.9136028,28.00000086E-3,
,,,19.9168034,16.0000008E-3,
,,,19.9200020,24.00000021E-3,
,,,19.9232025,20.0000014E-3,
,,,19.9264030,24.00000021E-3,
,,,19.9296017,8.000000380E-3,
,,,19.9328022,4.00000019E-3,
,,,19.9360027,16.0000008E-3,
,,,19.9392033,32.00000152E-3,
,,,19.9424019,4.00000019E-3,
,,,19.9456024,-4.00000019E-3,
,,,19.9488029,-12.0000001E-3,
,,,19.9520016,-8.000000380E-3,
,,,19.9552021,-8.000000380E-3,
,,,19.9584026,-8.000000380E-3,
,,,19.9616032,-8.000000380E-3,
,,,19.9648018,-12.0000001E-3,
,,,19.9680023,-16.0000008E-3,
,,,19.9712029,-20.0000014E-3,
,,,19.9744034,-24.00000021E-3,
,,,19.9776020,-16.0000008E-3,
,,,19.9808025,-20.0000014E-3,
,,,19.9840031,-16.0000008E-3,
,,,19.9872017,-24.00000021E-3,
,,,19.9904022,-28.00000086E-3,
,,,19.9936028,-20.0000014E-3,
,,,19.9968033,-12.0000001E-3,
,,,20.0000019,-24.00000021E-3,
,,,20.0032024,-16.0000008E-3,
,,,20.0064030,-20.0000014E-3,
,,,20.0096016,-12.0000001E-3,
,,,20.0128021,-4.00000019E-3,
,,,20.0160027,-4.00000019E-3,
,,,20.0192032,-8.000000380E-3,
,,,20.0224018,-4.00000019E-3,
,,,20.0256023,-12.0000001E-3,
,,,20.0288029,-8.000000380E-3,
,,,20.0320034,0.0,
,,,20.0352020,0.0,
,,,20.0384026,0.0,
,,,20.0416031,-4.00000019E-3,
,,,20.0448017,-16.0000008E-3,
,,,20.0480022,-16.0000008E-3,
,,,20.0512028,-4.00000019E-3,
,,,20.0544033,-8.000000380E-3,
,,,20.0576019,-12.0000001E-3,
,,,20.0608025,-8.000000380E-3,
,,,20.0640030,-12.0000001E-3,
,,,20.0672016,-16.0000008E-3,
,,,20.0704021,-20.0000014E-3,
,,,20.0736027,-8.000000380E-3,
,,,20.0768032,-16.0000008E-3,
,,,20.0800018,-20.0000014E-3,
,,,20.0832024,-20.0000014E-3,
,,,20.08640289,-28.00000086E-3,
,,,20.08960342,-36.00000218E-3,
,,,20.09280205,-32.00000152E-3,
,,,20.09600258,-32.00000152E-3,
,,,20.09920311,-40.00000283E-3,
,,,20.10240173,-16.0000008E-3,
,,,20.10560226,-40.00000283E-3,
,,,20.10880280,-44.00000349E-3,
,,,20.11200333,-28.00000086E-3,
,,,20.11520195,-52.00000107E-3,
,,,20.11840248,-44.00000349E-3,
,,,20.12160301,-36.00000218E-3,
,,,20.12480164,-44.00000349E-3,
,,,20.12800217,-40.00000283E-3,
,,,20.13120270,-36.00000218E-3,
,,,20.13440323,-36.00000218E-3,
,,,20.13760185,-32.00000152E-3,
,,,20.14080238,-16.0000008E-3,
,,,20.14400291,-28.00000086E-3,
,,,20.14720154,-24.00000021E-3,
,,,20.15040207,-20.0000014E-3,
,,,20.15360260,-4.00000019E-3,
,,,20.15680313,-16.0000008E-3,
,,,20.16000175,-16.0000008E-3,
,,,20.16320229,-4.00000019E-3,
,,,20.16640282,-8.000000380E-3,
,,,20.16960335,0.0,
,,,20.17280197,-4.00000019E-3,
,,,20.17600250,8.000000380E-3,
,,,20.17920303,28.00000086E-3,
,,,20.18240166,12.0000001E-3,
,,,20.18560219,20.0000014E-3,
,,,20.18880272,32.00000152E-3,
,,,20.19200325,32.00000152E-3,
,,,20.19520187,36.00000218E-3,
,,,20.19840240,44.00000349E-3,
,,,20.20160294,40.00000283E-3,
,,,20.20480156,40.00000283E-3,
,,,20.20800209,32.00000152E-3,
,,,20.21120262,40.00000283E-3,
,,,20.21440315,44.00000349E-3,
,,,20.21760178,72.000004351E-3,
,,,20.22080231,48.00000042E-3,
,,,20.22400284,56.000001729E-3,
,,,20.22720337,52.00000107E-3,
,,,20.23040199,56.000001729E-3,
,,,20.23360252,48.00000042E-3,
,,,20.23680305,44.00000349E-3,
,,,20.24000168,52.00000107E-3,
,,,20.24320221,32.00000152E-3,
,,,20.24640274,52.00000107E-3,
,,,20.24960327,52.00000107E-3,
,,,20.25280190,44.00000349E-3,
,,,20.25600243,48.00000042E-3,
,,,20.25920296,48.00000042E-3,
,,,20.26240158,36.00000218E-3,
,,,20.26560211,36.00000218E-3,
,,,20.26880264,44.00000349E-3,
,,,20.27200317,40.00000283E-3,
,,,20.27520180,40.00000283E-3,
,,,20.27840233,40.00000283E-3,
,,,20.28160286,40.00000283E-3,
,,,20.28480339,36.00000218E-3,
,,,20.28800201,28.00000086E-3,
,,,20.29120255,40.00000283E-3,
,,,20.29440308,32.00000152E-3,
,,,20.29760170,32.00000152E-3,
,,,20.30080223,36.00000218E-3,
,,,20.30400276,36.00000218E-3,
,,,20.30720329,40.00000283E-3,
,,,20.31040192,28.00000086E-3,
,,,20.31360245,40.00000283E-3,
,,,20.31680298,28.00000086E-3,
,,,20.32000160,32.00000152E-3,
,,,20.32320213,36.00000218E-3,
,,,20.32640266,36.00000218E-3,
,,,20.32960320,32.00000152E-3,
,,,20.33280182,40.00000283E-3,
,,,20.33600235,44.00000349E-3,
,,,20.33920288,44.00000349E-3,
,,,20.34240341,40.00000283E-3,
,,,20.34560204,40.00000283E-3,
,,,20.34880257,48.00000042E-3,
,,,20.35200310,44.00000349E-3,
,,,20.35520172,52.00000107E-3,
,,,20.35840225,52.00000107E-3,
,,,20.36160278,52.00000107E-3,
,,,20.36480331,48.00000042E-3,
,,,20.36800194,40.00000283E-3,
,,,20.37120247,36.00000218E-3,
,,,20.37440300,48.00000042E-3,
,,,20.37760162,40.00000283E-3,
,,,20.38080215,40.00000283E-3,
,,,20.38400269,32.00000152E-3,
,,,20.38720322,24.00000021E-3,
,,,20.39040184,28.00000086E-3,
,,,20.39360237,16.0000008E-3,
,,,20.39680290,12.0000001E-3,
,,,20.40000343,16.0000008E-3,
,,,20.40320206,8.000000380E-3,
,,,20.40640259,4.00000019E-3,
,,,20.40960312,-16.0000008E-3,
,,,20.41280174,4.00000019E-3,
,,,20.41600227,-16.0000008E-3,
,,,20.41920280,-32.00000152E-3,
,,,20.42240334,-32.00000152E-3,
,,,20.42560196,-32.00000152E-3,
,,,20.42880249,-44.00000349E-3,
,,,20.43200302,-44.00000349E-3,
,,,20.43520164,-44.00000349E-3,
,,,20.43840218,-68.000003695E-3,
,,,20.44160271,-52.00000107E-3,
,,,20.44480324,-52.00000107E-3,
,,,20.44800186,-60.000002384E-3,
,,,20.45120239,-72.000004351E-3,
,,,20.45440292,-68.000003695E-3,
,,,20.45760155,-72.000004351E-3,
,,,20.46080208,-72.000004351E-3,
,,,20.46400261,-76.000005007E-3,
,,,20.46720314,-72.000004351E-3,
,,,20.47040176,-60.000002384E-3,
,,,20.47360229,-64.000003040E-3,
,,,20.47680283,-64.000003040E-3,
,,,20.48000336,-64.000003040E-3,
,,,20.48320198,-64.000003040E-3,
,,,20.48640251,-48.00000042E-3,
,,,20.48960304,-48.00000042E-3,
,,,20.49280167,-48.00000042E-3,
,,,20.49600220,-44.00000349E-3,
,,,20.49920273,-52.00000107E-3,
,,,20.50240326,-40.00000283E-3,
,,,20.50560188,-32.00000152E-3,
,,,20.50880241,-24.00000021E-3,
,,,20.51200294,-12.0000001E-3,
,,,20.51520157,-12.0000001E-3,
,,,20.51840210,-12.0000001E-3,
,,,20.52160263,-8.000000380E-3,
,,,20.52480316,-4.00000019E-3,
,,,20.52800179,-8.000000380E-3,
,,,20.53120232,4.00000019E-3,
,,,20.53440285,12.0000001E-3,
,,,20.53760338,12.0000001E-3,
,,,20.54080200,12.0000001E-3,
,,,20.54400253,12.0000001E-3,
,,,20.54720306,16.0000008E-3,
,,,20.55040169,24.00000021E-3,
,,,20.55360222,12.0000001E-3,
,,,20.55680275,32.00000152E-3,
,,,20.56000328,32.00000152E-3,
,,,20.56320190,28.00000086E-3,
,,,20.56640244,40.00000283E-3,
,,,20.56960297,32.00000152E-3,
,,,20.57280159,44.00000349E-3,
,,,20.57600212,52.00000107E-3,
,,,20.57920265,48.00000042E-3,
,,,20.58240318,56.000001729E-3,
,,,20.58560181,64.000003040E-3,
,,,20.58880234,76.000005007E-3,
,,,20.59200287,60.000002384E-3,
,,,20.59520340,80.000005662E-3,
,,,20.59840202,68.000003695E-3,
,,,20.60160255,80.000005662E-3,
,,,20.60480309,72.000004351E-3,
,,,20.60800171,72.000004351E-3,
,,,20.61120224,84.000006318E-3,
,,,20.61440277,92.000007629E-3,
,,,20.61760330,88.000006974E-3,
,,,20.62080193,92.000007629E-3,
,,,20.62400246,88.000006974E-3,
,,,20.62720299,84.000006318E-3,
,,,20.63040161,92.000007629E-3,
,,,20.63360214,80.000005662E-3,
,,,20.63680267,84.000006318E-3,
,,,20.64000320,84.000006318E-3,
,,,20.64320183,84.000006318E-3,
,,,20.64640236,72.000004351E-3,
,,,20.64960289,72.000004351E-3,
,,,20.65280342,60.000002384E-3,
,,,20.65600204,56.000001729E-3,
,,,20.65920258,44.00000349E-3,
,,,20.66240311,48.00000042E-3,
,,,20.66560173,36.00000218E-3,
,,,20.66880226,48.00000042E-3,
,,,20.67200279,48.00000042E-3,
,,,20.67520332,32.00000152E-3,
,,,20.67840195,20.0000014E-3,
,,,20.68160248,12.0000001E-3,
,,,20.68480301,20.0000014E-3,
,,,20.68800163,-4.00000019E-3,
,,,20.69120216,4.00000019E-3,
,,,20.69440269,-12.0000001E-3,
,,,20.69760323,-16.0000008E-3,
,,,20.70080185,-16.0000008E-3,
,,,20.70400238,-16.0000008E-3,
,,,20.70720291,-24.00000021E-3,
,,,20.71040344,-28.00000086E-3,
,,,20.71360207,-40.00000283E-3,
,,,20.71680260,-32.00000152E-3,
,,,20.72000313,-44.00000349E-3,
,,,20.72320175,-48.00000042E-3,
,,,20.72640228,-48.00000042E-3,
,,,20.72960281,-48.00000042E-3,
,,,20.73280334,-56.000001729E-3,
,,,20.73600197,-48.00000042E-3,
,,,20.73920250,-72.000004351E-3,
,,,20.74240303,-72.000004351E-3,
,,,20.74560165,-80.000005662E-3,
,,,20.74880219,-84.000006318E-3,
,,,20.75200272,-96.000000834E-3,
,,,20.75520325,-88.000006974E-3,
,,,20.75840187,-92.000007629E-3,
,,,20.76160240,-100.0000015E-3,
,,,20.76480293,-108.0000028E-3,
,,,20.76800156,-108.0000028E-3,
,,,20.77120209,-116.0000041E-3,
,,,20.77440262,-112.0000035E-3,
,,,20.77760315,-124.0000054E-3,
,,,20.78080177,-131.9999993E-3,
,,,20.78400230,-128.0000061E-3,
,,,20.78720284,-131.9999993E-3,
,,,20.79040337,-131.9999993E-3,
,,,20.79360199,-120.0000048E-3,
,,,20.79680252,-116.0000041E-3,
,,,20.80000305,-116.0000041E-3,
,,,20.80320168,-116.0000041E-3,
,,,20.80640221,-108.0000028E-3,
,,,20.80960274,-116.0000041E-3,
,,,20.81280327,-104.0000021E-3,
,,,20.81600189,-96.000000834E-3,
,,,20.81920242,-88.000006974E-3,
,,,20.82240295,-84.000006318E-3,
,,,20.82560158,-80.000005662E-3,
,,,20.82880211,-68.000003695E-3,
,,,20.83200264,-64.000003040E-3,
,,,20.83520317,-56.000001729E-3,
,,,20.83840179,-56.000001729E-3,
,,,20.84160233,-56.000001729E-3,
,,,20.84480286,-56.000001729E-3,
,,,20.84800339,-52.00000107E-3,
,,,20.85120201,-48.00000042E-3,
,,,20.85440254,-48.00000042E-3,
,,,20.85760307,-36.00000218E-3,
,,,20.86080170,-32.00000152E-3,
,,,20.86400223,-32.00000152E-3,
,,,20.86720276,-36.00000218E-3,
,,,20.87040329,-32.00000152E-3,
,,,20.87360191,-20.0000014E-3,
,,,20.87680244,-16.0000008E-3,
,,,20.88000298,-8.000000380E-3,
,,,20.88320160,-8.000000380E-3,
,,,20.88640213,-8.000000380E-3,
,,,20.88960266,4.00000019E-3,
,,,20.89280319,0.0,
,,,20.89600182,4.00000019E-3,
,,,20.89920235,8.000000380E-3,
,,,20.90240288,8.000000380E-3,
,,,20.90560341,16.0000008E-3,
,,,20.90880203,20.0000014E-3,
,,,20.91200256,44.00000349E-3,
,,,20.91520309,24.00000021E-3,
,,,20.91840172,32.00000152E-3,
,,,20.92160225,32.00000152E-3,
,,,20.92480278,32.00000152E-3,
,,,20.92800331,28.00000086E-3,
,,,20.93120193,28.00000086E-3,
,,,20.93440247,28.00000086E-3,
,,,20.93760300,28.00000086E-3,
,,,20.94080162,28.00000086E-3,
,,,20.94400215,32.00000152E-3,
,,,20.94720268,28.00000086E-3,
,,,20.95040321,32.00000152E-3,
,,,20.95360184,24.00000021E-3,
,,,20.95680237,24.00000021E-3,
,,,20.96000290,40.00000283E-3,
,,,20.96320343,28.00000086E-3,
,,,20.96640205,20.0000014E-3,
,,,20.96960258,24.00000021E-3,
,,,20.97280312,28.00000086E-3,
,,,20.97600174,28.00000086E-3,
,,,20.97920227,36.00000218E-3,
,,,20.98240280,32.00000152E-3,
,,,20.98560333,40.00000283E-3,
,,,20.98880196,24.00000021E-3,
,,,20.99200249,24.00000021E-3,
,,,20.99520302,36.00000218E-3,
,,,20.99840164,44.00000349E-3,
,,,21.00160217,36.00000218E-3,
,,,21.00480270,40.00000283E-3,
,,,21.00800323,44.00000349E-3,
,,,21.01120186,44.00000349E-3,
,,,21.01440239,44.00000349E-3,
,,,21.01760292,40.00000283E-3,
,,,21.02080345,36.00000218E-3,
,,,21.02400208,44.00000349E-3,
,,,21.02720261,36.00000218E-3,
,,,21.03040314,32.00000152E-3,
,,,21.03360176,24.00000021E-3,
,,,21.03680229,24.00000021E-3,
,,,21.04000282,24.00000021E-3,
,,,21.04320335,28.00000086E-3,
,,,21.04640198,24.00000021E-3,
,,,21.04960251,20.0000014E-3,
,,,21.05280304,16.0000008E-3,
,,,21.05600166,16.0000008E-3,
,,,21.05920219,8.000000380E-3,
,,,21.06240273,12.0000001E-3,
,,,21.06560326,12.0000001E-3,
,,,21.06880188,16.0000008E-3,
,,,21.07200241,8.000000380E-3,
,,,21.07520294,0.0,
,,,21.07840347,12.0000001E-3,
,,,21.08160210,12.0000001E-3,
,,,21.08480263,20.0000014E-3,
,,,21.08800316,4.00000019E-3,
,,,21.09120178,-4.00000019E-3,
,,,21.09440231,8.000000380E-3,
,,,21.09760284,-4.00000019E-3,
,,,21.10080338,-8.000000380E-3,
,,,21.10400200,-28.00000086E-3,
,,,21.10720253,0.0,
,,,21.11040306,-4.00000019E-3,
,,,21.11360168,-4.00000019E-3,
,,,21.11680222,-4.00000019E-3,
,,,21.12000275,-8.000000380E-3,
,,,21.12320328,-8.000000380E-3,
,,,21.12640190,4.00000019E-3,
,,,21.12960243,4.00000019E-3,
,,,21.13280296,4.00000019E-3,
,,,21.13600159,4.00000019E-3,
,,,21.13920212,4.00000019E-3,
,,,21.14240265,0.0,
,,,21.14560318,8.000000380E-3,
,,,21.14880180,0.0,
,,,21.15200233,12.0000001E-3,
,,,21.15520287,8.000000380E-3,
,,,21.15840340,12.0000001E-3,
,,,21.16160202,20.0000014E-3,
,,,21.16480255,32.00000152E-3,
,,,21.16800308,28.00000086E-3,
,,,21.17120171,20.0000014E-3,
,,,21.17440224,24.00000021E-3,
,,,21.17760277,32.00000152E-3,
,,,21.18080330,24.00000021E-3,
,,,21.18400192,32.00000152E-3,
,,,21.18720245,40.00000283E-3,
,,,21.19040298,40.00000283E-3,
,,,21.19360161,36.00000218E-3,
,,,21.19680214,44.00000349E-3,
,,,21.20000267,48.00000042E-3,
,,,21.20320320,44.00000349E-3,
,,,21.20640182,44.00000349E-3,
,,,21.20960236,40.00000283E-3,
,,,21.21280289,44.00000349E-3,
,,,21.21600342,52.00000107E-3,
,,,21.21920204,44.00000349E-3,
,,,21.22240257,44.00000349E-3,
,,,21.22560310,44.00000349E-3,
,,,21.22880173,40.00000283E-3,
,,,21.23200226,72.000004351E-3,
,,,21.23520279,40.00000283E-3,
,,,21.23840332,44.00000349E-3,
,,,21.24160194,40.00000283E-3,
,,,21.24480247,32.00000152E-3,
,,,21.24800301,28.00000086E-3,
,,,21.25120163,32.00000152E-3,
,,,21.25440216,40.00000283E-3,
,,,21.25760269,24.00000021E-3,
,,,21.26080322,24.00000021E-3,
,,,21.26400185,20.0000014E-3,
,,,21.26720238,20.0000014E-3,
,,,21.27040291,12.0000001E-3,
,,,21.27360344,12.0000001E-3,
,,,21.27680206,8.000000380E-3,
,,,21.28000259,8.000000380E-3,
,,,21.28320313,8.000000380E-3,
,,,21.28640175,-4.00000019E-3,
,,,21.28960228,-8.000000380E-3,
,,,21.29280281,-16.0000008E-3,
,,,21.29600334,4.00000019E-3,
,,,21.29920197,-20.0000014E-3,
,,,21.30240250,8.000000380E-3,
,,,21.30560303,-12.0000001E-3,
,,,21.30880165,-8.000000380E-3,
,,,21.31200218,-8.000000380E-3,
,,,21.31520271,-8.000000380E-3,
,,,21.31840324,-16.0000008E-3,
,,,21.32160187,-16.0000008E-3,
,,,21.32480240,-16.0000008E-3,
,,,21.32800293,-8.000000380E-3,
,,,21.33120346,-16.0000008E-3,
,,,21.33440208,-8.000000380E-3,
,,,21.33760262,-36.00000218E-3,
,,,21.34080315,-12.0000001E-3,
,,,21.34400177,-12.0000001E-3,
,,,21.34720230,-16.0000008E-3,
,,,21.35040283,-24.00000021E-3,
,,,21.35360336,-12.0000001E-3,
,,,21.35680199,-12.0000001E-3,
,,,21.36000252,-16.0000008E-3,
,,,21.36320305,-12.0000001E-3,
,,,21.36640167,-12.0000001E-3,
,,,21.36960220,-12.0000001E-3,
,,,21.37280273,-16.0000008E-3,
,,,21.37600327,-12.0000001E-3,
,,,21.37920189,-16.0000008E-3,
,,,21.38240242,-32.00000152E-3,
,,,21.38560295,-20.0000014E-3,
,,,21.38880348,-12.0000001E-3,
,,,21.39200211,-24.00000021E-3,
,,,21.39520264,-8.000000380E-3,
,,,21.39840317,-16.0000008E-3,
,,,21.40160179,-24.00000021E-3,
,,,21.40480232,-20.0000014E-3,
,,,21.40800285,-12.0000001E-3,
,,,21.41120338,-16.0000008E-3,
,,,21.41440201,-20.0000014E-3,
,,,21.41760254,-12.0000001E-3,
,,,21.42080307,-12.0000001E-3,
,,,21.42400169,-12.0000001E-3,
,,,21.42720222,-8.000000380E-3,
,,,21.43040276,-8.000000380E-3,
,,,21.43360329,-12.0000001E-3,
,,,21.43680191,0.0,
,,,21.44000244,8.000000380E-3,
,,,21.44320297,32.00000152E-3,
,,,21.44640160,0.0,
,,,21.44960213,8.000000380E-3,
,,,21.45280266,8.000000380E-3,
,,,21.45600319,8.000000380E-3,
,,,21.45920181,-4.00000019E-3,
,,,21.46240234,8.000000380E-3,
,,,21.46560287,8.000000380E-3,
,,,21.46880341,8.000000380E-3,
,,,21.47200203,16.0000008E-3,
,,,21.47520256,12.0000001E-3,
,,,21.47840309,24.00000021E-3,
,,,21.48160172,20.0000014E-3,
,,,21.48480225,24.00000021E-3,
,,,21.48800278,24.00000021E-3,
,,,21.49120331,40.00000283E-3,
,,,21.49440193,32.00000152E-3,
,,,21.49760246,32.00000152E-3,
,,,21.50080299,36.00000218E-3,
,,,21.50400162,36.00000218E-3,
,,,21.50720215,36.00000218E-3,
,,,21.51040268,24.00000021E-3,
,,,21.51360321,40.00000283E-3,
,,,21.51680183,32.00000152E-3,
,,,21.52000237,40.00000283E-3,
,,,21.52320290,36.00000218E-3,
,,,21.52640343,36.00000218E-3,
,,,21.52960205,24.00000021E-3,
,,,21.53280258,36.00000218E-3,
,,,21.53600311,16.0000008E-3,
,,,21.53920174,16.0000008E-3,
,,,21.54240227,0.0,
,,,21.54560280,12.0000001E-3,
,,,21.54880333,-8.000000380E-3,
,,,21.55200195,-4.00000019E-3,
,,,21.55520248,-20.0000014E-3,
,,,21.55840302,-24.00000021E-3,
,,,21.56160164,-16.0000008E-3,
,,,21.56480217,-28.00000086E-3,
,,,21.56800270,-32.00000152E-3,
,,,21.57120323,-40.00000283E-3,
,,,21.57440186,-44.00000349E-3,
,,,21.57760239,-48.00000042E-3,
,,,21.58080292,-44.00000349E-3,
,,,21.58400345,-52.00000107E-3,
,,,21.58720207,-56.000001729E-3,
,,,21.59040260,-52.00000107E-3,
,,,21.59360313,-88.000006974E-3,
,,,21.59680176,-48.00000042E-3,
,,,21.60000229,-48.00000042E-3,
,,,21.60320282,-48.00000042E-3,
,,,21.60640335,-52.00000107E-3,
,,,21.60960197,-48.00000042E-3,
,,,21.61280251,-64.000003040E-3,
,,,21.61600304,-36.00000218E-3,
,,,21.61920166,-40.00000283E-3,
,,,21.62240219,-32.00000152E-3,
,,,21.62560272,-36.00000218E-3,
,,,21.62880325,-36.00000218E-3,
,,,21.63200188,-36.00000218E-3,
,,,21.63520241,-28.00000086E-3,
,,,21.63840294,-28.00000086E-3,
,,,21.64160347,-8.000000380E-3,
,,,21.64480209,-16.0000008E-3,
,,,21.64800262,0.0,
,,,21.65120316,-8.000000380E-3,
,,,21.65440178,-4.00000019E-3,
,,,21.65760231,-8.000000380E-3,
,,,21.66080284,8.000000380E-3,
,,,21.66400337,20.0000014E-3,
,,,21.66720200,20.0000014E-3,
,,,21.67040253,28.00000086E-3,
,,,21.67360306,32.00000152E-3,
,,,21.67680168,40.00000283E-3,
,,,21.68000221,44.00000349E-3,
,,,21.68320274,48.00000042E-3,
,,,21.68640327,60.000002384E-3,
,,,21.68960190,56.000001729E-3,
,,,21.69280243,76.000005007E-3,
,,,21.69600296,68.000003695E-3,
,,,21.69920349,80.000005662E-3,
,,,21.70240211,84.000006318E-3,
,,,21.70560265,96.000000834E-3,
,,,21.70880318,100.0000015E-3,
,,,21.71200180,112.0000035E-3,
,,,21.71520233,120.0000048E-3,
,,,21.71840286,108.0000028E-3,
,,,21.72160339,112.0000035E-3,
,,,21.72480202,120.0000048E-3,
,,,21.72800255,120.0000048E-3,
,,,21.73120308,108.0000028E-3,
,,,21.73440170,128.0000061E-3,
,,,21.73760223,124.0000054E-3,
,,,21.74080276,124.0000054E-3,
,,,21.74400330,124.0000054E-3,
,,,21.74720192,128.0000061E-3,
,,,21.75040245,120.0000048E-3,
,,,21.75360298,124.0000054E-3,
,,,21.75680161,120.0000048E-3,
,,,21.76000214,112.0000035E-3,
,,,21.76320267,116.0000041E-3,
,,,21.76640320,120.0000048E-3,
,,,21.76960182,108.0000028E-3,
,,,21.77280235,96.000000834E-3,
,,,21.77600288,92.000007629E-3,
,,,21.77920341,92.000007629E-3,
,,,21.78240204,52.00000107E-3,
,,,21.78560257,84.000006318E-3,
,,,21.78880310,68.000003695E-3,
,,,21.79200172,52.00000107E-3,
,,,21.79520226,44.00000349E-3,
,,,21.79840279,40.00000283E-3,
,,,21.80160332,32.00000152E-3,
,,,21.80480194,24.00000021E-3,
,,,21.80800247,20.0000014E-3,
,,,21.81120300,8.000000380E-3,
,,,21.81440163,-4.00000019E-3,
,,,21.81760216,-4.00000019E-3,
,,,21.82080269,-16.0000008E-3,
,,,21.82400322,-24.00000021E-3,
,,,21.82720184,-28.00000086E-3,
,,,21.83040237,-24.00000021E-3,
,,,21.83360291,-28.00000086E-3,
,,,21.83680344,-44.00000349E-3,
,,,21.84000206,-52.00000107E-3,
,,,21.84320259,-56.000001729E-3,
,,,21.84640312,-52.00000107E-3,
,,,21.84960175,-56.000001729E-3,
,,,21.85280228,-68.000003695E-3,
,,,21.85600281,-68.000003695E-3,
,,,21.85920334,-68.000003695E-3,
,,,21.86240196,-64.000003040E-3,
,,,21.86560249,-56.000001729E-3,
,,,21.86880302,-68.000003695E-3,
,,,21.87200165,-68.000003695E-3,
,,,21.87520218,-68.000003695E-3,
,,,21.87840271,-76.000005007E-3,
,,,21.88160324,-72.000004351E-3,
,,,21.88480186,-76.000005007E-3,
,,,21.88800240,-60.000002384E-3,
,,,21.89120293,-64.000003040E-3,
,,,21.89440346,-60.000002384E-3,
,,,21.89760208,-64.000003040E-3,
,,,21.90080261,-64.000003040E-3,
,,,21.90400314,-60.000002384E-3,
,,,21.90720177,-60.000002384E-3,
,,,21.91040230,-52.00000107E-3,
,,,21.91360283,-52.00000107E-3,
,,,21.91680336,-48.00000042E-3,
,,,21.92000198,-48.00000042E-3,
,,,21.92320251,-52.00000107E-3,
,,,21.92640305,-48.00000042E-3,
,,,21.92960167,-56.000001729E-3,
,,,21.93280220,-32.00000152E-3,
,,,21.93600273,-52.00000107E-3,
,,,21.93920326,-52.00000107E-3,
,,,21.94240189,-52.00000107E-3,
,,,21.94560242,-48.00000042E-3,
,,,21.94880295,-48.00000042E-3,
,,,21.95200348,-44.00000349E-3,
,,,21.95520210,-64.000003040E-3,
,,,21.95840263,-52.00000107E-3,
,,,21.96160316,-48.00000042E-3,
,,,21.96480179,-40.00000283E-3,
,,,21.96800232,-36.00000218E-3,
,,,21.97120285,-44.00000349E-3,
,,,21.97440338,-36.00000218E-3,
,,,21.97760201,-40.00000283E-3,
,,,21.98080254,-36.00000218E-3,
,,,21.98400307,-36.00000218E-3,
,,,21.98720169,-28.00000086E-3,
,,,21.99040222,-12.0000001E-3,
,,,21.99360275,-16.0000008E-3,
,,,21.99680328,-24.00000021E-3,
,,,22.00000191,-24.00000021E-3,
,,,22.00320244,-28.00000086E-3,
,,,22.00640297,-20.0000014E-3,
,,,22.00960350,-20.0000014E-3,
,,,22.01280212,-24.00000021E-3,
,,,22.01600266,-20.0000014E-3,
,,,22.01920319,-24.00000021E-3,
,,,22.02240181,-24.00000021E-3,
,,,22.02560234,-32.00000152E-3,
,,,22.02880287,-28.00000086E-3,
,,,22.03200340,-32.00000152E-3,
,,,22.03520203,-32.00000152E-3,
,,,22.03840256,-44.00000349E-3,
,,,22.04160309,-40.00000283E-3,
,,,22.04480171,-40.00000283E-3,
,,,22.04800224,-56.000001729E-3,
,,,22.05120277,-48.00000042E-3,
,,,22.05440331,-52.00000107E-3,
,,,22.05760193,-56.000001729E-3,
,,,22.06080246,-64.000003040E-3,
,,,22.06400299,-56.000001729E-3,
,,,22.06720352,-56.000001729E-3,
,,,22.07040215,-48.00000042E-3,
,,,22.07360268,-52.00000107E-3,
,,,22.07680321,-64.000003040E-3,
,,,22.08000183,-52.00000107E-3,
,,,22.08320236,-52.00000107E-3,
,,,22.08640289,-48.00000042E-3,
,,,22.08960342,-36.00000218E-3,
,,,22.09280205,-52.00000107E-3,
,,,22.09600258,-32.00000152E-3,
,,,22.09920311,-36.00000218E-3,
,,,22.10240173,-24.00000021E-3,
,,,22.10560226,-20.0000014E-3,
,,,22.10880280,-12.0000001E-3,
,,,22.11200333,-20.0000014E-3,
,,,22.11520195,4.00000019E-3,
,,,22.11840248,4.00000019E-3,
,,,22.12160301,28.00000086E-3,
,,,22.12480164,20.0000014E-3,
,,,22.12800217,28.00000086E-3,
,,,22.13120270,36.00000218E-3,
,,,22.13440323,28.00000086E-3,
,,,22.13760185,32.00000152E-3,
,,,22.14080238,32.00000152E-3,
,,,22.14400291,40.00000283E-3,
,,,22.14720345,36.00000218E-3,
,,,22.15040207,24.00000021E-3,
,,,22.15360260,28.00000086E-3,
,,,22.15680313,24.00000021E-3,
,,,22.16000175,24.00000021E-3,
,,,22.16320229,16.0000008E-3,
,,,22.16640282,8.000000380E-3,
,,,22.16960335,-4.00000019E-3,
,,,22.17280197,4.00000019E-3,
,,,22.17600250,4.00000019E-3,
,,,22.17920303,-16.0000008E-3,
,,,22.18240166,-12.0000001E-3,
,,,22.18560219,-12.0000001E-3,
,,,22.18880272,-16.0000008E-3,
,,,22.19200325,-24.00000021E-3,
,,,22.19520187,-28.00000086E-3,
,,,22.19840240,-44.00000349E-3,
,,,22.20160294,-44.00000349E-3,
,,,22.20480347,-40.00000283E-3,
,,,22.20800209,-36.00000218E-3,
,,,22.21120262,-44.00000349E-3,
,,,22.21440315,-44.00000349E-3,
,,,22.21760178,-48.00000042E-3,
,,,22.22080231,-48.00000042E-3,
,,,22.22400284,-56.000001729E-3,
,,,22.22720337,-44.00000349E-3,
,,,22.23040199,-40.00000283E-3,
,,,22.23360252,-40.00000283E-3,
,,,22.23680305,-44.00000349E-3,
,,,22.24000168,-28.00000086E-3,
,,,22.24320221,-24.00000021E-3,
,,,22.24640274,-12.0000001E-3,
,,,22.24960327,-16.0000008E-3,
,,,22.25280190,0.0,
,,,22.25600243,-8.000000380E-3,
,,,22.25920296,12.0000001E-3,
,,,22.26240349,16.0000008E-3,
,,,22.26560211,24.00000021E-3,
,,,22.26880264,28.00000086E-3,
,,,22.27200317,40.00000283E-3,
,,,22.27520180,52.00000107E-3,
,,,22.27840233,56.000001729E-3,
,,,22.28160286,60.000002384E-3,
,,,22.28480339,48.00000042E-3,
,,,22.28800201,72.000004351E-3,
,,,22.29120255,64.000003040E-3,
,,,22.29440308,80.000005662E-3,
,,,22.29760170,68.000003695E-3,
,,,22.30080223,76.000005007E-3,
,,,22.30400276,76.000005007E-3,
,,,22.30720329,80.000005662E-3,
,,,22.31040192,60.000002384E-3,
,,,22.31360245,56.000001729E-3,
,,,22.31680298,64.000003040E-3,
,,,22.32000351,80.000005662E-3,
,,,22.32320213,56.000001729E-3,
,,,22.32640266,52.00000107E-3,
,,,22.32960320,36.00000218E-3,
,,,22.33280182,28.00000086E-3,
,,,22.33600235,40.00000283E-3,
,,,22.33920288,20.0000014E-3,
,,,22.34240341,12.0000001E-3,
,,,22.34560204,-4.00000019E-3,
,,,22.34880257,0.0,
,,,22.35200310,-4.00000019E-3,
,,,22.35520172,-8.000000380E-3,
,,,22.35840225,-12.0000001E-3,
,,,22.36160278,-20.0000014E-3,
,,,22.36480331,-24.00000021E-3,
,,,22.36800194,-28.00000086E-3,
,,,22.37120247,-32.00000152E-3,
,,,22.37440300,-28.00000086E-3,
,,,22.37760353,-32.00000152E-3,
,,,22.38080215,-32.00000152E-3,
,,,22.38400269,-28.00000086E-3,
,,,22.38720322,-28.00000086E-3,
,,,22.39040184,-40.00000283E-3,
,,,22.39360237,-32.00000152E-3,
,,,22.39680290,-24.00000021E-3,
,,,22.40000343,-16.0000008E-3,
,,,22.40320206,-12.0000001E-3,
,,,22.40640259,-12.0000001E-3,
,,,22.40960312,-4.00000019E-3,
,,,22.41280174,-4.00000019E-3,
,,,22.41600227,4.00000019E-3,
,,,22.41920280,12.0000001E-3,
,,,22.42240334,16.0000008E-3,
,,,22.42560196,12.0000001E-3,
,,,22.42880249,16.0000008E-3,
,,,22.43200302,24.00000021E-3,
,,,22.43520164,28.00000086E-3,
,,,22.43840218,32.00000152E-3,
,,,22.44160271,24.00000021E-3,
,,,22.44480324,28.00000086E-3,
,,,22.44800186,28.00000086E-3,
,,,22.45120239,16.0000008E-3,
,,,22.45440292,20.0000014E-3,
,,,22.45760345,16.0000008E-3,
,,,22.46080208,8.000000380E-3,
,,,22.46400261,0.0,
,,,22.46720314,0.0,
,,,22.47040176,-12.0000001E-3,
,,,22.47360229,-4.00000019E-3,
,,,22.47680283,-20.0000014E-3,
,,,22.48000336,-32.00000152E-3,
,,,22.48320198,-40.00000283E-3,
,,,22.48640251,-40.00000283E-3,
,,,22.48960304,-48.00000042E-3,
,,,22.49280167,-68.000003695E-3,
,,,22.49600220,-52.00000107E-3,
,,,22.49920273,-68.000003695E-3,
,,,22.50240326,-68.000003695E-3,
,,,22.50560188,-76.000005007E-3,
,,,22.50880241,-72.000004351E-3,
,,,22.51200294,-72.000004351E-3,
,,,22.51520348,-72.000004351E-3,
,,,22.51840210,-76.000005007E-3,
,,,22.52160263,-76.000005007E-3,
,,,22.52480316,-80.000005662E-3,
,,,22.52800179,-72.000004351E-3,
,,,22.53120232,-72.000004351E-3,
,,,22.53440285,-64.000003040E-3,
,,,22.53760338,-64.000003040E-3,
,,,22.54080200,-56.000001729E-3,
,,,22.54400253,-44.00000349E-3,
,,,22.54720306,-48.00000042E-3,
,,,22.55040169,-44.00000349E-3,
,,,22.55360222,-28.00000086E-3,
,,,22.55680275,-16.0000008E-3,
,,,22.56000328,-8.000000380E-3,
,,,22.56320190,-8.000000380E-3,
,,,22.56640244,8.000000380E-3,
,,,22.56960297,24.00000021E-3,
,,,22.57280350,24.00000021E-3,
,,,22.57600212,36.00000218E-3,
,,,22.57920265,48.00000042E-3,
,,,22.58240318,56.000001729E-3,
,,,22.58560181,64.000003040E-3,
,,,22.58880234,68.000003695E-3,
,,,22.59200287,92.000007629E-3,
,,,22.59520340,96.000000834E-3,
,,,22.59840202,88.000006974E-3,
,,,22.60160255,96.000000834E-3,
,,,22.60480309,116.0000041E-3,
,,,22.60800171,120.0000048E-3,
,,,22.61120224,108.0000028E-3,
,,,22.61440277,120.0000048E-3,
,,,22.61760330,120.0000048E-3,
,,,22.62080193,124.0000054E-3,
,,,22.62400246,128.0000061E-3,
,,,22.62720299,124.0000054E-3,
,,,22.63040352,128.0000061E-3,
,,,22.63360214,124.0000054E-3,
,,,22.63680267,124.0000054E-3,
,,,22.64000320,128.0000061E-3,
,,,22.64320183,131.9999993E-3,
,,,22.64640236,128.0000061E-3,
,,,22.64960289,116.0000041E-3,
,,,22.65280342,120.0000048E-3,
,,,22.65600204,124.0000054E-3,
,,,22.65920258,120.0000048E-3,
,,,22.66240311,108.0000028E-3,
,,,22.66560173,116.0000041E-3,
,,,22.66880226,124.0000054E-3,
,,,22.67200279,116.0000041E-3,
,,,22.67520332,120.0000048E-3,
,,,22.67840195,104.0000021E-3,
,,,22.68160248,96.000000834E-3,
,,,22.68480301,96.000000834E-3,
,,,22.68800354,88.000006974E-3,
,,,22.69120216,80.000005662E-3,
,,,22.69440269,72.000004351E-3,
,,,22.69760323,76.000005007E-3,
,,,22.70080185,68.000003695E-3,
,,,22.70400238,60.000002384E-3,
,,,22.70720291,60.000002384E-3,
,,,22.71040344,36.00000218E-3,
,,,22.71360207,60.000002384E-3,
,,,22.71680260,40.00000283E-3,
,,,22.72000313,48.00000042E-3,
,,,22.72320175,28.00000086E-3,
,,,22.72640228,20.0000014E-3,
,,,22.72960281,24.00000021E-3,
,,,22.73280334,20.0000014E-3,
,,,22.73600197,12.0000001E-3,
,,,22.73920250,8.000000380E-3,
,,,22.74240303,4.00000019E-3,
,,,22.74560165,-12.0000001E-3,
,,,22.74880219,-4.00000019E-3,
,,,22.75200272,-20.0000014E-3,
,,,22.75520325,-28.00000086E-3,
,,,22.75840187,-24.00000021E-3,
,,,22.76160240,-40.00000283E-3,
,,,22.76480293,-44.00000349E-3,
,,,22.76800346,-48.00000042E-3,
,,,22.77120209,-44.00000349E-3,
,,,22.77440262,-60.000002384E-3,
,,,22.77760315,-60.000002384E-3,
,,,22.78080177,-64.000003040E-3,
,,,22.78400230,-72.000004351E-3,
,,,22.78720284,-64.000003040E-3,
,,,22.79040337,-80.000005662E-3,
,,,22.79360199,-72.000004351E-3,
,,,22.79680252,-72.000004351E-3,
,,,22.80000305,-68.000003695E-3,
,,,22.80320168,-76.000005007E-3,
,,,22.80640221,-80.000005662E-3,
,,,22.80960274,-84.000006318E-3,
,,,22.81280327,-92.000007629E-3,
,,,22.81600189,-92.000007629E-3,
,,,22.81920242,-92.000007629E-3,
,,,22.82240295,-92.000007629E-3,
,,,22.82560349,-96.000000834E-3,
,,,22.82880211,-80.000005662E-3,
,,,22.83200264,-100.0000015E-3,
,,,22.83520317,-100.0000015E-3,
,,,22.83840179,-100.0000015E-3,
,,,22.84160233,-100.0000015E-3,
,,,22.84480286,-84.000006318E-3,
,,,22.84800339,-96.000000834E-3,
,,,22.85120201,-96.000000834E-3,
,,,22.85440254,-88.000006974E-3,
,,,22.85760307,-92.000007629E-3,
,,,22.86080170,-88.000006974E-3,
,,,22.86400223,-84.000006318E-3,
,,,22.86720276,-80.000005662E-3,
,,,22.87040329,-76.000005007E-3,
,,,22.87360191,-72.000004351E-3,
,,,22.87680244,-60.000002384E-3,
,,,22.88000298,-56.000001729E-3,
,,,22.88320351,-52.00000107E-3,
,,,22.88640213,-40.00000283E-3,
,,,22.88960266,-32.00000152E-3,
,,,22.89280319,-36.00000218E-3,
,,,22.89600182,-20.0000014E-3,
,,,22.89920235,-12.0000001E-3,
,,,22.90240288,-8.000000380E-3,
,,,22.90560341,0.0,
,,,22.90880203,0.0,
,,,22.91200256,12.0000001E-3,
,,,22.91520309,24.00000021E-3,
,,,22.91840172,20.0000014E-3,
,,,22.92160225,20.0000014E-3,
,,,22.92480278,28.00000086E-3,
,,,22.92800331,24.00000021E-3,
,,,22.93120193,28.00000086E-3,
,,,22.93440247,24.00000021E-3,
,,,22.93760300,28.00000086E-3,
,,,22.94080353,32.00000152E-3,
,,,22.94400215,28.00000086E-3,
,,,22.94720268,20.0000014E-3,
,,,22.95040321,36.00000218E-3,
,,,22.95360184,28.00000086E-3,
,,,22.95680237,28.00000086E-3,
,,,22.96000290,36.00000218E-3,
,,,22.96320343,32.00000152E-3,
,,,22.96640205,28.00000086E-3,
,,,22.96960258,36.00000218E-3,
,,,22.97280312,44.00000349E-3,
,,,22.97600174,36.00000218E-3,
,,,22.97920227,36.00000218E-3,
,,,22.98240280,48.00000042E-3,
,,,22.98560333,56.000001729E-3,
,,,22.98880196,44.00000349E-3,
,,,22.99200249,60.000002384E-3,
,,,22.99520302,56.000001729E-3,
,,,22.99840355,64.000003040E-3,
,,,23.00160217,68.000003695E-3,
,,,23.00480270,68.000003695E-3,
,,,23.00800323,60.000002384E-3,
,,,23.01120186,64.000003040E-3,
,,,23.01440239,76.000005007E-3,
,,,23.01760292,76.000005007E-3,
,,,23.02080345,80.000005662E-3,
,,,23.02400208,80.000005662E-3,
,,,23.02720261,84.000006318E-3,
,,,23.03040314,60.000002384E-3,
,,,23.03360176,76.000005007E-3,
,,,23.03680229,64.000003040E-3,
,,,23.04000282,84.000006318E-3,
,,,23.04320335,76.000005007E-3,
,,,23.04640198,72.000004351E-3,
,,,23.04960251,68.000003695E-3,
,,,23.05280304,60.000002384E-3,
,,,23.05600166,52.00000107E-3,
,,,23.05920219,48.00000042E-3,
,,,23.06240273,44.00000349E-3,
,,,23.06560326,48.00000042E-3,
,,,23.06880188,32.00000152E-3,
,,,23.07200241,24.00000021E-3,
,,,23.07520294,16.0000008E-3,
,,,23.07840347,8.000000380E-3,
,,,23.08160210,-8.000000380E-3,
,,,23.08480263,0.0,
,,,23.08800316,-20.0000014E-3,
,,,23.09120178,-36.00000218E-3,
,,,23.09440231,-52.00000107E-3,
,,,23.09760284,-48.00000042E-3,
,,,23.10080338,-56.000001729E-3,
,,,23.10400200,-76.000005007E-3,
,,,23.10720253,-76.000005007E-3,
,,,23.11040306,-76.000005007E-3,
,,,23.11360168,-92.000007629E-3,
,,,23.11680222,-100.0000015E-3,
,,,23.12000275,-96.000000834E-3,
,,,23.12320328,-104.0000021E-3,
,,,23.12640190,-112.0000035E-3,
,,,23.12960243,-120.0000048E-3,
,,,23.13280296,-108.0000028E-3,
,,,23.13600349,-108.0000028E-3,
,,,23.13920212,-116.0000041E-3,
,,,23.14240265,-104.0000021E-3,
,,,23.14560318,-112.0000035E-3,
,,,23.14880180,-108.0000028E-3,
,,,23.15200233,-108.0000028E-3,
,,,23.15520287,-112.0000035E-3,
,,,23.15840340,-92.000007629E-3,
,,,23.16160202,-84.000006318E-3,
,,,23.16480255,-108.0000028E-3,
,,,23.16800308,-72.000004351E-3,
,,,23.17120171,-60.000002384E-3,
,,,23.17440224,-52.00000107E-3,
,,,23.17760277,-36.00000218E-3,
,,,23.18080330,-36.00000218E-3,
,,,23.18400192,-20.0000014E-3,
,,,23.18720245,-12.0000001E-3,
,,,23.19040298,-4.00000019E-3,
,,,23.19360352,8.000000380E-3,
,,,23.19680214,16.0000008E-3,
,,,23.20000267,24.00000021E-3,
,,,23.20320320,24.00000021E-3,
,,,23.20640182,32.00000152E-3,
,,,23.20960236,44.00000349E-3,
,,,23.21280289,28.00000086E-3,
,,,23.21600342,52.00000107E-3,
,,,23.21920204,48.00000042E-3,
,,,23.22240257,60.000002384E-3,
,,,23.22560310,60.000002384E-3,
,,,23.22880173,68.000003695E-3,
,,,23.23200226,60.000002384E-3,
,,,23.23520279,76.000005007E-3,
,,,23.23840332,64.000003040E-3,
,,,23.24160194,64.000003040E-3,
,,,23.24480247,68.000003695E-3,
,,,23.24800301,64.000003040E-3,
,,,23.25120354,60.000002384E-3,
,,,23.25440216,48.00000042E-3,
,,,23.25760269,40.00000283E-3,
,,,23.26080322,52.00000107E-3,
,,,23.26400185,52.00000107E-3,
,,,23.26720238,40.00000283E-3,
,,,23.27040291,28.00000086E-3,
,,,23.27360344,36.00000218E-3,
,,,23.27680206,28.00000086E-3,
,,,23.28000259,28.00000086E-3,
,,,23.28320313,24.00000021E-3,
,,,23.28640175,16.0000008E-3,
,,,23.28960228,20.0000014E-3,
,,,23.29280281,12.0000001E-3,
,,,23.29600334,4.00000019E-3,
,,,23.29920197,-4.00000019E-3,
,,,23.30240250,-4.00000019E-3,
,,,23.30560303,-16.0000008E-3,
,,,23.30880356,-8.000000380E-3,
,,,23.31200218,-12.0000001E-3,
,,,23.31520271,-24.00000021E-3,
,,,23.31840324,-16.0000008E-3,
,,,23.32160187,-20.0000014E-3,
,,,23.32480240,-28.00000086E-3,
,,,23.32800293,-24.00000021E-3,
,,,23.33120346,-36.00000218E-3,
,,,23.33440208,-28.00000086E-3,
,,,23.33760262,-28.00000086E-3,
,,,23.34080315,-36.00000218E-3,
,,,23.34400177,-36.00000218E-3,
,,,23.34720230,-28.00000086E-3,
,,,23.35040283,-40.00000283E-3,
,,,23.35360336,-32.00000152E-3,
,,,23.35680199,-48.00000042E-3,
,,,23.36000252,-32.00000152E-3,
,,,23.36320305,-48.00000042E-3,
,,,23.36640358,-60.000002384E-3,
,,,23.36960220,-44.00000349E-3,
,,,23.37280273,-64.000003040E-3,
,,,23.37600327,-56.000001729E-3,
,,,23.37920189,-60.000002384E-3,
,,,23.38240242,-68.000003695E-3,
,,,23.38560295,-80.000005662E-3,
,,,23.38880348,-76.000005007E-3,
,,,23.39200211,-68.000003695E-3,
,,,23.39520264,-80.000005662E-3,
,,,23.39840317,-72.000004351E-3,
,,,23.40160179,-80.000005662E-3,
,,,23.40480232,-76.000005007E-3,
,,,23.40800285,-80.000005662E-3,
,,,23.41120338,-64.000003040E-3,
,,,23.41440201,-60.000002384E-3,
,,,23.41760254,-64.000003040E-3,
,,,23.42080307,-64.000003040E-3,
,,,23.42400169,-68.000003695E-3,
,,,23.42720222,-56.000001729E-3,
,,,23.43040276,-44.00000349E-3,
,,,23.43360329,-52.00000107E-3,
,,,23.43680191,-28.00000086E-3,
,,,23.44000244,-36.00000218E-3,
,,,23.44320297,-20.0000014E-3,
,,,23.44640350,-16.0000008E-3,
,,,23.44960213,-12.0000001E-3,
,,,23.45280266,20.0000014E-3,
,,,23.45600319,8.000000380E-3,
,,,23.45920181,12.0000001E-3,
,,,23.46240234,24.00000021E-3,
,,,23.46560287,32.00000152E-3,
,,,23.46880341,36.00000218E-3,
,,,23.47200203,56.000001729E-3,
,,,23.47520256,88.000006974E-3,
,,,23.47840309,64.000003040E-3,
,,,23.48160172,64.000003040E-3,
,,,23.48480225,72.000004351E-3,
,,,23.48800278,80.000005662E-3,
,,,23.49120331,80.000005662E-3,
,,,23.49440193,72.000004351E-3,
,,,23.49760246,76.000005007E-3,
,,,23.50080299,84.000006318E-3,
,,,23.50400352,76.000005007E-3,
,,,23.50720215,76.000005007E-3,
,,,23.51040268,68.000003695E-3,
,,,23.51360321,64.000003040E-3,
,,,23.51680183,72.000004351E-3,
,,,23.52000237,60.000002384E-3,
,,,23.52320290,56.000001729E-3,
,,,23.52640343,60.000002384E-3,
,,,23.52960205,48.00000042E-3,
,,,23.53280258,48.00000042E-3,
,,,23.53600311,52.00000107E-3,
,,,23.53920174,44.00000349E-3,
,,,23.54240227,44.00000349E-3,
,,,23.54560280,48.00000042E-3,
,,,23.54880333,40.00000283E-3,
,,,23.55200195,36.00000218E-3,
,,,23.55520248,24.00000021E-3,
,,,23.55840302,20.0000014E-3,
,,,23.56160355,20.0000014E-3,
,,,23.56480217,8.000000380E-3,
,,,23.56800270,0.0,
,,,23.57120323,12.0000001E-3,
,,,23.57440186,-8.000000380E-3,
,,,23.57760239,-8.000000380E-3,
,,,23.58080292,-16.0000008E-3,
,,,23.58400345,-28.00000086E-3,
,,,23.58720207,-40.00000283E-3,
,,,23.59040260,-40.00000283E-3,
,,,23.59360313,-52.00000107E-3,
,,,23.59680176,-60.000002384E-3,
,,,23.60000229,-68.000003695E-3,
,,,23.60320282,-64.000003040E-3,
,,,23.60640335,-84.000006318E-3,
,,,23.60960197,-92.000007629E-3,
,,,23.61280251,-88.000006974E-3,
,,,23.61600304,-108.0000028E-3,
,,,23.61920357,-104.0000021E-3,
,,,23.62240219,-112.0000035E-3,
,,,23.62560272,-116.0000041E-3,
,,,23.62880325,-124.0000054E-3,
,,,23.63200188,-120.0000048E-3,
,,,23.63520241,-116.0000041E-3,
,,,23.63840294,-131.9999993E-3,
,,,23.64160347,-124.0000054E-3,
,,,23.64480209,-124.0000054E-3,
,,,23.64800262,-128.0000061E-3,
,,,23.65120316,-124.0000054E-3,
,,,23.65440178,-116.0000041E-3,
,,,23.65760231,-128.0000061E-3,
,,,23.66080284,-124.0000054E-3,
,,,23.66400337,-116.0000041E-3,
,,,23.66720200,-104.0000021E-3,
,,,23.67040253,-100.0000015E-3,
,,,23.67360306,-92.000007629E-3,
,,,23.67680359,-92.000007629E-3,
,,,23.68000221,-72.000004351E-3,
,,,23.68320274,-80.000005662E-3,
,,,23.68640327,-80.000005662E-3,
,,,23.68960190,-64.000003040E-3,
,,,23.69280243,-52.00000107E-3,
,,,23.69600296,-60.000002384E-3,
,,,23.69920349,-48.00000042E-3,
,,,23.70240211,-36.00000218E-3,
,,,23.70560265,-32.00000152E-3,
,,,23.70880318,-8.000000380E-3,
,,,23.71200180,-8.000000380E-3,
,,,23.71520233,-4.00000019E-3,
,,,23.71840286,8.000000380E-3,
,,,23.72160339,28.00000086E-3,
,,,23.72480202,28.00000086E-3,
,,,23.72800255,36.00000218E-3,
,,,23.73120308,40.00000283E-3,
,,,23.73440170,48.00000042E-3,
,,,23.73760223,68.000003695E-3,
,,,23.74080276,72.000004351E-3,
,,,23.74400330,72.000004351E-3,
,,,23.74720192,100.0000015E-3,
,,,23.75040245,92.000007629E-3,
,,,23.75360298,92.000007629E-3,
,,,23.75680351,104.0000021E-3,
,,,23.76000214,108.0000028E-3,
,,,23.76320267,116.0000041E-3,
,,,23.76640320,116.0000041E-3,
,,,23.76960182,124.0000054E-3,
,,,23.77280235,131.9999993E-3,
,,,23.77600288,116.0000041E-3,
,,,23.77920341,116.0000041E-3,
,,,23.78240204,128.0000061E-3,
,,,23.78560257,120.0000048E-3,
,,,23.78880310,124.0000054E-3,
,,,23.79200172,108.0000028E-3,
,,,23.79520226,104.0000021E-3,
,,,23.79840279,108.0000028E-3,
,,,23.80160332,100.0000015E-3,
,,,23.80480194,100.0000015E-3,
,,,23.80800247,96.000000834E-3,
,,,23.81120300,88.000006974E-3,
,,,23.81440353,80.000005662E-3,
,,,23.81760216,80.000005662E-3,
,,,23.82080269,68.000003695E-3,
,,,23.82400322,68.000003695E-3,
,,,23.82720184,60.000002384E-3,
,,,23.83040237,60.000002384E-3,
,,,23.83360291,48.00000042E-3,
,,,23.83680344,40.00000283E-3,
,,,23.84000206,44.00000349E-3,
,,,23.84320259,60.000002384E-3,
,,,23.84640312,36.00000218E-3,
,,,23.84960175,24.00000021E-3,
,,,23.85280228,36.00000218E-3,
,,,23.85600281,20.0000014E-3,
,,,23.85920334,12.0000001E-3,
,,,23.86240196,8.000000380E-3,
,,,23.86560249,16.0000008E-3,
,,,23.86880302,4.00000019E-3,
,,,23.87200356,-8.000000380E-3,
,,,23.87520218,4.00000019E-3,
,,,23.87840271,-8.000000380E-3,
,,,23.88160324,-16.0000008E-3,
,,,23.88480186,-20.0000014E-3,
,,,23.88800240,-28.00000086E-3,
,,,23.89120293,-28.00000086E-3,
,,,23.89440346,-36.00000218E-3,
,,,23.89760208,-48.00000042E-3,
,,,23.90080261,-48.00000042E-3,
,,,23.90400314,-56.000001729E-3,
,,,23.90720177,-56.000001729E-3,
,,,23.91040230,-72.000004351E-3,
,,,23.91360283,-72.000004351E-3,
,,,23.91680336,-76.000005007E-3,
,,,23.92000198,-68.000003695E-3,
,,,23.92320251,-76.000005007E-3,
,,,23.92640305,-76.000005007E-3,
,,,23.92960358,-84.000006318E-3,
,,,23.93280220,-72.000004351E-3,
,,,23.93600273,-64.000003040E-3,
,,,23.93920326,-68.000003695E-3,
,,,23.94240189,-72.000004351E-3,
,,,23.94560242,-76.000005007E-3,
,,,23.94880295,-56.000001729E-3,
,,,23.95200348,-48.00000042E-3,
,,,23.95520210,-48.00000042E-3,
,,,23.95840263,-40.00000283E-3,
,,,23.96160316,-36.00000218E-3,
,,,23.96480179,-32.00000152E-3,
,,,23.96800232,-28.00000086E-3,
,,,23.97120285,-20.0000014E-3,
,,,23.97440338,-4.00000019E-3,
,,,23.97760201,-32.00000152E-3,
,,,23.98080254,0.0,
,,,23.98400307,8.000000380E-3,
,,,23.98720360,12.0000001E-3,
,,,23.99040222,20.0000014E-3,
,,,23.99360275,24.00000021E-3,
,,,23.99680328,44.00000349E-3,
,,,24.00000191,32.00000152E-3,
,,,24.00320244,28.00000086E-3,
,,,24.00640297,36.00000218E-3,
,,,24.00960350,40.00000283E-3,
,,,24.01280212,40.00000283E-3,
,,,24.01600266,36.00000218E-3,
,,,24.01920319,36.00000218E-3,
,,,24.02240181,32.00000152E-3,
,,,24.02560234,48.00000042E-3,
,,,24.02880287,28.00000086E-3,
,,,24.03200340,32.00000152E-3,
,,,24.03520203,28.00000086E-3,
,,,24.03840256,20.0000014E-3,
,,,24.04160309,16.0000008E-3,
,,,24.04480171,8.000000380E-3,
,,,24.04800224,-12.0000001E-3,
,,,24.05120277,-4.00000019E-3,
,,,24.05440331,-8.000000380E-3,
,,,24.05760193,-4.00000019E-3,
,,,24.06080246,-20.0000014E-3,
,,,24.06400299,0.0,
,,,24.06720352,-8.000000380E-3,
,,,24.07040215,-8.000000380E-3,
,,,24.07360268,-12.0000001E-3,
,,,24.07680321,-4.00000019E-3,
,,,24.08000183,-12.0000001E-3,
,,,24.08320236,-4.00000019E-3,
,,,24.08640289,-8.000000380E-3,
,,,24.08960342,0.0,
,,,24.09280205,-8.000000380E-3,
,,,24.09600258,12.0000001E-3,
,,,24.09920311,-12.0000001E-3,
,,,24.10240173,-20.0000014E-3,
,,,24.10560226,-24.00000021E-3,
,,,24.10880280,-32.00000152E-3,
,,,24.11200333,-8.000000380E-3,
,,,24.11520195,-12.0000001E-3,
,,,24.11840248,-16.0000008E-3,
,,,24.12160301,-16.0000008E-3,
,,,24.12480354,-16.0000008E-3,
,,,24.12800217,-16.0000008E-3,
,,,24.13120270,0.0,
,,,24.13440323,4.00000019E-3,
,,,24.13760185,4.00000019E-3,
,,,24.14080238,12.0000001E-3,
,,,24.14400291,8.000000380E-3,
,,,24.14720345,28.00000086E-3,
,,,24.15040207,24.00000021E-3,
,,,24.15360260,32.00000152E-3,
,,,24.15680313,32.00000152E-3,
,,,24.16000175,28.00000086E-3,
,,,24.16320229,48.00000042E-3,
,,,24.16640282,52.00000107E-3,
,,,24.16960335,52.00000107E-3,
,,,24.17280197,48.00000042E-3,
,,,24.17600250,56.000001729E-3,
,,,24.17920303,60.000002384E-3,
,,,24.18240356,60.000002384E-3,
,,,24.18560219,48.00000042E-3,
,,,24.18880272,72.000004351E-3,
,,,24.19200325,68.000003695E-3,
,,,24.19520187,68.000003695E-3,
,,,24.19840240,60.000002384E-3,
,,,24.20160294,60.000002384E-3,
,,,24.20480347,56.000001729E-3,
,,,24.20800209,52.00000107E-3,
,,,24.21120262,44.00000349E-3,
,,,24.21440315,44.00000349E-3,
,,,24.21760178,24.00000021E-3,
,,,24.22080231,28.00000086E-3,
,,,24.22400284,20.0000014E-3,
,,,24.22720337,4.00000019E-3,
,,,24.23040199,12.0000001E-3,
,,,24.23360252,-4.00000019E-3,
,,,24.23680305,-16.0000008E-3,
,,,24.24000359,-12.0000001E-3,
,,,24.24320221,-8.000000380E-3,
,,,24.24640274,-40.00000283E-3,
,,,24.24960327,-48.00000042E-3,
,,,24.25280190,-60.000002384E-3,
,,,24.25600243,-64.000003040E-3,
,,,24.25920296,-68.000003695E-3,
,,,24.26240349,-68.000003695E-3,
,,,24.26560211,-72.000004351E-3,
,,,24.26880264,-64.000003040E-3,
,,,24.27200317,-68.000003695E-3,
,,,24.27520180,-76.000005007E-3,
,,,24.27840233,-68.000003695E-3,
,,,24.28160286,-64.000003040E-3,
,,,24.28480339,-56.000001729E-3,
,,,24.28800201,-48.00000042E-3,
,,,24.29120255,-60.000002384E-3,
,,,24.29440308,-56.000001729E-3,
,,,24.29760361,-52.00000107E-3,
,,,24.30080223,-52.00000107E-3,
,,,24.30400276,-56.000001729E-3,
,,,24.30720329,-52.00000107E-3,
,,,24.31040192,-60.000002384E-3,
,,,24.31360245,-48.00000042E-3,
,,,24.31680298,-72.000004351E-3,
,,,24.32000351,-40.00000283E-3,
,,,24.32320213,-48.00000042E-3,
,,,24.32640266,-40.00000283E-3,
,,,24.32960320,-32.00000152E-3,
,,,24.33280182,-40.00000283E-3,
,,,24.33600235,-32.00000152E-3,
,,,24.33920288,-24.00000021E-3,
,,,24.34240341,-24.00000021E-3,
,,,24.34560204,-28.00000086E-3,
,,,24.34880257,-28.00000086E-3,
,,,24.35200310,-24.00000021E-3,
,,,24.35520363,-20.0000014E-3,
,,,24.35840225,-20.0000014E-3,
,,,24.36160278,-12.0000001E-3,
,,,24.36480331,-12.0000001E-3,
,,,24.36800194,-8.000000380E-3,
,,,24.37120247,-4.00000019E-3,
,,,24.37440300,-12.0000001E-3,
,,,24.37760353,4.00000019E-3,
,,,24.38080215,0.0,
,,,24.38400269,8.000000380E-3,
,,,24.38720322,12.0000001E-3,
,,,24.39040184,8.000000380E-3,
,,,24.39360237,4.00000019E-3,
,,,24.39680290,4.00000019E-3,
,,,24.40000343,12.0000001E-3,
,,,24.40320206,8.000000380E-3,
,,,24.40640259,-4.00000019E-3,
,,,24.40960312,8.000000380E-3,
,,,24.41280174,24.00000021E-3,
,,,24.41600227,16.0000008E-3,
,,,24.41920280,28.00000086E-3,
,,,24.42240334,32.00000152E-3,
,,,24.42560196,40.00000283E-3,
,,,24.42880249,44.00000349E-3,
,,,24.43200302,44.00000349E-3,
,,,24.43520355,52.00000107E-3,
,,,24.43840218,56.000001729E-3,
,,,24.44160271,68.000003695E-3,
,,,24.44480324,76.000005007E-3,
,,,24.44800186,108.0000028E-3,
,,,24.45120239,84.000006318E-3,
,,,24.45440292,80.000005662E-3,
,,,24.45760345,92.000007629E-3,
,,,24.46080208,96.000000834E-3,
,,,24.46400261,96.000000834E-3,
,,,24.46720314,104.0000021E-3,
,,,24.47040176,104.0000021E-3,
,,,24.47360229,108.0000028E-3,
,,,24.47680283,104.0000021E-3,
,,,24.48000336,108.0000028E-3,
,,,24.48320198,120.0000048E-3,
,,,24.48640251,112.0000035E-3,
,,,24.48960304,124.0000054E-3,
,,,24.49280357,112.0000035E-3,
,,,24.49600220,112.0000035E-3,
,,,24.49920273,112.0000035E-3,
,,,24.50240326,100.0000015E-3,
,,,24.50560188,104.0000021E-3,
,,,24.50880241,88.000006974E-3,
,,,24.51200294,84.000006318E-3,
,,,24.51520348,76.000005007E-3,
,,,24.51840210,68.000003695E-3,
,,,24.52160263,68.000003695E-3,
,,,24.52480316,88.000006974E-3,
,,,24.52800179,60.000002384E-3,
,,,24.53120232,32.00000152E-3,
,,,24.53440285,56.000001729E-3,
,,,24.53760338,36.00000218E-3,
,,,24.54080200,24.00000021E-3,
,,,24.54400253,12.0000001E-3,
,,,24.54720306,8.000000380E-3,
,,,24.55040359,12.0000001E-3,
,,,24.55360222,0.0,
,,,24.55680275,-16.0000008E-3,
,,,24.56000328,-16.0000008E-3,
,,,24.56320190,-24.00000021E-3,
,,,24.56640244,-28.00000086E-3,
,,,24.56960297,-36.00000218E-3,
,,,24.57280350,-32.00000152E-3,
,,,24.57600212,-48.00000042E-3,
,,,24.57920265,-44.00000349E-3,
,,,24.58240318,-60.000002384E-3,
,,,24.58560181,-68.000003695E-3,
,,,24.58880234,-64.000003040E-3,
,,,24.59200287,-68.000003695E-3,
,,,24.59520340,-80.000005662E-3,
,,,24.59840202,-76.000005007E-3,
,,,24.60160255,-72.000004351E-3,
,,,24.60480309,-80.000005662E-3,
,,,24.60800362,-88.000006974E-3,
,,,24.61120224,-64.000003040E-3,
,,,24.61440277,-88.000006974E-3,
,,,24.61760330,-80.000005662E-3,
,,,24.62080193,-88.000006974E-3,
,,,24.62400246,-80.000005662E-3,
,,,24.62720299,-72.000004351E-3,
,,,24.63040352,-88.000006974E-3,
,,,24.63360214,-96.000000834E-3,
,,,24.63680267,-84.000006318E-3,
,,,24.64000320,-92.000007629E-3,
,,,24.64320183,-80.000005662E-3,
,,,24.64640236,-80.000005662E-3,
,,,24.64960289,-76.000005007E-3,
,,,24.65280342,-80.000005662E-3,
,,,24.65600204,-72.000004351E-3,
,,,24.65920258,-72.000004351E-3,
,,,24.66240311,-68.000003695E-3,
,,,24.66560364,-64.000003040E-3,
,,,24.66880226,-60.000002384E-3,
,,,24.67200279,-56.000001729E-3,
,,,24.67520332,-56.000001729E-3,
,,,24.67840195,-52.00000107E-3,
,,,24.68160248,-44.00000349E-3,
,,,24.68480301,-40.00000283E-3,
,,,24.68800354,-48.00000042E-3,
,,,24.69120216,-12.0000001E-3,
,,,24.69440269,-20.0000014E-3,
,,,24.69760323,-12.0000001E-3,
,,,24.70080185,-8.000000380E-3,
,,,24.70400238,-8.000000380E-3,
,,,24.70720291,0.0,
,,,24.71040344,0.0,
,,,24.71360207,16.0000008E-3,
,,,24.71680260,8.000000380E-3,
,,,24.72000313,20.0000014E-3,
,,,24.72320175,24.00000021E-3,
,,,24.72640228,28.00000086E-3,
,,,24.72960281,20.0000014E-3,
,,,24.73280334,36.00000218E-3,
,,,24.73600197,44.00000349E-3,
,,,24.73920250,44.00000349E-3,
,,,24.74240303,48.00000042E-3,
,,,24.74560356,36.00000218E-3,
,,,24.74880219,52.00000107E-3,
,,,24.75200272,60.000002384E-3,
,,,24.75520325,56.000001729E-3,
,,,24.75840187,48.00000042E-3,
,,,24.76160240,52.00000107E-3,
,,,24.76480293,56.000001729E-3,
,,,24.76800346,48.00000042E-3,
,,,24.77120209,48.00000042E-3,
,,,24.77440262,56.000001729E-3,
,,,24.77760315,44.00000349E-3,
,,,24.78080177,44.00000349E-3,
,,,24.78400230,44.00000349E-3,
,,,24.78720284,56.000001729E-3,
,,,24.79040337,40.00000283E-3,
,,,24.79360199,20.0000014E-3,
,,,24.79680252,32.00000152E-3,
,,,24.80000305,24.00000021E-3,
,,,24.80320358,32.00000152E-3,
,,,24.80640221,28.00000086E-3,
,,,24.80960274,4.00000019E-3,
,,,24.81280327,24.00000021E-3,
,,,24.81600189,8.000000380E-3,
,,,24.81920242,12.0000001E-3,
,,,24.82240295,4.00000019E-3,
,,,24.82560349,0.0,
,,,24.82880211,4.00000019E-3,
,,,24.83200264,8.000000380E-3,
,,,24.83520317,-4.00000019E-3,
,,,24.83840179,-12.0000001E-3,
,,,24.84160233,-8.000000380E-3,
,,,24.84480286,-16.0000008E-3,
,,,24.84800339,-8.000000380E-3,
,,,24.85120201,-28.00000086E-3,
,,,24.85440254,-20.0000014E-3,
,,,24.85760307,-16.0000008E-3,
,,,24.86080360,-24.00000021E-3,
,,,24.86400223,-16.0000008E-3,
,,,24.86720276,-12.0000001E-3,
,,,24.87040329,-20.0000014E-3,
,,,24.87360191,-12.0000001E-3,
,,,24.87680244,-36.00000218E-3,
,,,24.88000298,-24.00000021E-3,
,,,24.88320351,-36.00000218E-3,
,,,24.88640213,-28.00000086E-3,
,,,24.88960266,-44.00000349E-3,
,,,24.89280319,-36.00000218E-3,
,,,24.89600182,-52.00000107E-3,
,,,24.89920235,-44.00000349E-3,
,,,24.90240288,-48.00000042E-3,
,,,24.90560341,-40.00000283E-3,
,,,24.90880203,-48.00000042E-3,
,,,24.91200256,-44.00000349E-3,
,,,24.91520309,-52.00000107E-3,
,,,24.91840363,-44.00000349E-3,
,,,24.92160225,-44.00000349E-3,
,,,24.92480278,-44.00000349E-3,
,,,24.92800331,-40.00000283E-3,
,,,24.93120193,-44.00000349E-3,
,,,24.93440247,-24.00000021E-3,
,,,24.93760300,-28.00000086E-3,
,,,24.94080353,-28.00000086E-3,
,,,24.94400215,-20.0000014E-3,
,,,24.94720268,-20.0000014E-3,
,,,24.95040321,-4.00000019E-3,
,,,24.95360184,-16.0000008E-3,
,,,24.95680237,4.00000019E-3,
,,,24.96000290,8.000000380E-3,
,,,24.96320343,20.0000014E-3,
,,,24.96640205,24.00000021E-3,
,,,24.96960258,24.00000021E-3,
,,,24.97280312,32.00000152E-3,
,,,24.97600365,44.00000349E-3,
,,,24.97920227,48.00000042E-3,
,,,24.98240280,56.000001729E-3,
,,,24.98560333,52.00000107E-3,
,,,24.98880196,60.000002384E-3,
,,,24.99200249,76.000005007E-3,
,,,24.99520302,76.000005007E-3,
,,,24.99840355,80.000005662E-3,
,,,25.00160217,84.000006318E-3,
,,,25.00480270,80.000005662E-3,
,,,25.00800323,84.000006318E-3,
,,,25.01120186,80.000005662E-3,
,,,25.01440239,76.000005007E-3,
,,,25.01760292,76.000005007E-3,
,,,25.02080345,84.000006318E-3,
,,,25.02400208,84.000006318E-3,
,,,25.02720261,76.000005007E-3,
,,,25.03040314,76.000005007E-3,
,,,25.03360176,56.000001729E-3,
,,,25.03680229,60.000002384E-3,
,,,25.04000282,64.000003040E-3,
,,,25.04320335,56.000001729E-3,
,,,25.04640198,48.00000042E-3,
,,,25.04960251,40.00000283E-3,
,,,25.05280304,32.00000152E-3,
,,,25.05600357,32.00000152E-3,
,,,25.05920219,24.00000021E-3,
,,,25.06240273,20.0000014E-3,
,,,25.06560326,28.00000086E-3,
,,,25.06880188,16.0000008E-3,
,,,25.07200241,16.0000008E-3,
,,,25.07520294,24.00000021E-3,
,,,25.07840347,12.0000001E-3,
,,,25.08160210,12.0000001E-3,
,,,25.08480263,12.0000001E-3,
,,,25.08800316,8.000000380E-3,
,,,25.09120178,8.000000380E-3,
,,,25.09440231,4.00000019E-3,
,,,25.09760284,-8.000000380E-3,
,,,25.10080338,8.000000380E-3,
,,,25.10400200,-4.00000019E-3,
,,,25.10720253,0.0,
,,,25.11040306,0.0,
,,,25.11360359,-12.0000001E-3,
,,,25.11680222,0.0,
,,,25.12000275,-12.0000001E-3,
,,,25.12320328,0.0,
,,,25.12640190,-16.0000008E-3,
,,,25.12960243,-20.0000014E-3,
,,,25.13280296,-24.00000021E-3,
,,,25.13600349,-8.000000380E-3,
,,,25.13920212,-8.000000380E-3,
,,,25.14240265,-12.0000001E-3,
,,,25.14560318,-16.0000008E-3,
,,,25.14880180,-12.0000001E-3,
,,,25.15200233,-20.0000014E-3,
,,,25.15520287,-24.00000021E-3,
,,,25.15840340,-16.0000008E-3,
,,,25.16160202,-12.0000001E-3,
,,,25.16480255,-8.000000380E-3,
,,,25.16800308,-16.0000008E-3,
,,,25.17120361,-12.0000001E-3,
,,,25.17440224,-12.0000001E-3,
,,,25.17760277,-12.0000001E-3,
,,,25.18080330,-12.0000001E-3,
,,,25.18400192,-12.0000001E-3,
,,,25.18720245,-12.0000001E-3,
,,,25.19040298,-28.00000086E-3,
,,,25.19360352,-12.0000001E-3,
,,,25.19680214,-12.0000001E-3,
,,,25.20000267,-12.0000001E-3,
,,,25.20320320,-20.0000014E-3,
,,,25.20640182,-12.0000001E-3,
,,,25.20960236,0.0,
,,,25.21280289,-20.0000014E-3,
,,,25.21600342,-20.0000014E-3,
,,,25.21920204,-12.0000001E-3,
,,,25.22240257,-8.000000380E-3,
,,,25.22560310,-12.0000001E-3,
,,,25.22880363,-12.0000001E-3,
,,,25.23200226,-16.0000008E-3,
,,,25.23520279,-12.0000001E-3,
,,,25.23840332,-16.0000008E-3,
,,,25.24160194,-12.0000001E-3,
,,,25.24480247,-8.000000380E-3,
,,,25.24800301,-24.00000021E-3,
,,,25.25120354,-16.0000008E-3,
,,,25.25440216,-24.00000021E-3,
,,,25.25760269,-12.0000001E-3,
,,,25.26080322,-4.00000019E-3,
,,,25.26400185,-8.000000380E-3,
,,,25.26720238,-12.0000001E-3,
,,,25.27040291,4.00000019E-3,
,,,25.27360344,-24.00000021E-3,
,,,25.27680206,-4.00000019E-3,
,,,25.28000259,-12.0000001E-3,
,,,25.28320313,-4.00000019E-3,
,,,25.28640366,-8.000000380E-3,
,,,25.28960228,-20.0000014E-3,
,,,25.29280281,-12.0000001E-3,
,,,25.29600334,-20.0000014E-3,
,,,25.29920197,-8.000000380E-3,
,,,25.30240250,-4.00000019E-3,
,,,25.30560303,4.00000019E-3,
,,,25.30880356,-8.000000380E-3,
,,,25.31200218,-16.0000008E-3,
,,,25.31520271,-12.0000001E-3,
,,,25.31840324,-4.00000019E-3,
,,,25.32160187,-4.00000019E-3,
,,,25.32480240,-4.00000019E-3,
,,,25.32800293,0.0,
,,,25.33120346,16.0000008E-3,
,,,25.33440208,12.0000001E-3,
,,,25.33760262,8.000000380E-3,
,,,25.34080315,0.0,
,,,25.34400177,16.0000008E-3,
,,,25.34720230,8.000000380E-3,
,,,25.35040283,8.000000380E-3,
,,,25.35360336,32.00000152E-3,
,,,25.35680199,0.0,
,,,25.36000252,8.000000380E-3,
,,,25.36320305,0.0,
,,,25.36640358,4.00000019E-3,
,,,25.36960220,-4.00000019E-3,
,,,25.37280273,0.0,
,,,25.37600327,0.0,
,,,25.37920189,4.00000019E-3,
,,,25.38240242,0.0,
,,,25.38560295,8.000000380E-3,
,,,25.38880348,4.00000019E-3,
,,,25.39200211,8.000000380E-3,
,,,25.39520264,-4.00000019E-3,
,,,25.39840317,4.00000019E-3,
,,,25.40160179,0.0,
,,,25.40480232,-4.00000019E-3,
,,,25.40800285,0.0,
,,,25.41120338,-8.000000380E-3,
,,,25.41440201,0.0,
,,,25.41760254,-8.000000380E-3,
,,,25.42080307,-12.0000001E-3,
,,,25.42400360,-8.000000380E-3,
,,,25.42720222,-8.000000380E-3,
,,,25.43040276,0.0,
,,,25.43360329,-12.0000001E-3,
,,,25.43680191,4.00000019E-3,
,,,25.44000244,-16.0000008E-3,
,,,25.44320297,0.0,
,,,25.44640350,0.0,
,,,25.44960213,-8.000000380E-3,
,,,25.45280266,0.0,
,,,25.45600319,-12.0000001E-3,
,,,25.45920181,0.0,
,,,25.46240234,-12.0000001E-3,
,,,25.46560287,-12.0000001E-3,
,,,25.46880341,-8.000000380E-3,
,,,25.47200203,-8.000000380E-3,
,,,25.47520256,4.00000019E-3,
,,,25.47840309,-4.00000019E-3,
,,,25.48160362,-4.00000019E-3,
,,,25.48480225,0.0,
,,,25.48800278,-4.00000019E-3,
,,,25.49120331,-4.00000019E-3,
,,,25.49440193,4.00000019E-3,
,,,25.49760246,4.00000019E-3,
,,,25.50080299,-4.00000019E-3,
,,,25.50400352,-28.00000086E-3,
,,,25.50720215,4.00000019E-3,
,,,25.51040268,-4.00000019E-3,
,,,25.51360321,4.00000019E-3,
,,,25.51680183,0.0,
,,,25.52000237,-4.00000019E-3,
,,,25.52320290,4.00000019E-3,
,,,25.52640343,0.0,
,,,25.52960205,4.00000019E-3,
,,,25.53280258,4.00000019E-3,
,,,25.53600311,0.0,
,,,25.53920364,4.00000019E-3,
,,,25.54240227,0.0,
,,,25.54560280,0.0,
,,,25.54880333,0.0,
,,,25.55200195,-4.00000019E-3,
,,,25.55520248,4.00000019E-3,
,,,25.55840302,0.0,
,,,25.56160355,0.0,
,,,25.56480217,-8.000000380E-3,
,,,25.56800270,-8.000000380E-3,
,,,25.57120323,-12.0000001E-3,
,,,25.57440186,-12.0000001E-3,
,,,25.57760239,-8.000000380E-3,
,,,25.58080292,-4.00000019E-3,
,,,25.58400345,-12.0000001E-3,
,,,25.58720207,-8.000000380E-3,
,,,25.59040260,-16.0000008E-3,
,,,25.59360313,-4.00000019E-3,
,,,25.59680367,-12.0000001E-3,
,,,25.60000229,-8.000000380E-3,
,,,25.60320282,-8.000000380E-3,
,,,25.60640335,-8.000000380E-3,
,,,25.60960197,-24.00000021E-3,
,,,25.61280251,-4.00000019E-3,
,,,25.61600304,-12.0000001E-3,
,,,25.61920357,-16.0000008E-3,
,,,25.62240219,-8.000000380E-3,
,,,25.62560272,-12.0000001E-3,
,,,25.62880325,8.000000380E-3,
,,,25.63200188,-16.0000008E-3,
,,,25.63520241,-4.00000019E-3,
,,,25.63840294,-8.000000380E-3,
,,,25.64160347,-4.00000019E-3,
,,,25.64480209,-8.000000380E-3,
,,,25.64800262,-4.00000019E-3,
,,,25.65120316,0.0,
,,,25.65440369,4.00000019E-3,
,,,25.65760231,-4.00000019E-3,
,,,25.66080284,12.0000001E-3,
,,,25.66400337,-4.00000019E-3,
,,,25.66720200,0.0,
,,,25.67040253,-28.00000086E-3,
,,,25.67360306,4.00000019E-3,
,,,25.67680359,-16.0000008E-3,
,,,25.68000221,0.0,
,,,25.68320274,8.000000380E-3,
,,,25.68640327,12.0000001E-3,
,,,25.68960190,8.000000380E-3,
,,,25.69280243,12.0000001E-3,
,,,25.69600296,-4.00000019E-3,
,,,25.69920349,12.0000001E-3,
,,,25.70240211,8.000000380E-3,
,,,25.70560265,8.000000380E-3,
,,,25.70880318,4.00000019E-3,
,,,25.71200180,0.0,
,,,25.71520233,4.00000019E-3,
,,,25.71840286,-8.000000380E-3,
,,,25.72160339,8.000000380E-3,
,,,25.72480202,4.00000019E-3,
,,,25.72800255,0.0,
,,,25.73120308,0.0,
,,,25.73440361,8.000000380E-3,
,,,25.73760223,16.0000008E-3,
,,,25.74080276,4.00000019E-3,
,,,25.74400330,4.00000019E-3,
,,,25.74720192,8.000000380E-3,
,,,25.75040245,-8.000000380E-3,
,,,25.75360298,8.000000380E-3,
,,,25.75680351,12.0000001E-3,
,,,25.76000214,4.00000019E-3,
,,,25.76320267,0.0,
,,,25.76640320,0.0,
,,,25.76960182,4.00000019E-3,
,,,25.77280235,-4.00000019E-3,
,,,25.77600288,0.0,
,,,25.77920341,8.000000380E-3,
,,,25.78240204,-8.000000380E-3,
,,,25.78560257,4.00000019E-3,
,,,25.78880310,12.0000001E-3,
,,,25.79200363,-12.0000001E-3,
,,,25.79520226,4.00000019E-3,
,,,25.79840279,0.0,
,,,25.80160332,0.0,
,,,25.80480194,0.0,
,,,25.80800247,0.0,
,,,25.81120300,4.00000019E-3,
,,,25.81440353,4.00000019E-3,
,,,25.81760216,4.00000019E-3,
,,,25.82080269,0.0,
,,,25.82400322,8.000000380E-3,
,,,25.82720184,-4.00000019E-3,
,,,25.83040237,0.0,
,,,25.83360291,16.0000008E-3,
,,,25.83680344,0.0,
,,,25.84000206,4.00000019E-3,
,,,25.84320259,-4.00000019E-3,
,,,25.84640312,0.0,
,,,25.84960365,-4.00000019E-3,
,,,25.85280228,-16.0000008E-3,
,,,25.85600281,-12.0000001E-3,
,,,25.85920334,-12.0000001E-3,
,,,25.86240196,-12.0000001E-3,
,,,25.86560249,-16.0000008E-3,
,,,25.86880302,-8.000000380E-3,
,,,25.87200356,-16.0000008E-3,
,,,25.87520218,-12.0000001E-3,
,,,25.87840271,-16.0000008E-3,
,,,25.88160324,-12.0000001E-3,
,,,25.88480186,-16.0000008E-3,
,,,25.88800240,-12.0000001E-3,
,,,25.89120293,-8.000000380E-3,
,,,25.89440346,-4.00000019E-3,
,,,25.89760208,-4.00000019E-3,
,,,25.90080261,-4.00000019E-3,
,,,25.90400314,-4.00000019E-3,
,,,25.90720367,0.0,
,,,25.91040230,4.00000019E-3,
,,,25.91360283,-32.00000152E-3,
,,,25.91680336,-8.000000380E-3,
,,,25.92000198,-4.00000019E-3,
,,,25.92320251,0.0,
,,,25.92640305,12.0000001E-3,
,,,25.92960358,4.00000019E-3,
,,,25.93280220,4.00000019E-3,
,,,25.93600273,4.00000019E-3,
,,,25.93920326,12.0000001E-3,
,,,25.94240189,16.0000008E-3,
,,,25.94560242,16.0000008E-3,
,,,25.94880295,24.00000021E-3,
,,,25.95200348,24.00000021E-3,
,,,25.95520210,36.00000218E-3,
,,,25.95840263,32.00000152E-3,
,,,25.96160316,40.00000283E-3,
,,,25.96480370,40.00000283E-3,
,,,25.96800232,44.00000349E-3,
,,,25.97120285,56.000001729E-3,
,,,25.97440338,52.00000107E-3,
,,,25.97760201,64.000003040E-3,
,,,25.98080254,68.000003695E-3,
,,,25.98400307,92.000007629E-3,
,,,25.98720360,68.000003695E-3,
,,,25.99040222,92.000007629E-3,
,,,25.99360275,96.000000834E-3,
,,,25.99680328,96.000000834E-3,
,,,26.00000191,100.0000015E-3,
,,,26.00320244,116.0000041E-3,
,,,26.00640297,112.0000035E-3,
,,,26.00960350,116.0000041E-3,
,,,26.01280212,128.0000061E-3,
,,,26.01600266,124.0000054E-3,
,,,26.01920319,136.0000074E-3,
,,,26.02240181,136.0000074E-3,
,,,26.02560234,124.0000054E-3,
,,,26.02880287,136.0000074E-3,
,,,26.03200340,140.0000006E-3,
,,,26.03520203,144.0000087E-3,
,,,26.03840256,136.0000074E-3,
,,,26.04160309,136.0000074E-3,
,,,26.04480362,136.0000074E-3,
,,,26.04800224,128.0000061E-3,
,,,26.05120277,131.9999993E-3,
,,,26.05440331,124.0000054E-3,
,,,26.05760193,120.0000048E-3,
,,,26.06080246,116.0000041E-3,
,,,26.06400299,112.0000035E-3,
,,,26.06720352,96.000000834E-3,
,,,26.07040215,96.000000834E-3,
,,,26.07360268,92.000007629E-3,
,,,26.07680321,88.000006974E-3,
,,,26.08000183,72.000004351E-3,
,,,26.08320236,52.00000107E-3,
,,,26.08640289,52.00000107E-3,
,,,26.08960342,44.00000349E-3,
,,,26.09280205,40.00000283E-3,
,,,26.09600258,20.0000014E-3,
,,,26.09920311,8.000000380E-3,
,,,26.10240364,4.00000019E-3,
,,,26.10560226,-8.000000380E-3,
,,,26.10880280,-4.00000019E-3,
,,,26.11200333,-24.00000021E-3,
,,,26.11520195,-32.00000152E-3,
,,,26.11840248,-40.00000283E-3,
,,,26.12160301,-52.00000107E-3,
,,,26.12480354,-56.000001729E-3,
,,,26.12800217,-64.000003040E-3,
,,,26.13120270,-68.000003695E-3,
,,,26.13440323,-60.000002384E-3,
,,,26.13760185,-72.000004351E-3,
,,,26.14080238,-76.000005007E-3,
,,,26.14400291,-84.000006318E-3,
,,,26.14720345,-84.000006318E-3,
,,,26.15040207,-108.0000028E-3,
,,,26.15360260,-80.000005662E-3,
,,,26.15680313,-84.000006318E-3,
,,,26.16000366,-88.000006974E-3,
,,,26.16320229,-92.000007629E-3,
,,,26.16640282,-88.000006974E-3,
,,,26.16960335,-88.000006974E-3,
,,,26.17280197,-84.000006318E-3,
,,,26.17600250,-92.000007629E-3,
,,,26.17920303,-76.000005007E-3,
,,,26.18240356,-72.000004351E-3,
,,,26.18560219,-68.000003695E-3,
,,,26.18880272,-64.000003040E-3,
,,,26.19200325,-56.000001729E-3,
,,,26.19520187,-52.00000107E-3,
,,,26.19840240,-52.00000107E-3,
,,,26.20160294,-56.000001729E-3,
,,,26.20480347,-52.00000107E-3,
,,,26.20800209,-48.00000042E-3,
,,,26.21120262,-28.00000086E-3,
,,,26.21440315,-44.00000349E-3,
,,,26.21760368,-36.00000218E-3,
,,,26.22080231,-52.00000107E-3,
,,,26.22400284,-40.00000283E-3,
,,,26.22720337,-36.00000218E-3,
,,,26.23040199,-32.00000152E-3,
,,,26.23360252,-36.00000218E-3,
,,,26.23680305,-32.00000152E-3,
,,,26.24000359,-24.00000021E-3,
,,,26.24320221,-36.00000218E-3,
,,,26.24640274,-20.0000014E-3,
,,,26.24960327,-20.0000014E-3,
,,,26.25280190,-20.0000014E-3,
,,,26.25600243,-20.0000014E-3,
,,,26.25920296,-16.0000008E-3,
,,,26.26240349,-20.0000014E-3,
,,,26.26560211,-12.0000001E-3,
,,,26.26880264,-20.0000014E-3,
,,,26.27200317,-12.0000001E-3,
,,,26.27520370,0.0,
,,,26.27840233,4.00000019E-3,
,,,26.28160286,8.000000380E-3,
,,,26.28480339,8.000000380E-3,
,,,26.28800201,16.0000008E-3,
,,,26.29120255,20.0000014E-3,
,,,26.29440308,20.0000014E-3,
,,,26.29760361,28.00000086E-3,
,,,26.30080223,28.00000086E-3,
,,,26.30400276,32.00000152E-3,
,,,26.30720329,36.00000218E-3,
,,,26.31040192,56.000001729E-3,
,,,26.31360245,40.00000283E-3,
,,,26.31680298,48.00000042E-3,
,,,26.32000351,52.00000107E-3,
,,,26.32320213,48.00000042E-3,
,,,26.32640266,44.00000349E-3,
,,,26.32960320,48.00000042E-3,
,,,26.33280182,48.00000042E-3,
,,,26.33600235,60.000002384E-3,
,,,26.33920288,52.00000107E-3,
,,,26.34240341,48.00000042E-3,
,,,26.34560204,48.00000042E-3,
,,,26.34880257,32.00000152E-3,
,,,26.35200310,48.00000042E-3,
,,,26.35520363,36.00000218E-3,
,,,26.35840225,36.00000218E-3,
,,,26.36160278,32.00000152E-3,
,,,26.36480331,24.00000021E-3,
,,,26.36800194,20.0000014E-3,
,,,26.37120247,16.0000008E-3,
,,,26.37440300,12.0000001E-3,
,,,26.37760353,4.00000019E-3,
,,,26.38080215,0.0,
,,,26.38400269,-16.0000008E-3,
,,,26.38720322,-12.0000001E-3,
,,,26.39040184,-32.00000152E-3,
,,,26.39360237,-36.00000218E-3,
,,,26.39680290,-40.00000283E-3,
,,,26.40000343,-48.00000042E-3,
,,,26.40320206,-52.00000107E-3,
,,,26.40640259,-68.000003695E-3,
,,,26.40960312,-72.000004351E-3,
,,,26.41280365,-72.000004351E-3,
,,,26.41600227,-72.000004351E-3,
,,,26.41920280,-80.000005662E-3,
,,,26.42240334,-84.000006318E-3,
,,,26.42560196,-88.000006974E-3,
,,,26.42880249,-108.0000028E-3,
,,,26.43200302,-88.000006974E-3,
,,,26.43520355,-92.000007629E-3,
,,,26.43840218,-88.000006974E-3,
,,,26.44160271,-92.000007629E-3,
,,,26.44480324,-84.000006318E-3,
,,,26.44800186,-84.000006318E-3,
,,,26.45120239,-84.000006318E-3,
,,,26.45440292,-84.000006318E-3,
,,,26.45760345,-72.000004351E-3,
,,,26.46080208,-52.00000107E-3,
,,,26.46400261,-56.000001729E-3,
,,,26.46720314,-52.00000107E-3,
,,,26.47040367,-56.000001729E-3,
,,,26.47360229,-28.00000086E-3,
,,,26.47680283,-24.00000021E-3,
,,,26.48000336,-28.00000086E-3,
,,,26.48320198,-16.0000008E-3,
,,,26.48640251,-20.0000014E-3,
,,,26.48960304,0.0,
,,,26.49280357,-4.00000019E-3,
,,,26.49600220,16.0000008E-3,
,,,26.49920273,12.0000001E-3,
,,,26.50240326,20.0000014E-3,
,,,26.50560188,20.0000014E-3,
,,,26.50880241,28.00000086E-3,
,,,26.51200294,28.00000086E-3,
,,,26.51520348,16.0000008E-3,
,,,26.51840210,60.000002384E-3,
,,,26.52160263,24.00000021E-3,
,,,26.52480316,20.0000014E-3,
,,,26.52800369,12.0000001E-3,
,,,26.53120232,16.0000008E-3,
,,,26.53440285,8.000000380E-3,
,,,26.53760338,44.00000349E-3,
,,,26.54080200,8.000000380E-3,
,,,26.54400253,0.0,
,,,26.54720306,-4.00000019E-3,
,,,26.55040359,-4.00000019E-3,
,,,26.55360222,4.00000019E-3,
,,,26.55680275,-12.0000001E-3,
,,,26.56000328,-8.000000380E-3,
,,,26.56320190,-16.0000008E-3,
,,,26.56640244,0.0,
,,,26.56960297,-24.00000021E-3,
,,,26.57280350,-28.00000086E-3,
,,,26.57600212,-12.0000001E-3,
,,,26.57920265,-32.00000152E-3,
,,,26.58240318,-32.00000152E-3,
,,,26.58560371,-28.00000086E-3,
,,,26.58880234,-36.00000218E-3,
,,,26.59200287,-28.00000086E-3,
,,,26.59520340,-44.00000349E-3,
,,,26.59840202,-40.00000283E-3,
,,,26.60160255,-32.00000152E-3,
,,,26.60480309,-16.0000008E-3,
,,,26.60800362,-28.00000086E-3,
,,,26.61120224,-20.0000014E-3,
,,,26.61440277,-20.0000014E-3,
,,,26.61760330,-24.00000021E-3,
,,,26.62080193,-20.0000014E-3,
,,,26.62400246,-24.00000021E-3,
,,,26.62720299,-20.0000014E-3,
,,,26.63040352,-36.00000218E-3,
,,,26.63360214,-16.0000008E-3,
,,,26.63680267,-8.000000380E-3,
,,,26.64000320,-4.00000019E-3,
,,,26.64320374,12.0000001E-3,
,,,26.64640236,-4.00000019E-3,
,,,26.64960289,-8.000000380E-3,
,,,26.65280342,0.0,
,,,26.65600204,12.0000001E-3,
,,,26.65920258,4.00000019E-3,
,,,26.66240311,0.0,
,,,26.66560364,4.00000019E-3,
,,,26.66880226,-8.000000380E-3,
,,,26.67200279,8.000000380E-3,
,,,26.67520332,8.000000380E-3,
,,,26.67840195,0.0,
,,,26.68160248,4.00000019E-3,
,,,26.68480301,8.000000380E-3,
,,,26.68800354,4.00000019E-3,
,,,26.69120216,8.000000380E-3,
,,,26.69440269,0.0,
,,,26.69760323,4.00000019E-3,
,,,26.70080185,8.000000380E-3,
,,,26.70400238,8.000000380E-3,
,,,26.70720291,4.00000019E-3,
,,,26.71040344,4.00000019E-3,
,,,26.71360207,4.00000019E-3,
,,,26.71680260,4.00000019E-3,
,,,26.72000313,8.000000380E-3,
,,,26.72320366,20.0000014E-3,
,,,26.72640228,8.000000380E-3,
,,,26.72960281,8.000000380E-3,
,,,26.73280334,12.0000001E-3,
,,,26.73600197,20.0000014E-3,
,,,26.73920250,20.0000014E-3,
,,,26.74240303,20.0000014E-3,
,,,26.74560356,24.00000021E-3,
,,,26.74880219,20.0000014E-3,
,,,26.75200272,32.00000152E-3,
,,,26.75520325,24.00000021E-3,
,,,26.75840187,24.00000021E-3,
,,,26.76160240,24.00000021E-3,
,,,26.76480293,20.0000014E-3,
,,,26.76800346,32.00000152E-3,
,,,26.77120209,28.00000086E-3,
,,,26.77440262,16.0000008E-3,
,,,26.77760315,24.00000021E-3,
,,,26.78080368,28.00000086E-3,
,,,26.78400230,24.00000021E-3,
,,,26.78720284,24.00000021E-3,
,,,26.79040337,40.00000283E-3,
,,,26.79360199,36.00000218E-3,
,,,26.79680252,44.00000349E-3,
,,,26.80000305,36.00000218E-3,
,,,26.80320358,44.00000349E-3,
,,,26.80640221,40.00000283E-3,
,,,26.80960274,52.00000107E-3,
,,,26.81280327,48.00000042E-3,
,,,26.81600189,48.00000042E-3,
,,,26.81920242,48.00000042E-3,
,,,26.82240295,48.00000042E-3,
,,,26.82560349,44.00000349E-3,
,,,26.82880211,48.00000042E-3,
,,,26.83200264,60.000002384E-3,
,,,26.83520317,56.000001729E-3,
,,,26.83840370,44.00000349E-3,
,,,26.84160233,44.00000349E-3,
,,,26.84480286,44.00000349E-3,
,,,26.84800339,40.00000283E-3,
,,,26.85120201,36.00000218E-3,
,,,26.85440254,36.00000218E-3,
,,,26.85760307,28.00000086E-3,
,,,26.86080360,24.00000021E-3,
,,,26.86400223,20.0000014E-3,
,,,26.86720276,24.00000021E-3,
,,,26.87040329,12.0000001E-3,
,,,26.87360191,-8.000000380E-3,
,,,26.87680244,4.00000019E-3,
,,,26.88000298,0.0,
,,,26.88320351,0.0,
,,,26.88640213,-8.000000380E-3,
,,,26.88960266,-16.0000008E-3,
,,,26.89280319,-28.00000086E-3,
,,,26.89600372,-20.0000014E-3,
,,,26.89920235,-16.0000008E-3,
,,,26.90240288,-28.00000086E-3,
,,,26.90560341,-40.00000283E-3,
,,,26.90880203,-32.00000152E-3,
,,,26.91200256,-20.0000014E-3,
,,,26.91520309,-36.00000218E-3,
,,,26.91840363,-36.00000218E-3,
,,,26.92160225,-36.00000218E-3,
,,,26.92480278,-40.00000283E-3,
,,,26.92800331,-40.00000283E-3,
,,,26.93120193,-48.00000042E-3,
,,,26.93440247,-44.00000349E-3,
,,,26.93760300,-36.00000218E-3,
,,,26.94080353,-36.00000218E-3,
,,,26.94400215,-48.00000042E-3,
,,,26.94720268,-56.000001729E-3,
,,,26.95040321,-56.000001729E-3,
,,,26.95360374,-56.000001729E-3,
,,,26.95680237,-60.000002384E-3,
,,,26.96000290,-56.000001729E-3,
,,,26.96320343,-56.000001729E-3,
,,,26.96640205,-48.00000042E-3,
,,,26.96960258,-36.00000218E-3,
,,,26.97280312,-48.00000042E-3,
,,,26.97600365,-36.00000218E-3,
,,,26.97920227,-32.00000152E-3,
,,,26.98240280,-24.00000021E-3,
,,,26.98560333,-12.0000001E-3,
,,,26.98880196,-4.00000019E-3,
,,,26.99200249,-4.00000019E-3,
,,,26.99520302,16.0000008E-3,
,,,26.99840355,20.0000014E-3,
,,,27.00160217,32.00000152E-3,
,,,27.00480270,44.00000349E-3,
,,,27.00800323,44.00000349E-3,
,,,27.01120186,60.000002384E-3,
,,,27.01440239,60.000002384E-3,
,,,27.01760292,72.000004351E-3,
,,,27.02080345,72.000004351E-3,
,,,27.02400208,108.0000028E-3,
,,,27.02720261,92.000007629E-3,
,,,27.03040314,108.0000028E-3,
,,,27.03360367,104.0000021E-3,
,,,27.03680229,124.0000054E-3,
,,,27.04000282,108.0000028E-3,
,,,27.04320335,120.0000048E-3,
,,,27.04640198,120.0000048E-3,
,,,27.04960251,128.0000061E-3,
,,,27.05280304,120.0000048E-3,
,,,27.05600357,131.9999993E-3,
,,,27.05920219,124.0000054E-3,
,,,27.06240273,128.0000061E-3,
,,,27.06560326,120.0000048E-3,
,,,27.06880188,120.0000048E-3,
,,,27.07200241,112.0000035E-3,
,,,27.07520294,120.0000048E-3,
,,,27.07840347,116.0000041E-3,
,,,27.08160210,116.0000041E-3,
,,,27.08480263,108.0000028E-3,
,,,27.08800316,100.0000015E-3,
,,,27.09120369,104.0000021E-3,
,,,27.09440231,88.000006974E-3,
,,,27.09760284,84.000006318E-3,
,,,27.10080338,76.000005007E-3,
,,,27.10400200,76.000005007E-3,
,,,27.10720253,52.00000107E-3,
,,,27.11040306,52.00000107E-3,
,,,27.11360359,48.00000042E-3,
,,,27.11680222,32.00000152E-3,
,,,27.12000275,40.00000283E-3,
,,,27.12320328,32.00000152E-3,
,,,27.12640190,24.00000021E-3,
,,,27.12960243,28.00000086E-3,
,,,27.13280296,-4.00000019E-3,
,,,27.13600349,4.00000019E-3,
,,,27.13920212,-8.000000380E-3,
,,,27.14240265,-8.000000380E-3,
,,,27.14560318,-24.00000021E-3,
,,,27.14880371,-16.0000008E-3,
,,,27.15200233,-28.00000086E-3,
,,,27.15520287,-32.00000152E-3,
,,,27.15840340,-36.00000218E-3,
,,,27.16160202,-40.00000283E-3,
,,,27.16480255,-48.00000042E-3,
,,,27.16800308,-48.00000042E-3,
,,,27.17120361,-44.00000349E-3,
,,,27.17440224,-56.000001729E-3,
,,,27.17760277,-48.00000042E-3,
,,,27.18080330,-48.00000042E-3,
,,,27.18400192,-52.00000107E-3,
,,,27.18720245,-52.00000107E-3,
,,,27.19040298,-48.00000042E-3,
,,,27.19360352,-44.00000349E-3,
,,,27.19680214,-48.00000042E-3,
,,,27.20000267,-48.00000042E-3,
,,,27.20320320,-48.00000042E-3,
,,,27.20640373,-56.000001729E-3,
,,,27.20960236,-52.00000107E-3,
,,,27.21280289,-48.00000042E-3,
,,,27.21600342,-44.00000349E-3,
,,,27.21920204,-40.00000283E-3,
,,,27.22240257,-44.00000349E-3,
,,,27.22560310,-48.00000042E-3,
,,,27.22880363,-40.00000283E-3,
,,,27.23200226,-16.0000008E-3,
,,,27.23520279,-48.00000042E-3,
,,,27.23840332,-32.00000152E-3,
,,,27.24160194,-32.00000152E-3,
,,,27.24480247,-32.00000152E-3,
,,,27.24800301,-28.00000086E-3,
,,,27.25120354,-32.00000152E-3,
,,,27.25440216,-40.00000283E-3,
,,,27.25760269,-20.0000014E-3,
,,,27.26080322,-16.0000008E-3,
,,,27.26400375,-16.0000008E-3,
,,,27.26720238,-12.0000001E-3,
,,,27.27040291,-8.000000380E-3,
,,,27.27360344,-12.0000001E-3,
,,,27.27680206,-8.000000380E-3,
,,,27.28000259,-4.00000019E-3,
,,,27.28320313,-4.00000019E-3,
,,,27.28640366,0.0,
,,,27.28960228,0.0,
,,,27.29280281,8.000000380E-3,
,,,27.29600334,4.00000019E-3,
,,,27.29920197,0.0,
,,,27.30240250,0.0,
,,,27.30560303,0.0,
,,,27.30880356,-8.000000380E-3,
,,,27.31200218,8.000000380E-3,
,,,27.31520271,0.0,
,,,27.31840324,-4.00000019E-3,
,,,27.32160187,-12.0000001E-3,
,,,27.32480240,-16.0000008E-3,
,,,27.32800293,-12.0000001E-3,
,,,27.33120346,-16.0000008E-3,
,,,27.33440208,-16.0000008E-3,
,,,27.33760262,-24.00000021E-3,
,,,27.34080315,-16.0000008E-3,
,,,27.34400368,-28.00000086E-3,
,,,27.34720230,-24.00000021E-3,
,,,27.35040283,-36.00000218E-3,
,,,27.35360336,-20.0000014E-3,
,,,27.35680199,-12.0000001E-3,
,,,27.36000252,-28.00000086E-3,
,,,27.36320305,-28.00000086E-3,
,,,27.36640358,-24.00000021E-3,
,,,27.36960220,-16.0000008E-3,
,,,27.37280273,-28.00000086E-3,
,,,27.37600327,-28.00000086E-3,
,,,27.37920189,-20.0000014E-3,
,,,27.38240242,-20.0000014E-3,
,,,27.38560295,-16.0000008E-3,
,,,27.38880348,-20.0000014E-3,
,,,27.39200211,-32.00000152E-3,
,,,27.39520264,-12.0000001E-3,
,,,27.39840317,-24.00000021E-3,
,,,27.40160370,-24.00000021E-3,
,,,27.40480232,-16.0000008E-3,
,,,27.40800285,-24.00000021E-3,
,,,27.41120338,-28.00000086E-3,
,,,27.41440201,-20.0000014E-3,
,,,27.41760254,-20.0000014E-3,
,,,27.42080307,-20.0000014E-3,
,,,27.42400360,-8.000000380E-3,
,,,27.42720222,-20.0000014E-3,
,,,27.43040276,-20.0000014E-3,
,,,27.43360329,0.0,
,,,27.43680191,-20.0000014E-3,
,,,27.44000244,-12.0000001E-3,
,,,27.44320297,8.000000380E-3,
,,,27.44640350,-12.0000001E-3,
,,,27.44960213,-16.0000008E-3,
,,,27.45280266,-24.00000021E-3,
,,,27.45600319,-4.00000019E-3,
,,,27.45920372,-8.000000380E-3,
,,,27.46240234,-8.000000380E-3,
,,,27.46560287,0.0,
,,,27.46880341,0.0,
,,,27.47200203,4.00000019E-3,
,,,27.47520256,-4.00000019E-3,
,,,27.47840309,0.0,
,,,27.48160362,0.0,
,,,27.48480225,-4.00000019E-3,
,,,27.48800278,4.00000019E-3,
,,,27.49120331,0.0,
,,,27.49440193,-4.00000019E-3,
,,,27.49760246,-4.00000019E-3,
,,,27.50080299,4.00000019E-3,
,,,27.50400352,-4.00000019E-3,
,,,27.50720215,-12.0000001E-3,
,,,27.51040268,-8.000000380E-3,
,,,27.51360321,0.0,
,,,27.51680374,0.0,
,,,27.52000237,-12.0000001E-3,
,,,27.52320290,-12.0000001E-3,
,,,27.52640343,-12.0000001E-3,
,,,27.52960205,-16.0000008E-3,
,,,27.53280258,-4.00000019E-3,
,,,27.53600311,-8.000000380E-3,
,,,27.53920364,-8.000000380E-3,
,,,27.54240227,-16.0000008E-3,
,,,27.54560280,-12.0000001E-3,
,,,27.54880333,-12.0000001E-3,
,,,27.55200195,0.0,
,,,27.55520248,-4.00000019E-3,
,,,27.55840302,-8.000000380E-3,
,,,27.56160355,-16.0000008E-3,
,,,27.56480217,-16.0000008E-3,
,,,27.56800270,-16.0000008E-3,
,,,27.57120323,-24.00000021E-3,
,,,27.57440376,-16.0000008E-3,
,,,27.57760239,-20.0000014E-3,
,,,27.58080292,-8.000000380E-3,
,,,27.58400345,-12.0000001E-3,
,,,27.58720207,-20.0000014E-3,
,,,27.59040260,-16.0000008E-3,
,,,27.59360313,-16.0000008E-3,
,,,27.59680367,-16.0000008E-3,
,,,27.60000229,-16.0000008E-3,
,,,27.60320282,-16.0000008E-3,
,,,27.60640335,-28.00000086E-3,
,,,27.60960197,-20.0000014E-3,
,,,27.61280251,-28.00000086E-3,
,,,27.61600304,-20.0000014E-3,
,,,27.61920357,-24.00000021E-3,
,,,27.62240219,-16.0000008E-3,
,,,27.62560272,-24.00000021E-3,
,,,27.62880325,-8.000000380E-3,
,,,27.63200378,-20.0000014E-3,
,,,27.63520241,-20.0000014E-3,
,,,27.63840294,-4.00000019E-3,
,,,27.64160347,-16.0000008E-3,
,,,27.64480209,-8.000000380E-3,
,,,27.64800262,0.0,
,,,27.65120316,0.0,
,,,27.65440369,-4.00000019E-3,
,,,27.65760231,4.00000019E-3,
,,,27.66080284,4.00000019E-3,
,,,27.66400337,0.0,
,,,27.66720200,4.00000019E-3,
,,,27.67040253,0.0,
,,,27.67360306,12.0000001E-3,
,,,27.67680359,24.00000021E-3,
,,,27.68000221,12.0000001E-3,
,,,27.68320274,16.0000008E-3,
,,,27.68640327,4.00000019E-3,
,,,27.68960190,12.0000001E-3,
,,,27.69280243,20.0000014E-3,
,,,27.69600296,12.0000001E-3,
,,,27.69920349,16.0000008E-3,
,,,27.70240211,16.0000008E-3,
,,,27.70560265,16.0000008E-3,
,,,27.70880318,16.0000008E-3,
,,,27.71200371,12.0000001E-3,
,,,27.71520233,8.000000380E-3,
,,,27.71840286,20.0000014E-3,
,,,27.72160339,16.0000008E-3,
,,,27.72480202,16.0000008E-3,
,,,27.72800255,16.0000008E-3,
,,,27.73120308,12.0000001E-3,
,,,27.73440361,16.0000008E-3,
,,,27.73760223,8.000000380E-3,
,,,27.74080276,4.00000019E-3,
,,,27.74400330,8.000000380E-3,
,,,27.74720192,4.00000019E-3,
,,,27.75040245,4.00000019E-3,
,,,27.75360298,16.0000008E-3,
,,,27.75680351,12.0000001E-3,
,,,27.76000214,12.0000001E-3,
,,,27.76320267,8.000000380E-3,
,,,27.76640320,4.00000019E-3,
,,,27.76960373,8.000000380E-3,
,,,27.77280235,16.0000008E-3,
,,,27.77600288,4.00000019E-3,
,,,27.77920341,20.0000014E-3,
,,,27.78240204,12.0000001E-3,
,,,27.78560257,8.000000380E-3,
,,,27.78880310,8.000000380E-3,
,,,27.79200363,8.000000380E-3,
,,,27.79520226,4.00000019E-3,
,,,27.79840279,12.0000001E-3,
,,,27.80160332,12.0000001E-3,
,,,27.80480194,16.0000008E-3,
,,,27.80800247,0.0,
,,,27.81120300,8.000000380E-3,
,,,27.81440353,8.000000380E-3,
,,,27.81760216,8.000000380E-3,
,,,27.82080269,8.000000380E-3,
,,,27.82400322,24.00000021E-3,
,,,27.82720375,8.000000380E-3,
,,,27.83040237,4.00000019E-3,
,,,27.83360291,-8.000000380E-3,
,,,27.83680344,8.000000380E-3,
,,,27.84000206,4.00000019E-3,
,,,27.84320259,4.00000019E-3,
,,,27.84640312,0.0,
,,,27.84960365,-8.000000380E-3,
,,,27.85280228,-8.000000380E-3,
,,,27.85600281,8.000000380E-3,
,,,27.85920334,8.000000380E-3,
,,,27.86240196,4.00000019E-3,
,,,27.86560249,4.00000019E-3,
,,,27.86880302,4.00000019E-3,
,,,27.87200356,-8.000000380E-3,
,,,27.87520218,12.0000001E-3,
,,,27.87840271,4.00000019E-3,
,,,27.88160324,20.0000014E-3,
,,,27.88480377,12.0000001E-3,
,,,27.88800240,20.0000014E-3,
,,,27.89120293,24.00000021E-3,
,,,27.89440346,24.00000021E-3,
,,,27.89760208,36.00000218E-3,
,,,27.90080261,36.00000218E-3,
,,,27.90400314,36.00000218E-3,
,,,27.90720367,44.00000349E-3,
,,,27.91040230,52.00000107E-3,
,,,27.91360283,60.000002384E-3,
,,,27.91680336,64.000003040E-3,
,,,27.92000198,76.000005007E-3,
,,,27.92320251,80.000005662E-3,
,,,27.92640305,84.000006318E-3,
,,,27.92960358,72.000004351E-3,
,,,27.93280220,76.000005007E-3,
,,,27.93600273,72.000004351E-3,
,,,27.93920326,80.000005662E-3,
,,,27.94240379,88.000006974E-3,
,,,27.94560242,84.000006318E-3,
,,,27.94880295,104.0000021E-3,
,,,27.95200348,76.000005007E-3,
,,,27.95520210,88.000006974E-3,
,,,27.95840263,84.000006318E-3,
,,,27.96160316,72.000004351E-3,
,,,27.96480370,80.000005662E-3,
,,,27.96800232,68.000003695E-3,
,,,27.97120285,64.000003040E-3,
,,,27.97440338,52.00000107E-3,
,,,27.97760201,36.00000218E-3,
,,,27.98080254,32.00000152E-3,
,,,27.98400307,28.00000086E-3,
,,,27.98720360,24.00000021E-3,
,,,27.99040222,12.0000001E-3,
,,,27.99360275,0.0,
,,,27.99680328,-16.0000008E-3,
,,,28.00000191,-20.0000014E-3,
,,,28.00320244,-28.00000086E-3,
,,,28.00640297,-32.00000152E-3,
,,,28.00960350,-40.00000283E-3,
,,,28.01280212,-52.00000107E-3,
,,,28.01600266,-48.00000042E-3,
,,,28.01920319,-48.00000042E-3,
,,,28.02240372,-56.000001729E-3,
,,,28.02560234,-56.000001729E-3,
,,,28.02880287,-52.00000107E-3,
,,,28.03200340,-56.000001729E-3,
,,,28.03520203,-52.00000107E-3,
,,,28.03840256,-60.000002384E-3,
,,,28.04160309,-52.00000107E-3,
,,,28.04480362,-44.00000349E-3,
,,,28.04800224,-40.00000283E-3,
,,,28.05120277,-40.00000283E-3,
,,,28.05440331,-32.00000152E-3,
,,,28.05760193,-20.0000014E-3,
,,,28.06080246,-24.00000021E-3,
,,,28.06400299,-12.0000001E-3,
,,,28.06720352,-8.000000380E-3,
,,,28.07040215,-4.00000019E-3,
,,,28.07360268,12.0000001E-3,
,,,28.07680321,24.00000021E-3,
,,,28.08000374,28.00000086E-3,
,,,28.08320236,32.00000152E-3,
,,,28.08640289,4.00000019E-3,
,,,28.08960342,52.00000107E-3,
,,,28.09280205,44.00000349E-3,
,,,28.09600258,56.000001729E-3,
,,,28.09920311,60.000002384E-3,
,,,28.10240364,60.000002384E-3,
,,,28.10560226,64.000003040E-3,
,,,28.10880280,60.000002384E-3,
,,,28.11200333,68.000003695E-3,
,,,28.11520195,68.000003695E-3,
,,,28.11840248,64.000003040E-3,
,,,28.12160301,60.000002384E-3,
,,,28.12480354,44.00000349E-3,
,,,28.12800217,60.000002384E-3,
,,,28.13120270,56.000001729E-3,
,,,28.13440323,36.00000218E-3,
,,,28.13760376,52.00000107E-3,
,,,28.14080238,48.00000042E-3,
,,,28.14400291,32.00000152E-3,
,,,28.14720345,28.00000086E-3,
,,,28.15040207,32.00000152E-3,
,,,28.15360260,24.00000021E-3,
,,,28.15680313,8.000000380E-3,
,,,28.16000366,0.0,
,,,28.16320229,-4.00000019E-3,
,,,28.16640282,-12.0000001E-3,
,,,28.16960335,-8.000000380E-3,
,,,28.17280197,-24.00000021E-3,
,,,28.17600250,-44.00000349E-3,
,,,28.17920303,-48.00000042E-3,
,,,28.18240356,-60.000002384E-3,
,,,28.18560219,-60.000002384E-3,
,,,28.18880272,-68.000003695E-3,
,,,28.19200325,-84.000006318E-3,
,,,28.19520378,-84.000006318E-3,
,,,28.19840240,-76.000005007E-3,
,,,28.20160294,-76.000005007E-3,
,,,28.20480347,-80.000005662E-3,
,,,28.20800209,-80.000005662E-3,
,,,28.21120262,-76.000005007E-3,
,,,28.21440315,-100.0000015E-3,
,,,28.21760368,-72.000004351E-3,
,,,28.22080231,-92.000007629E-3,
,,,28.22400284,-68.000003695E-3,
,,,28.22720337,-68.000003695E-3,
,,,28.23040199,-80.000005662E-3,
,,,28.23360252,-56.000001729E-3,
,,,28.23680305,-56.000001729E-3,
,,,28.24000359,-56.000001729E-3,
,,,28.24320221,-48.00000042E-3,
,,,28.24640274,-36.00000218E-3,
,,,28.24960327,-40.00000283E-3,
,,,28.25280380,-32.00000152E-3,
,,,28.25600243,-32.00000152E-3,
,,,28.25920296,-28.00000086E-3,
,,,28.26240349,-24.00000021E-3,
,,,28.26560211,-24.00000021E-3,
,,,28.26880264,-12.0000001E-3,
,,,28.27200317,4.00000019E-3,
,,,28.27520370,-24.00000021E-3,
,,,28.27840233,-8.000000380E-3,
,,,28.28160286,-8.000000380E-3,
,,,28.28480339,-12.0000001E-3,
,,,28.28800201,-8.000000380E-3,
,,,28.29120255,0.0,
,,,28.29440308,0.0,
,,,28.29760361,0.0,
,,,28.30080223,-8.000000380E-3,
,,,28.30400276,-8.000000380E-3,
,,,28.30720329,-4.00000019E-3,
,,,28.31040192,-16.0000008E-3,
,,,28.31360245,-12.0000001E-3,
,,,28.31680298,-20.0000014E-3,
,,,28.32000351,-12.0000001E-3,
,,,28.32320213,-12.0000001E-3,
,,,28.32640266,-24.00000021E-3,
,,,28.32960320,-16.0000008E-3,
,,,28.33280373,-4.00000019E-3,
,,,28.33600235,-4.00000019E-3,
,,,28.33920288,0.0,
,,,28.34240341,-4.00000019E-3,
,,,28.34560204,-4.00000019E-3,
,,,28.34880257,-4.00000019E-3,
,,,28.35200310,8.000000380E-3,
,,,28.35520363,4.00000019E-3,
,,,28.35840225,12.0000001E-3,
,,,28.36160278,20.0000014E-3,
,,,28.36480331,20.0000014E-3,
,,,28.36800194,24.00000021E-3,
,,,28.37120247,28.00000086E-3,
,,,28.37440300,32.00000152E-3,
,,,28.37760353,20.0000014E-3,
,,,28.38080215,32.00000152E-3,
,,,28.38400269,36.00000218E-3,
,,,28.38720322,52.00000107E-3,
,,,28.39040375,48.00000042E-3,
,,,28.39360237,44.00000349E-3,
,,,28.39680290,44.00000349E-3,
,,,28.40000343,60.000002384E-3,
,,,28.40320206,48.00000042E-3,
,,,28.40640259,32.00000152E-3,
,,,28.40960312,36.00000218E-3,
,,,28.41280365,36.00000218E-3,
,,,28.41600227,24.00000021E-3,
,,,28.41920280,52.00000107E-3,
,,,28.42240334,28.00000086E-3,
,,,28.42560196,24.00000021E-3,
,,,28.42880249,12.0000001E-3,
,,,28.43200302,-4.00000019E-3,
,,,28.43520355,-8.000000380E-3,
,,,28.43840218,4.00000019E-3,
,,,28.44160271,-16.0000008E-3,
,,,28.44480324,-20.0000014E-3,
,,,28.44800377,-32.00000152E-3,
,,,28.45120239,-28.00000086E-3,
,,,28.45440292,-40.00000283E-3,
,,,28.45760345,-56.000001729E-3,
,,,28.46080208,-48.00000042E-3,
,,,28.46400261,-56.000001729E-3,
,,,28.46720314,-60.000002384E-3,
,,,28.47040367,-48.00000042E-3,
,,,28.47360229,-64.000003040E-3,
,,,28.47680283,-72.000004351E-3,
,,,28.48000336,-68.000003695E-3,
,,,28.48320198,-60.000002384E-3,
,,,28.48640251,-56.000001729E-3,
,,,28.48960304,-64.000003040E-3,
,,,28.49280357,-60.000002384E-3,
,,,28.49600220,-68.000003695E-3,
,,,28.49920273,-64.000003040E-3,
,,,28.50240326,-64.000003040E-3,
,,,28.50560379,-68.000003695E-3,
,,,28.50880241,-64.000003040E-3,
,,,28.51200294,-64.000003040E-3,
,,,28.51520348,-60.000002384E-3,
,,,28.51840210,-60.000002384E-3,
,,,28.52160263,-56.000001729E-3,
,,,28.52480316,-52.00000107E-3,
,,,28.52800369,-32.00000152E-3,
,,,28.53120232,-52.00000107E-3,
,,,28.53440285,-44.00000349E-3,
,,,28.53760338,-44.00000349E-3,
,,,28.54080200,-48.00000042E-3,
,,,28.54400253,-40.00000283E-3,
,,,28.54720306,-36.00000218E-3,
,,,28.55040359,-36.00000218E-3,
,,,28.55360222,-36.00000218E-3,
,,,28.55680275,-32.00000152E-3,
,,,28.56000328,-28.00000086E-3,
,,,28.56320381,-24.00000021E-3,
,,,28.56640244,-60.000002384E-3,
,,,28.56960297,-16.0000008E-3,
,,,28.57280350,-16.0000008E-3,
,,,28.57600212,-4.00000019E-3,
,,,28.57920265,-4.00000019E-3,
,,,28.58240318,-4.00000019E-3,
,,,28.58560371,-32.00000152E-3,
,,,28.58880234,-4.00000019E-3,
,,,28.59200287,0.0,
,,,28.59520340,16.0000008E-3,
,,,28.59840202,8.000000380E-3,
,,,28.60160255,16.0000008E-3,
,,,28.60480309,8.000000380E-3,
,,,28.60800362,12.0000001E-3,
,,,28.61120224,8.000000380E-3,
,,,28.61440277,36.00000218E-3,
,,,28.61760330,12.0000001E-3,
,,,28.62080383,24.00000021E-3,
,,,28.62400246,32.00000152E-3,
,,,28.62720299,32.00000152E-3,
,,,28.63040352,32.00000152E-3,
,,,28.63360214,0.0,
,,,28.63680267,24.00000021E-3,
,,,28.64000320,20.0000014E-3,
,,,28.64320374,32.00000152E-3,
,,,28.64640236,36.00000218E-3,
,,,28.64960289,36.00000218E-3,
,,,28.65280342,44.00000349E-3,
,,,28.65600204,28.00000086E-3,
,,,28.65920258,28.00000086E-3,
,,,28.66240311,24.00000021E-3,
,,,28.66560364,40.00000283E-3,
,,,28.66880226,36.00000218E-3,
,,,28.67200279,32.00000152E-3,
,,,28.67520332,28.00000086E-3,
,,,28.67840195,16.0000008E-3,
,,,28.68160248,24.00000021E-3,
,,,28.68480301,28.00000086E-3,
,,,28.68800354,32.00000152E-3,
,,,28.69120216,12.0000001E-3,
,,,28.69440269,28.00000086E-3,
,,,28.69760323,32.00000152E-3,
,,,28.70080376,32.00000152E-3,
,,,28.70400238,16.0000008E-3,
,,,28.70720291,24.00000021E-3,
,,,28.71040344,40.00000283E-3,
,,,28.71360207,12.0000001E-3,
,,,28.71680260,20.0000014E-3,
,,,28.72000313,-4.00000019E-3,
,,,28.72320366,12.0000001E-3,
,,,28.72640228,-8.000000380E-3,
,,,28.72960281,24.00000021E-3,
,,,28.73280334,8.000000380E-3,
,,,28.73600197,12.0000001E-3,
,,,28.73920250,0.0,
,,,28.74240303,-4.00000019E-3,
,,,28.74560356,-4.00000019E-3,
,,,28.74880219,-4.00000019E-3,
,,,28.75200272,-4.00000019E-3,
,,,28.75520325,-24.00000021E-3,
,,,28.75840378,-12.0000001E-3,
,,,28.76160240,-24.00000021E-3,
,,,28.76480293,-20.0000014E-3,
,,,28.76800346,-20.0000014E-3,
,,,28.77120209,-28.00000086E-3,
,,,28.77440262,-32.00000152E-3,
,,,28.77760315,-40.00000283E-3,
,,,28.78080368,-32.00000152E-3,
,,,28.78400230,-20.0000014E-3,
,,,28.78720284,-28.00000086E-3,
,,,28.79040337,-32.00000152E-3,
,,,28.79360199,-24.00000021E-3,
,,,28.79680252,-28.00000086E-3,
,,,28.80000305,-20.0000014E-3,
,,,28.80320358,-20.0000014E-3,
,,,28.80640221,-8.000000380E-3,
,,,28.80960274,-4.00000019E-3,
,,,28.81280327,-12.0000001E-3,
,,,28.81600380,-12.0000001E-3,
,,,28.81920242,-8.000000380E-3,
,,,28.82240295,-8.000000380E-3,
,,,28.82560349,-4.00000019E-3,
,,,28.82880211,-8.000000380E-3,
,,,28.83200264,-4.00000019E-3,
,,,28.83520317,4.00000019E-3,
,,,28.83840370,-4.00000019E-3,
,,,28.84160233,0.0,
,,,28.84480286,4.00000019E-3,
,,,28.84800339,12.0000001E-3,
,,,28.85120201,4.00000019E-3,
,,,28.85440254,4.00000019E-3,
,,,28.85760307,16.0000008E-3,
,,,28.86080360,12.0000001E-3,
,,,28.86400223,12.0000001E-3,
,,,28.86720276,12.0000001E-3,
,,,28.87040329,12.0000001E-3,
,,,28.87360382,12.0000001E-3,
,,,28.87680244,24.00000021E-3,
,,,28.88000298,8.000000380E-3,
,,,28.88320351,16.0000008E-3,
,,,28.88640213,12.0000001E-3,
,,,28.88960266,12.0000001E-3,
,,,28.89280319,12.0000001E-3,
,,,28.89600372,20.0000014E-3,
,,,28.89920235,12.0000001E-3,
,,,28.90240288,16.0000008E-3,
,,,28.90560341,20.0000014E-3,
,,,28.90880203,20.0000014E-3,
,,,28.91200256,40.00000283E-3,
,,,28.91520309,-8.000000380E-3,
,,,28.91840363,12.0000001E-3,
,,,28.92160225,16.0000008E-3,
,,,28.92480278,24.00000021E-3,
,,,28.92800331,8.000000380E-3,
,,,28.93120384,4.00000019E-3,
,,,28.93440247,-12.0000001E-3,
,,,28.93760300,4.00000019E-3,
,,,28.94080353,20.0000014E-3,
,,,28.94400215,8.000000380E-3,
,,,28.94720268,8.000000380E-3,
,,,28.95040321,24.00000021E-3,
,,,28.95360374,20.0000014E-3,
,,,28.95680237,20.0000014E-3,
,,,28.96000290,20.0000014E-3,
,,,28.96320343,20.0000014E-3,
,,,28.96640205,28.00000086E-3,
,,,28.96960258,24.00000021E-3,
,,,28.97280312,20.0000014E-3,
,,,28.97600365,28.00000086E-3,
,,,28.97920227,28.00000086E-3,
,,,28.98240280,28.00000086E-3,
,,,28.98560333,32.00000152E-3,
,,,28.98880196,32.00000152E-3,
,,,28.99200249,36.00000218E-3,
,,,28.99520302,12.0000001E-3,
,,,28.99840355,32.00000152E-3,
,,,29.00160217,32.00000152E-3,
,,,29.00480270,32.00000152E-3,
,,,29.00800323,36.00000218E-3,
,,,29.01120377,44.00000349E-3,
,,,29.01440239,44.00000349E-3,
,,,29.01760292,60.000002384E-3,
,,,29.02080345,56.000001729E-3,
,,,29.02400208,76.000005007E-3,
,,,29.02720261,64.000003040E-3,
,,,29.03040314,56.000001729E-3,
,,,29.03360367,72.000004351E-3,
,,,29.03680229,88.000006974E-3,
,,,29.04000282,84.000006318E-3,
,,,29.04320335,92.000007629E-3,
,,,29.04640198,84.000006318E-3,
,,,29.04960251,100.0000015E-3,
,,,29.05280304,112.0000035E-3,
,,,29.05600357,108.0000028E-3,
,,,29.05920219,116.0000041E-3,
,,,29.06240273,120.0000048E-3,
,,,29.06560326,120.0000048E-3,
,,,29.06880379,128.0000061E-3,
,,,29.07200241,124.0000054E-3,
,,,29.07520294,152.00001001E-3,
,,,29.07840347,136.0000074E-3,
,,,29.08160210,144.0000087E-3,
,,,29.08480263,144.0000087E-3,
,,,29.08800316,136.0000074E-3,
,,,29.09120369,144.0000087E-3,
,,,29.09440231,131.9999993E-3,
,,,29.09760284,131.9999993E-3,
,,,29.10080338,120.0000048E-3,
,,,29.10400200,116.0000041E-3,
,,,29.10720253,108.0000028E-3,
,,,29.11040306,88.000006974E-3,
,,,29.11360359,80.000005662E-3,
,,,29.11680222,80.000005662E-3,
,,,29.12000275,64.000003040E-3,
,,,29.12320328,60.000002384E-3,
,,,29.12640381,52.00000107E-3,
,,,29.12960243,32.00000152E-3,
,,,29.13280296,16.0000008E-3,
,,,29.13600349,8.000000380E-3,
,,,29.13920212,8.000000380E-3,
,,,29.14240265,-4.00000019E-3,
,,,29.14560318,-12.0000001E-3,
,,,29.14880371,-24.00000021E-3,
,,,29.15200233,-36.00000218E-3,
,,,29.15520287,-16.0000008E-3,
,,,29.15840340,-44.00000349E-3,
,,,29.16160202,-40.00000283E-3,
,,,29.16480255,-56.000001729E-3,
,,,29.16800308,-60.000002384E-3,
,,,29.17120361,-68.000003695E-3,
,,,29.17440224,-80.000005662E-3,
,,,29.17760277,-72.000004351E-3,
,,,29.18080330,-76.000005007E-3,
,,,29.18400383,-80.000005662E-3,
,,,29.18720245,-84.000006318E-3,
,,,29.19040298,-80.000005662E-3,
,,,29.19360352,-76.000005007E-3,
,,,29.19680214,-68.000003695E-3,
,,,29.20000267,-68.000003695E-3,
,,,29.20320320,-64.000003040E-3,
,,,29.20640373,-64.000003040E-3,
,,,29.20960236,-68.000003695E-3,
,,,29.21280289,-44.00000349E-3,
,,,29.21600342,-40.00000283E-3,
,,,29.21920204,-36.00000218E-3,
,,,29.22240257,-28.00000086E-3,
,,,29.22560310,-20.0000014E-3,
,,,29.22880363,-16.0000008E-3,
,,,29.23200226,-8.000000380E-3,
,,,29.23520279,-8.000000380E-3,
,,,29.23840332,8.000000380E-3,
,,,29.24160385,16.0000008E-3,
,,,29.24480247,16.0000008E-3,
,,,29.24800301,24.00000021E-3,
,,,29.25120354,20.0000014E-3,
,,,29.25440216,20.0000014E-3,
,,,29.25760269,32.00000152E-3,
,,,29.26080322,28.00000086E-3,
,,,29.26400375,32.00000152E-3,
,,,29.26720238,24.00000021E-3,
,,,29.27040291,28.00000086E-3,
,,,29.27360344,40.00000283E-3,
,,,29.27680206,32.00000152E-3,
,,,29.28000259,36.00000218E-3,
,,,29.28320313,40.00000283E-3,
,,,29.28640366,36.00000218E-3,
,,,29.28960228,44.00000349E-3,
,,,29.29280281,36.00000218E-3,
,,,29.29600334,40.00000283E-3,
,,,29.29920197,40.00000283E-3,
,,,29.30240250,44.00000349E-3,
,,,29.30560303,44.00000349E-3,
,,,29.30880356,48.00000042E-3,
,,,29.31200218,52.00000107E-3,
,,,29.31520271,36.00000218E-3,
,,,29.31840324,56.000001729E-3,
,,,29.32160378,56.000001729E-3,
,,,29.32480240,56.000001729E-3,
,,,29.32800293,52.00000107E-3,
,,,29.33120346,56.000001729E-3,
,,,29.33440208,48.00000042E-3,
,,,29.33760262,52.00000107E-3,
,,,29.34080315,48.00000042E-3,
,,,29.34400368,32.00000152E-3,
,,,29.34720230,36.00000218E-3,
,,,29.35040283,20.0000014E-3,
,,,29.35360336,16.0000008E-3,
,,,29.35680199,36.00000218E-3,
,,,29.36000252,16.0000008E-3,
,,,29.36320305,20.0000014E-3,
,,,29.36640358,12.0000001E-3,
,,,29.36960220,32.00000152E-3,
,,,29.37280273,12.0000001E-3,
,,,29.37600327,20.0000014E-3,
,,,29.37920380,8.000000380E-3,
,,,29.38240242,4.00000019E-3,
,,,29.38560295,4.00000019E-3,
,,,29.38880348,-8.000000380E-3,
,,,29.39200211,-4.00000019E-3,
,,,29.39520264,-8.000000380E-3,
,,,29.39840317,-20.0000014E-3,
,,,29.40160370,-32.00000152E-3,
,,,29.40480232,-28.00000086E-3,
,,,29.40800285,-40.00000283E-3,
,,,29.41120338,-48.00000042E-3,
,,,29.41440201,-48.00000042E-3,
,,,29.41760254,-44.00000349E-3,
,,,29.42080307,-52.00000107E-3,
,,,29.42400360,-56.000001729E-3,
,,,29.42720222,-64.000003040E-3,
,,,29.43040276,-72.000004351E-3,
,,,29.43360329,-80.000005662E-3,
,,,29.43680382,-68.000003695E-3,
,,,29.44000244,-68.000003695E-3,
,,,29.44320297,-76.000005007E-3,
,,,29.44640350,-80.000005662E-3,
,,,29.44960213,-68.000003695E-3,
,,,29.45280266,-64.000003040E-3,
,,,29.45600319,-76.000005007E-3,
,,,29.45920372,-72.000004351E-3,
,,,29.46240234,-64.000003040E-3,
,,,29.46560287,-56.000001729E-3,
,,,29.46880341,-48.00000042E-3,
,,,29.47200203,-24.00000021E-3,
,,,29.47520256,-36.00000218E-3,
,,,29.47840309,-28.00000086E-3,
,,,29.48160362,-32.00000152E-3,
,,,29.48480225,-24.00000021E-3,
,,,29.48800278,-24.00000021E-3,
,,,29.49120331,-20.0000014E-3,
,,,29.49440384,-8.000000380E-3,
,,,29.49760246,-8.000000380E-3,
,,,29.50080299,-8.000000380E-3,
,,,29.50400352,-4.00000019E-3,
,,,29.50720215,-4.00000019E-3,
,,,29.51040268,-4.00000019E-3,
,,,29.51360321,4.00000019E-3,
,,,29.51680374,4.00000019E-3,
,,,29.52000237,12.0000001E-3,
,,,29.52320290,0.0,
,,,29.52640343,0.0,
,,,29.52960205,0.0,
,,,29.53280258,-12.0000001E-3,
,,,29.53600311,-16.0000008E-3,
,,,29.53920364,-16.0000008E-3,
,,,29.54240227,-20.0000014E-3,
,,,29.54560280,-20.0000014E-3,
,,,29.54880333,-32.00000152E-3,
,,,29.55200386,-20.0000014E-3,
,,,29.55520248,-36.00000218E-3,
,,,29.55840302,-44.00000349E-3,
,,,29.56160355,-56.000001729E-3,
,,,29.56480217,-56.000001729E-3,
,,,29.56800270,-68.000003695E-3,
,,,29.57120323,-68.000003695E-3,
,,,29.57440376,-60.000002384E-3,
,,,29.57760239,-68.000003695E-3,
,,,29.58080292,-72.000004351E-3,
,,,29.58400345,-80.000005662E-3,
,,,29.58720207,-80.000005662E-3,
,,,29.59040260,-64.000003040E-3,
,,,29.59360313,-68.000003695E-3,
,,,29.59680367,-60.000002384E-3,
,,,29.60000229,-72.000004351E-3,
,,,29.60320282,-36.00000218E-3,
,,,29.60640335,-64.000003040E-3,
,,,29.60960197,-64.000003040E-3,
,,,29.61280251,-64.000003040E-3,
,,,29.61600304,-60.000002384E-3,
,,,29.61920357,-52.00000107E-3,
,,,29.62240219,-48.00000042E-3,
,,,29.62560272,-48.00000042E-3,
,,,29.62880325,-44.00000349E-3,
,,,29.63200378,-40.00000283E-3,
,,,29.63520241,-36.00000218E-3,
,,,29.63840294,-40.00000283E-3,
,,,29.64160347,-32.00000152E-3,
,,,29.64480209,-24.00000021E-3,
,,,29.64800262,-28.00000086E-3,
,,,29.65120316,-16.0000008E-3,
,,,29.65440369,-16.0000008E-3,
,,,29.65760231,-32.00000152E-3,
,,,29.66080284,-8.000000380E-3,
,,,29.66400337,-12.0000001E-3,
,,,29.66720200,0.0,
,,,29.67040253,4.00000019E-3,
,,,29.67360306,-8.000000380E-3,
,,,29.67680359,4.00000019E-3,
,,,29.68000221,12.0000001E-3,
,,,29.68320274,8.000000380E-3,
,,,29.68640327,4.00000019E-3,
,,,29.68960381,12.0000001E-3,
,,,29.69280243,4.00000019E-3,
,,,29.69600296,8.000000380E-3,
,,,29.69920349,4.00000019E-3,
,,,29.70240211,8.000000380E-3,
,,,29.70560265,4.00000019E-3,
,,,29.70880318,0.0,
,,,29.71200371,4.00000019E-3,
,,,29.71520233,4.00000019E-3,
,,,29.71840286,8.000000380E-3,
,,,29.72160339,0.0,
,,,29.72480202,4.00000019E-3,
,,,29.72800255,0.0,
,,,29.73120308,-4.00000019E-3,
,,,29.73440361,0.0,
,,,29.73760223,-4.00000019E-3,
,,,29.74080276,4.00000019E-3,
,,,29.74400330,0.0,
,,,29.74720383,-8.000000380E-3,
,,,29.75040245,-4.00000019E-3,
,,,29.75360298,0.0,
,,,29.75680351,4.00000019E-3,
,,,29.76000214,8.000000380E-3,
,,,29.76320267,4.00000019E-3,
,,,29.76640320,4.00000019E-3,
,,,29.76960373,4.00000019E-3,
,,,29.77280235,8.000000380E-3,
,,,29.77600288,4.00000019E-3,
,,,29.77920341,12.0000001E-3,
,,,29.78240204,4.00000019E-3,
,,,29.78560257,0.0,
,,,29.78880310,8.000000380E-3,
,,,29.79200363,4.00000019E-3,
,,,29.79520226,8.000000380E-3,
,,,29.79840279,28.00000086E-3,
,,,29.80160332,8.000000380E-3,
,,,29.80480385,4.00000019E-3,
,,,29.80800247,0.0,
,,,29.81120300,4.00000019E-3,
,,,29.81440353,-8.000000380E-3,
,,,29.81760216,-4.00000019E-3,
,,,29.82080269,-4.00000019E-3,
,,,29.82400322,-4.00000019E-3,
,,,29.82720375,-8.000000380E-3,
,,,29.83040237,4.00000019E-3,
,,,29.83360291,-4.00000019E-3,
,,,29.83680344,-8.000000380E-3,
,,,29.84000206,-12.0000001E-3,
,,,29.84320259,-24.00000021E-3,
,,,29.84640312,-20.0000014E-3,
,,,29.84960365,-20.0000014E-3,
,,,29.85280228,-16.0000008E-3,
,,,29.85600281,-12.0000001E-3,
,,,29.85920334,-8.000000380E-3,
,,,29.86240387,-4.00000019E-3,
,,,29.86560249,-8.000000380E-3,
,,,29.86880302,-4.00000019E-3,
,,,29.87200356,-12.0000001E-3,
,,,29.87520218,-12.0000001E-3,
,,,29.87840271,0.0,
,,,29.88160324,8.000000380E-3,
,,,29.88480377,-8.000000380E-3,
,,,29.88800240,0.0,
,,,29.89120293,4.00000019E-3,
,,,29.89440346,8.000000380E-3,
,,,29.89760208,4.00000019E-3,
,,,29.90080261,12.0000001E-3,
,,,29.90400314,12.0000001E-3,
,,,29.90720367,12.0000001E-3,
,,,29.91040230,8.000000380E-3,
,,,29.91360283,4.00000019E-3,
,,,29.91680336,8.000000380E-3,
,,,29.92000389,0.0,
,,,29.92320251,0.0,
,,,29.92640305,-8.000000380E-3,
,,,29.92960358,-4.00000019E-3,
,,,29.93280220,0.0,
,,,29.93600273,4.00000019E-3,
,,,29.93920326,-4.00000019E-3,
,,,29.94240379,-4.00000019E-3,
,,,29.94560242,-8.000000380E-3,
,,,29.94880295,-12.0000001E-3,
,,,29.95200348,-4.00000019E-3,
,,,29.95520210,-8.000000380E-3,
,,,29.95840263,-12.0000001E-3,
,,,29.96160316,-12.0000001E-3,
,,,29.96480370,0.0,
,,,29.96800232,4.00000019E-3,
,,,29.97120285,12.0000001E-3,
,,,29.97440338,48.00000042E-3,
,,,29.97760201,52.00000107E-3,
,,,29.98080254,72.000004351E-3,
,,,29.98400307,92.000007629E-3,
,,,29.98720360,124.0000054E-3,
,,,29.99040222,140.0000006E-3,
,,,29.99360275,164.00000453E-3,
,,,29.99680328,196.00000978E-3,
,,,30.00000381,212.00001240E-3,
,,,30.00320244,240.00000954E-3,
,,,30.00640297,244.00001764E-3,
,,,30.00960350,288.00001740E-3,
,,,30.01280212,296.00000381E-3,
,,,30.01600266,304.00002003E-3,
,,,30.01920319,320.00002265E-3,
,,,30.02240372,324.00000095E-3,
,,,30.02560234,328.00000906E-3,
,,,30.02880287,332.00001717E-3,
,,,30.03200340,328.00000906E-3,
,,,30.03520203,332.00001717E-3,
,,,30.03840256,324.00000095E-3,
,,,30.04160309,320.00002265E-3,
,,,30.04480362,324.00000095E-3,
,,,30.04800224,316.00001454E-3,
,,,30.05120277,336.00002527E-3,
,,,30.05440331,312.00000644E-3,
,,,30.05760384,304.00002003E-3,
,,,30.06080246,296.00000381E-3,
,,,30.06400299,284.00000930E-3,
,,,30.06720352,272.00001478E-3,
,,,30.07040215,263.99999857E-3,
,,,30.07360268,244.00001764E-3,
,,,30.07680321,228.00001502E-3,
,,,30.08000374,208.00000429E-3,
,,,30.08320236,184.00001526E-3,
,,,30.08640289,156.00000322E-3,
,,,30.08960342,136.0000074E-3,
,,,30.09280205,108.0000028E-3,
,,,30.09600258,72.000004351E-3,
,,,30.09920311,56.000001729E-3,
,,,30.10240364,36.00000218E-3,
,,,30.10560226,12.0000001E-3,
,,,30.10880280,-8.000000380E-3,
,,,30.11200333,-52.00000107E-3,
,,,30.11520386,-64.000003040E-3,
,,,30.11840248,-76.000005007E-3,
,,,30.12160301,-96.000000834E-3,
,,,30.12480354,-100.0000015E-3,
,,,30.12800217,-124.0000054E-3,
,,,30.13120270,-148.0000019E-3,
,,,30.13440323,-164.00000453E-3,
,,,30.13760376,-172.00000584E-3,
,,,30.14080238,-196.00000978E-3,
,,,30.14400291,-200.00000298E-3,
,,,30.14720345,-224.00000691E-3,
,,,30.15040207,-220.00001371E-3,
,,,30.15360260,-244.00001764E-3,
,,,30.15680313,-240.00000954E-3,
,,,30.16000366,-260.00002027E-3,
,,,30.16320229,-263.99999857E-3,
,,,30.16640282,-263.99999857E-3,
,,,30.16960335,-280.00000119E-3,
,,,30.17280388,-284.00000930E-3,
,,,30.17600250,-300.00001192E-3,
,,,30.17920303,-308.00002813E-3,
,,,30.18240356,-308.00002813E-3,
,,,30.18560219,-324.00000095E-3,
,,,30.18880272,-324.00000095E-3,
,,,30.19200325,-328.00000906E-3,
,,,30.19520378,-332.00001717E-3,
,,,30.19840240,-336.00002527E-3,
,,,30.20160294,-340.00000358E-3,
,,,30.20480347,-324.00000095E-3,
,,,30.20800209,-344.00001168E-3,
,,,30.21120262,-320.00002265E-3,
,,,30.21440315,-328.00000906E-3,
,,,30.21760368,-316.00001454E-3,
,,,30.22080231,-300.00001192E-3,
,,,30.22400284,-292.00002551E-3,
,,,30.22720337,-276.00002289E-3,
,,,30.23040390,-268.00000668E-3,
,,,30.23360252,-240.00000954E-3,
,,,30.23680305,-240.00000954E-3,
,,,30.24000359,-216.00000560E-3,
,,,30.24320221,-204.00001109E-3,
,,,30.24640274,-196.00000978E-3,
,,,30.24960327,-184.00001526E-3,
,,,30.25280380,-156.00000322E-3,
,,,30.25600243,-144.0000087E-3,
,,,30.25920296,-140.0000006E-3,
,,,30.26240349,-124.0000054E-3,
,,,30.26560211,-112.0000035E-3,
,,,30.26880264,-100.0000015E-3,
,,,30.27200317,-88.000006974E-3,
,,,30.27520370,-72.000004351E-3,
,,,30.27840233,-68.000003695E-3,
,,,30.28160286,-56.000001729E-3,
,,,30.28480339,-48.00000042E-3,
,,,30.28800201,-36.00000218E-3,
,,,30.29120255,-28.00000086E-3,
,,,30.29440308,-28.00000086E-3,
,,,30.29760361,-24.00000021E-3,
,,,30.30080223,-16.0000008E-3,
,,,30.30400276,-8.000000380E-3,
,,,30.30720329,0.0,
,,,30.31040382,8.000000380E-3,
,,,30.31360245,12.0000001E-3,
,,,30.31680298,28.00000086E-3,
,,,30.32000351,16.0000008E-3,
,,,30.32320213,4.00000019E-3,
,,,30.32640266,0.0,
,,,30.32960320,-4.00000019E-3,
,,,30.33280373,-4.00000019E-3,
,,,30.33600235,-8.000000380E-3,
,,,30.33920288,-12.0000001E-3,
,,,30.34240341,-16.0000008E-3,
,,,30.34560204,-16.0000008E-3,
,,,30.34880257,-24.00000021E-3,
,,,30.35200310,-36.00000218E-3,
,,,30.35520363,-4.00000019E-3,
,,,30.35840225,-40.00000283E-3,
,,,30.36160278,-44.00000349E-3,
,,,30.36480331,-40.00000283E-3,
,,,30.36800385,-44.00000349E-3,
,,,30.37120247,-44.00000349E-3,
,,,30.37440300,-32.00000152E-3,
,,,30.37760353,-40.00000283E-3,
,,,30.38080215,-40.00000283E-3,
,,,30.38400269,-44.00000349E-3,
,,,30.38720322,-32.00000152E-3,
,,,30.39040375,-36.00000218E-3,
,,,30.39360237,-44.00000349E-3,
,,,30.39680290,-40.00000283E-3,
,,,30.40000343,-32.00000152E-3,
,,,30.40320206,-20.0000014E-3,
,,,30.40640259,-24.00000021E-3,
,,,30.40960312,-12.0000001E-3,
,,,30.41280365,-16.0000008E-3,
,,,30.41600227,-12.0000001E-3,
,,,30.41920280,8.000000380E-3,
,,,30.42240334,4.00000019E-3,
,,,30.42560387,24.00000021E-3,
,,,30.42880249,24.00000021E-3,
,,,30.43200302,32.00000152E-3,
,,,30.43520355,40.00000283E-3,
,,,30.43840218,52.00000107E-3,
,,,30.44160271,52.00000107E-3,
,,,30.44480324,76.000005007E-3,
,,,30.44800377,84.000006318E-3,
,,,30.45120239,84.000006318E-3,
,,,30.45440292,100.0000015E-3,
,,,30.45760345,100.0000015E-3,
,,,30.46080208,116.0000041E-3,
,,,30.46400261,120.0000048E-3,
,,,30.46720314,131.9999993E-3,
,,,30.47040367,152.00001001E-3,
,,,30.47360229,152.00001001E-3,
,,,30.47680283,156.00000322E-3,
,,,30.48000336,168.00001264E-3,
,,,30.48320389,176.00001395E-3,
,,,30.48640251,172.00000584E-3,
,,,30.48960304,184.00001526E-3,
,,,30.49280357,192.00000167E-3,
,,,30.49600220,208.00000429E-3,
,,,30.49920273,204.00001109E-3,
,,,30.50240326,204.00001109E-3,
,,,30.50560379,196.00000978E-3,
,,,30.50880241,180.00000715E-3,
,,,30.51200294,180.00000715E-3,
,,,30.51520348,176.00001395E-3,
,,,30.51840210,168.00001264E-3,
,,,30.52160263,172.00000584E-3,
,,,30.52480316,148.0000019E-3,
,,,30.52800369,152.00001001E-3,
,,,30.53120232,128.0000061E-3,
,,,30.53440285,148.0000019E-3,
,,,30.53760338,136.0000074E-3,
,,,30.54080391,136.0000074E-3,
,,,30.54400253,128.0000061E-3,
,,,30.54720306,116.0000041E-3,
,,,30.55040359,116.0000041E-3,
,,,30.55360222,112.0000035E-3,
,,,30.55680275,96.000000834E-3,
,,,30.56000328,96.000000834E-3,
,,,30.56320381,88.000006974E-3,
,,,30.56640244,84.000006318E-3,
,,,30.56960297,80.000005662E-3,
,,,30.57280350,80.000005662E-3,
,,,30.57600212,68.000003695E-3,
,,,30.57920265,60.000002384E-3,
,,,30.58240318,48.00000042E-3,
,,,30.58560371,40.00000283E-3,
,,,30.58880234,52.00000107E-3,
,,,30.59200287,28.00000086E-3,
,,,30.59520340,40.00000283E-3,
,,,30.59840202,12.0000001E-3,
,,,30.60160255,8.000000380E-3,
,,,30.60480309,20.0000014E-3,
,,,30.60800362,-8.000000380E-3,
,,,30.61120224,-24.00000021E-3,
,,,30.61440277,-20.0000014E-3,
,,,30.61760330,-32.00000152E-3,
,,,30.62080383,-36.00000218E-3,
,,,30.62400246,-48.00000042E-3,
,,,30.62720299,-52.00000107E-3,
,,,30.63040352,-72.000004351E-3,
,,,30.63360214,-84.000006318E-3,
,,,30.63680267,-80.000005662E-3,
,,,30.64000320,-108.0000028E-3,
,,,30.64320374,-108.0000028E-3,
,,,30.64640236,-124.0000054E-3,
,,,30.64960289,-131.9999993E-3,
,,,30.65280342,-140.0000006E-3,
,,,30.65600204,-148.0000019E-3,
,,,30.65920258,-156.00000322E-3,
,,,30.66240311,-172.00000584E-3,
,,,30.66560364,-172.00000584E-3,
,,,30.66880226,-188.00000846E-3,
,,,30.67200279,-208.00000429E-3,
,,,30.67520332,-200.00000298E-3,
,,,30.67840385,-216.00000560E-3,
,,,30.68160248,-224.00000691E-3,
,,,30.68480301,-228.00001502E-3,
,,,30.68800354,-236.00001633E-3,
,,,30.69120216,-252.00000405E-3,
,,,30.69440269,-260.00002027E-3,
,,,30.69760323,-248.00001085E-3,
,,,30.70080376,-260.00002027E-3,
,,,30.70400238,-248.00001085E-3,
,,,30.70720291,-252.00000405E-3,
,,,30.71040344,-236.00001633E-3,
,,,30.71360207,-224.00000691E-3,
,,,30.71680260,-216.00000560E-3,
,,,30.72000313,-208.00000429E-3,
,,,30.72320366,-200.00000298E-3,
,,,30.72640228,-204.00001109E-3,
,,,30.72960281,-188.00000846E-3,
,,,30.73280334,-188.00000846E-3,
,,,30.73600388,-168.00001264E-3,
,,,30.73920250,-164.00000453E-3,
,,,30.74240303,-156.00000322E-3,
,,,30.74560356,-148.0000019E-3,
,,,30.74880219,-136.0000074E-3,
,,,30.75200272,-120.0000048E-3,
,,,30.75520325,-112.0000035E-3,
,,,30.75840378,-100.0000015E-3,
,,,30.76160240,-88.000006974E-3,
,,,30.76480293,-68.000003695E-3,
,,,30.76800346,-60.000002384E-3,
,,,30.77120209,-52.00000107E-3,
,,,30.77440262,-36.00000218E-3,
,,,30.77760315,-16.0000008E-3,
,,,30.78080368,0.0,
,,,30.78400230,20.0000014E-3,
,,,30.78720284,36.00000218E-3,
,,,30.79040337,56.000001729E-3,
,,,30.79360390,68.000003695E-3,
,,,30.79680252,80.000005662E-3,
,,,30.80000305,104.0000021E-3,
,,,30.80320358,124.0000054E-3,
,,,30.80640221,131.9999993E-3,
,,,30.80960274,160.00001132E-3,
,,,30.81280327,168.00001264E-3,
,,,30.81600380,196.00000978E-3,
,,,30.81920242,204.00001109E-3,
,,,30.82240295,232.00000823E-3,
,,,30.82560349,248.00001085E-3,
,,,30.82880211,268.00000668E-3,
,,,30.83200264,280.00000119E-3,
,,,30.83520317,312.00000644E-3,
,,,30.83840370,332.00001717E-3,
,,,30.84160233,340.00000358E-3,
,,,30.84480286,348.00001979E-3,
,,,30.84800339,360.00001431E-3,
,,,30.85120392,364.00002241E-3,
,,,30.85440254,364.00002241E-3,
,,,30.85760307,356.00000620E-3,
,,,30.86080360,356.00000620E-3,
,,,30.86400223,352.00002789E-3,
,,,30.86720276,360.00001431E-3,
,,,30.87040329,348.00001979E-3,
,,,30.87360382,344.00001168E-3,
,,,30.87680244,332.00001717E-3,
,,,30.88000298,316.00001454E-3,
,,,30.88320351,316.00001454E-3,
,,,30.88640213,300.00001192E-3,
,,,30.88960266,292.00002551E-3,
,,,30.89280319,292.00002551E-3,
,,,30.89600372,263.99999857E-3,
,,,30.89920235,248.00001085E-3,
,,,30.90240288,232.00000823E-3,
,,,30.90560341,216.00000560E-3,
,,,30.90880394,196.00000978E-3,
,,,30.91200256,176.00001395E-3,
,,,30.91520309,148.0000019E-3,
,,,30.91840363,136.0000074E-3,
,,,30.92160225,116.0000041E-3,
,,,30.92480278,88.000006974E-3,
,,,30.92800331,68.000003695E-3,
,,,30.93120384,36.00000218E-3,
,,,30.93440247,16.0000008E-3,
,,,30.93760300,-20.0000014E-3,
,,,30.94080353,-44.00000349E-3,
,,,30.94400215,-72.000004351E-3,
,,,30.94720268,-108.0000028E-3,
,,,30.95040321,-108.0000028E-3,
,,,30.95360374,-144.0000087E-3,
,,,30.95680237,-176.00001395E-3,
,,,30.96000290,-196.00000978E-3,
,,,30.96320343,-212.00001240E-3,
,,,30.96640205,-216.00000560E-3,
,,,30.96960258,-236.00001633E-3,
,,,30.97280312,-256.00001216E-3,
,,,30.97600365,-252.00000405E-3,
,,,30.97920227,-263.99999857E-3,
,,,30.98240280,-263.99999857E-3,
,,,30.98560333,-268.00000668E-3,
,,,30.98880386,-263.99999857E-3,
,,,30.99200249,-263.99999857E-3,
,,,30.99520302,-268.00000668E-3,
,,,30.99840355,-272.00001478E-3,
,,,31.00160217,-260.00002027E-3,
,,,31.00480270,-268.00000668E-3,
,,,31.00800323,-268.00000668E-3,
,,,31.01120377,-263.99999857E-3,
,,,31.01440239,-256.00001216E-3,
,,,31.01760292,-252.00000405E-3,
,,,31.02080345,-244.00001764E-3,
,,,31.02400208,-224.00000691E-3,
,,,31.02720261,-224.00000691E-3,
,,,31.03040314,-216.00000560E-3,
,,,31.03360367,-208.00000429E-3,
,,,31.03680229,-196.00000978E-3,
,,,31.04000282,-192.00000167E-3,
,,,31.04320335,-192.00000167E-3,
,,,31.04640388,-172.00000584E-3,
,,,31.04960251,-168.00001264E-3,
,,,31.05280304,-160.00001132E-3,
,,,31.05600357,-156.00000322E-3,
,,,31.05920219,-140.0000006E-3,
,,,31.06240273,-140.0000006E-3,
,,,31.06560326,-120.0000048E-3,
,,,31.06880379,-100.0000015E-3,
,,,31.07200241,-88.000006974E-3,
,,,31.07520294,-52.00000107E-3,
,,,31.07840347,-24.00000021E-3,
,,,31.08160210,-20.0000014E-3,
,,,31.08480263,12.0000001E-3,
,,,31.08800316,44.00000349E-3,
,,,31.09120369,68.000003695E-3,
,,,31.09440231,100.0000015E-3,
,,,31.09760284,131.9999993E-3,
,,,31.10080338,164.00000453E-3,
,,,31.10400391,184.00001526E-3,
,,,31.10720253,200.00000298E-3,
,,,31.11040306,228.00001502E-3,
,,,31.11360359,240.00000954E-3,
,,,31.11680222,244.00001764E-3,
,,,31.12000275,240.00000954E-3,
,,,31.12320328,248.00001085E-3,
,,,31.12640381,244.00001764E-3,
,,,31.12960243,248.00001085E-3,
,,,31.13280296,248.00001085E-3,
,,,31.13600349,244.00001764E-3,
,,,31.13920212,244.00001764E-3,
,,,31.14240265,228.00001502E-3,
,,,31.14560318,232.00000823E-3,
,,,31.14880371,228.00001502E-3,
,,,31.15200233,220.00001371E-3,
,,,31.15520287,200.00000298E-3,
,,,31.15840340,192.00000167E-3,
,,,31.16160393,192.00000167E-3,
,,,31.16480255,176.00001395E-3,
,,,31.16800308,160.00001132E-3,
,,,31.17120361,168.00001264E-3,
,,,31.17440224,148.0000019E-3,
,,,31.17760277,152.00001001E-3,
,,,31.18080330,140.0000006E-3,
,,,31.18400383,120.0000048E-3,
,,,31.18720245,116.0000041E-3,
,,,31.19040298,112.0000035E-3,
,,,31.19360352,100.0000015E-3,
,,,31.19680214,72.000004351E-3,
,,,31.20000267,60.000002384E-3,
,,,31.20320320,32.00000152E-3,
,,,31.20640373,8.000000380E-3,
,,,31.20960236,-20.0000014E-3,
,,,31.21280289,-56.000001729E-3,
,,,31.21600342,-68.000003695E-3,
,,,31.21920395,-96.000000834E-3,
,,,31.22240257,-120.0000048E-3,
,,,31.22560310,-131.9999993E-3,
,,,31.22880363,-144.0000087E-3,
,,,31.23200226,-148.0000019E-3,
,,,31.23520279,-192.00000167E-3,
,,,31.23840332,-192.00000167E-3,
,,,31.24160385,-200.00000298E-3,
,,,31.24480247,-220.00001371E-3,
,,,31.24800301,-212.00001240E-3,
,,,31.25120354,-224.00000691E-3,
,,,31.25440216,-228.00001502E-3,
,,,31.25760269,-224.00000691E-3,
,,,31.26080322,-228.00001502E-3,
,,,31.26400375,-232.00000823E-3,
,,,31.26720238,-232.00000823E-3,
,,,31.27040291,-228.00001502E-3,
,,,31.27360344,-216.00000560E-3,
,,,31.27680206,-220.00001371E-3,
,,,31.28000259,-212.00001240E-3,
,,,31.28320313,-208.00000429E-3,
,,,31.28640366,-212.00001240E-3,
,,,31.28960228,-208.00000429E-3,
,,,31.29280281,-184.00001526E-3,
,,,31.29600334,-176.00001395E-3,
,,,31.29920387,-172.00000584E-3,
,,,31.30240250,-140.0000006E-3,
,,,31.30560303,-140.0000006E-3,
,,,31.30880356,-131.9999993E-3,
,,,31.31200218,-120.0000048E-3,
,,,31.31520271,-84.000006318E-3,
,,,31.31840324,-80.000005662E-3,
,,,31.32160378,-52.00000107E-3,
,,,31.32480240,-40.00000283E-3,
,,,31.32800293,-20.0000014E-3,
,,,31.33120346,-12.0000001E-3,
,,,31.33440208,0.0,
,,,31.33760262,12.0000001E-3,
,,,31.34080315,36.00000218E-3,
,,,31.34400368,52.00000107E-3,
,,,31.34720230,52.00000107E-3,
,,,31.35040283,72.000004351E-3,
,,,31.35360336,72.000004351E-3,
,,,31.35680389,88.000006974E-3,
,,,31.36000252,92.000007629E-3,
,,,31.36320305,100.0000015E-3,
,,,31.36640358,104.0000021E-3,
,,,31.36960220,108.0000028E-3,
,,,31.37280273,100.0000015E-3,
,,,31.37600327,112.0000035E-3,
,,,31.37920380,100.0000015E-3,
,,,31.38240242,104.0000021E-3,
,,,31.38560295,112.0000035E-3,
,,,31.38880348,120.0000048E-3,
,,,31.39200211,128.0000061E-3,
,,,31.39520264,136.0000074E-3,
,,,31.39840317,140.0000006E-3,
,,,31.40160370,148.0000019E-3,
,,,31.40480232,164.00000453E-3,
,,,31.40800285,180.00000715E-3,
,,,31.41120338,184.00001526E-3,
,,,31.41440392,188.00000846E-3,
,,,31.41760254,212.00001240E-3,
,,,31.42080307,212.00001240E-3,
,,,31.42400360,224.00000691E-3,
,,,31.42720222,216.00000560E-3,
,,,31.43040276,228.00001502E-3,
,,,31.43360329,228.00001502E-3,
,,,31.43680382,228.00001502E-3,
,,,31.44000244,228.00001502E-3,
,,,31.44320297,220.00001371E-3,
,,,31.44640350,216.00000560E-3,
,,,31.44960213,208.00000429E-3,
,,,31.45280266,212.00001240E-3,
,,,31.45600319,200.00000298E-3,
,,,31.45920372,196.00000978E-3,
,,,31.46240234,188.00000846E-3,
,,,31.46560287,184.00001526E-3,
,,,31.46880341,180.00000715E-3,
,,,31.47200394,164.00000453E-3,
,,,31.47520256,148.0000019E-3,
,,,31.47840309,152.00001001E-3,
,,,31.48160362,136.0000074E-3,
,,,31.48480225,128.0000061E-3,
,,,31.48800278,112.0000035E-3,
,,,31.49120331,104.0000021E-3,
,,,31.49440384,92.000007629E-3,
,,,31.49760246,80.000005662E-3,
,,,31.50080299,84.000006318E-3,
,,,31.50400352,56.000001729E-3,
,,,31.50720215,48.00000042E-3,
,,,31.51040268,24.00000021E-3,
,,,31.51360321,40.00000283E-3,
,,,31.51680374,20.0000014E-3,
,,,31.52000237,16.0000008E-3,
,,,31.52320290,8.000000380E-3,
,,,31.52640343,-4.00000019E-3,
,,,31.52960396,-12.0000001E-3,
,,,31.53280258,-24.00000021E-3,
,,,31.53600311,-28.00000086E-3,
,,,31.53920364,-40.00000283E-3,
,,,31.54240227,-44.00000349E-3,
,,,31.54560280,-52.00000107E-3,
,,,31.54880333,-56.000001729E-3,
,,,31.55200386,-60.000002384E-3,
,,,31.55520248,-72.000004351E-3,
,,,31.55840302,-72.000004351E-3,
,,,31.56160355,-72.000004351E-3,
,,,31.56480217,-72.000004351E-3,
,,,31.56800270,-80.000005662E-3,
,,,31.57120323,-92.000007629E-3,
,,,31.57440376,-92.000007629E-3,
,,,31.57760239,-88.000006974E-3,
,,,31.58080292,-84.000006318E-3,
,,,31.58400345,-88.000006974E-3,
,,,31.58720207,-96.000000834E-3,
,,,31.59040260,-80.000005662E-3,
,,,31.59360313,-96.000000834E-3,
,,,31.59680367,-84.000006318E-3,
,,,31.60000229,-84.000006318E-3,
,,,31.60320282,-88.000006974E-3,
,,,31.60640335,-80.000005662E-3,
,,,31.60960388,-88.000006974E-3,
,,,31.61280251,-84.000006318E-3,
,,,31.61600304,-80.000005662E-3,
,,,31.61920357,-72.000004351E-3,
,,,31.62240219,-72.000004351E-3,
,,,31.62560272,-52.00000107E-3,
,,,31.62880325,-44.00000349E-3,
,,,31.63200378,-40.00000283E-3,
,,,31.63520241,-16.0000008E-3,
,,,31.63840294,-16.0000008E-3,
,,,31.64160347,-4.00000019E-3,
,,,31.64480209,4.00000019E-3,
,,,31.64800262,8.000000380E-3,
,,,31.65120316,24.00000021E-3,
,,,31.65440369,32.00000152E-3,
,,,31.65760231,64.000003040E-3,
,,,31.66080284,64.000003040E-3,
,,,31.66400337,72.000004351E-3,
,,,31.66720390,80.000005662E-3,
,,,31.67040253,84.000006318E-3,
,,,31.67360306,96.000000834E-3,
,,,31.67680359,104.0000021E-3,
,,,31.68000221,112.0000035E-3,
,,,31.68320274,112.0000035E-3,
,,,31.68640327,128.0000061E-3,
,,,31.68960381,128.0000061E-3,
,,,31.69280243,124.0000054E-3,
,,,31.69600296,140.0000006E-3,
,,,31.69920349,148.0000019E-3,
,,,31.70240211,131.9999993E-3,
,,,31.70560265,144.0000087E-3,
,,,31.70880318,140.0000006E-3,
,,,31.71200371,140.0000006E-3,
,,,31.71520233,131.9999993E-3,
,,,31.71840286,128.0000061E-3,
,,,31.72160339,104.0000021E-3,
,,,31.72480392,96.000000834E-3,
,,,31.72800255,80.000005662E-3,
,,,31.73120308,72.000004351E-3,
,,,31.73440361,60.000002384E-3,
,,,31.73760223,40.00000283E-3,
,,,31.74080276,36.00000218E-3,
,,,31.74400330,24.00000021E-3,
,,,31.74720383,20.0000014E-3,
,,,31.75040245,8.000000380E-3,
,,,31.75360298,8.000000380E-3,
,,,31.75680351,0.0,
,,,31.76000214,-8.000000380E-3,
,,,31.76320267,-4.00000019E-3,
,,,31.76640320,-12.0000001E-3,
,,,31.76960373,-16.0000008E-3,
,,,31.77280235,-20.0000014E-3,
,,,31.77600288,-12.0000001E-3,
,,,31.77920341,-28.00000086E-3,
,,,31.78240395,-24.00000021E-3,
,,,31.78560257,-28.00000086E-3,
,,,31.78880310,-28.00000086E-3,
,,,31.79200363,-44.00000349E-3,
,,,31.79520226,-48.00000042E-3,
,,,31.79840279,-76.000005007E-3,
,,,31.80160332,-60.000002384E-3,
,,,31.80480385,-60.000002384E-3,
,,,31.80800247,-76.000005007E-3,
,,,31.81120300,-80.000005662E-3,
,,,31.81440353,-80.000005662E-3,
,,,31.81760216,-80.000005662E-3,
,,,31.82080269,-80.000005662E-3,
,,,31.82400322,-88.000006974E-3,
,,,31.82720375,-88.000006974E-3,
,,,31.83040237,-84.000006318E-3,
,,,31.83360291,-88.000006974E-3,
,,,31.83680344,-88.000006974E-3,
,,,31.84000397,-76.000005007E-3,
,,,31.84320259,-84.000006318E-3,
,,,31.84640312,-80.000005662E-3,
,,,31.84960365,-84.000006318E-3,
,,,31.85280228,-96.000000834E-3,
,,,31.85600281,-88.000006974E-3,
,,,31.85920334,-84.000006318E-3,
,,,31.86240387,-84.000006318E-3,
,,,31.86560249,-80.000005662E-3,
,,,31.86880302,-72.000004351E-3,
,,,31.87200356,-52.00000107E-3,
,,,31.87520218,-84.000006318E-3,
,,,31.87840271,-76.000005007E-3,
,,,31.88160324,-64.000003040E-3,
,,,31.88480377,-80.000005662E-3,
,,,31.88800240,-68.000003695E-3,
,,,31.89120293,-76.000005007E-3,
,,,31.89440346,-68.000003695E-3,
,,,31.89760208,-64.000003040E-3,
,,,31.90080261,-72.000004351E-3,
,,,31.90400314,-72.000004351E-3,
,,,31.90720367,-68.000003695E-3,
,,,31.91040230,-80.000005662E-3,
,,,31.91360283,-84.000006318E-3,
,,,31.91680336,-88.000006974E-3,
,,,31.92000389,-88.000006974E-3,
,,,31.92320251,-88.000006974E-3,
,,,31.92640305,-100.0000015E-3,
,,,31.92960358,-112.0000035E-3,
,,,31.93280220,-104.0000021E-3,
,,,31.93600273,-108.0000028E-3,
,,,31.93920326,-124.0000054E-3,
,,,31.94240379,-124.0000054E-3,
,,,31.94560242,-131.9999993E-3,
,,,31.94880295,-136.0000074E-3,
,,,31.95200348,-144.0000087E-3,
,,,31.95520210,-156.00000322E-3,
,,,31.95840263,-160.00001132E-3,
,,,31.96160316,-160.00001132E-3,
,,,31.96480370,-164.00000453E-3,
,,,31.96800232,-168.00001264E-3,
,,,31.97120285,-180.00000715E-3,
,,,31.97440338,-184.00001526E-3,
,,,31.97760391,-188.00000846E-3,
,,,31.98080254,-196.00000978E-3,
,,,31.98400307,-196.00000978E-3,
,,,31.98720360,-212.00001240E-3,
,,,31.99040222,260.00002027E-3,
,,,31.99360275,260.00002027E-3,
,,,31.99680328,260.00002027E-3,
