0 -0.512000024319
0.00320053000000087 -0.512000024319
0.00639915000000002 -0.512000024319
0.00959969000000171 -0.512000024319
0.012800219999999 -0.512000024319
0.0160007499999999 -0.512000024319
0.019199369999999 -0.512000024319
0.0223998999999999 -0.512000024319
0.0256004300000008 -0.512000024319
0.0287990600000008 -0.512000024319
0.0319995900000016 -0.512000024319
0.0352001199999989 -0.512000024319
0.0384006499999998 -0.512000024319
0.041599269999999 -0.512000024319
0.0447997999999998 -0.512000024319
0.0480003400000015 -0.512000024319
0.0512008699999988 -0.512000024319
0.0543994900000015 -0.512000024319
0.0576000199999989 -0.512000024319
0.0608005499999997 -0.512000024319
0.0639991799999997 -0.512000024319
0.0671997100000006 -0.512000024319
0.0704002400000014 -0.512000024319
0.0736007699999988 -0.512000024319
0.0767993900000015 -0.512000024319
0.0799999199999988 -0.512000024319
0.0832004499999996 -0.512000024319
0.0863990799999996 -0.512000024319
0.0895996100000005 -0.512000024319
0.0928001400000014 -0.512000024319
0.0960006699999987 -0.512000024319
0.0991992999999987 -0.512000024319
0.10239983 -0.512000024319
0.10560036 -0.512000024319
0.108800890000001 -0.512000024319
0.11199951 -0.512000024319
0.115200040000001 -0.512000024319
0.118400569999999 -0.512000024319
0.121599199999999 -0.512000024319
0.124799729999999 -0.512000024319
0.12800026 -0.512000024319
0.131200790000001 -0.512000024319
0.13439941 -0.512000024319
0.137599949999998 -0.512000024319
0.140800479999999 -0.512000024319
0.143999099999998 -0.512000024319
0.147199629999999 -0.512000024319
0.15040016 -0.512000024319
0.153600690000001 -0.512000024319
0.156799320000001 -0.512000024319
0.159999849999998 -0.512000024319
0.163200379999999 -0.512000024319
0.16640091 -0.512000024319
0.169599529999999 -0.512000024319
0.17280006 -0.512000024319
0.176000599999998 -0.512000024319
0.179199220000001 -0.512000024319
0.182399749999998 -0.512000024319
0.185600279999999 -0.512000024319
0.18880081 -0.512000024319
0.19199944 -0.512000024319
0.195199970000001 -0.512000024319
0.198400500000002 -0.512000024319
0.201599120000001 -0.512000024319
0.204799649999998 -0.512000024319
0.208000179999999 -0.512000024319
0.21120071 -0.512000024319
0.21439934 -0.512000024319
0.217599870000001 -0.512000024319
0.220800400000002 -0.512000024319
0.224000929999999 -0.512000024319
0.227199550000002 -0.512000024319
0.23040009 -0.512000024319
0.233600620000001 -0.512000024319
0.23679924 -0.512000024319
0.239999770000001 -0.512000024319
0.243200300000002 -0.512000024319
0.246400829999999 -0.512000024319
0.249599459999999 -0.512000024319
0.25279999 -0.512000024319
0.256000520000001 -0.512000024319
0.25919914 -0.512000024319
0.262399670000001 -0.512000024319
0.265600200000002 -0.512000024319
0.26880074 -0.512000024319
0.271999359999999 -0.512000024319
0.27519989 -0.512000024319
0.278400420000001 -0.512000024319
0.281600950000001 -0.512000024319
0.284799580000001 -0.512000024319
0.288000109999999 -0.512000024319
0.29120064 -0.512000024319
0.294399259999999 -0.512000024319
0.29759979 -0.512000024319
0.30080032 -0.512000024319
0.304000850000001 -0.512000024319
0.307199480000001 -0.512000024319
0.310400009999999 -0.512000024319
0.313600539999999 -0.512000024319
0.316799159999999 -0.512000024319
0.31999969 -0.512000024319
0.323200230000001 -0.512000024319
0.326400759999999 -0.512000024319
0.329599380000001 -0.512000024319
0.332799909999999 -0.512000024319
0.336000439999999 -0.512000024319
0.339199069999999 -0.512000024319
0.3423996 -0.512000024319
0.345600130000001 -0.512000024319
0.348800659999998 -0.512000024319
0.351999280000001 -0.512000024319
0.355199809999998 -0.512000024319
0.358400339999999 -0.512000024319
0.361600880000001 -0.512000024319
0.3647995 -0.512000024319
0.368000030000001 -0.512000024319
0.371200559999998 -0.512000024319
0.374399189999998 -0.512000024319
0.377599719999999 -0.512000024319
0.38080025 -0.512000024319
0.384000780000001 -0.512000024319
0.3871994 -0.512000024319
0.390399930000001 -0.512000024319
0.393600459999998 -0.512000024319
0.396799089999998 -0.512000024319
0.399999619999999 -0.512000024319
0.40320015 -0.512000024319
0.406400680000001 -0.512000024319
0.4095993 -0.512000024319
0.412799840000002 -0.512000024319
0.416000369999999 -0.512000024319
0.4192009 -0.512000024319
0.422399519999999 -0.512000024319
0.42560005 -0.512000024319
0.428800580000001 -0.512000024319
0.431999210000001 -0.512000024319
0.435199740000002 -0.512000024319
0.438400269999999 -0.512000024319
0.4416008 -0.512000024319
0.444799419999999 -0.512000024319
0.44799995 -0.512000024319
0.451200490000002 -0.512000024319
0.454399110000001 -0.512000024319
0.457599640000002 -0.512000024319
0.460800169999999 -0.512000024319
0.4640007 -0.512000024319
0.46719933 -0.512000024319
0.470399860000001 -0.512000024319
0.473600390000001 -0.512000024319
0.476800919999999 -0.512000024319
0.479999540000001 -0.512000024319
0.483200069999999 -0.512000024319
0.4864006 -0.512000024319
0.48959923 -0.512000024319
0.49279976 -0.512000024319
0.496000290000001 -0.512000024319
0.499200819999999 -0.512000024319
0.502399440000001 -0.512000024319
0.50559998 -0.512000024319
0.50880051 -0.512000024319
0.51199913 -0.512000024319
0.51519966 -0.512000024319
0.518400190000001 -0.512000024319
0.521600719999999 -0.512000024319
0.524799349999999 -0.512000024319
0.527999879999999 -0.512000024319
0.53120041 -0.512000024319
0.534400940000001 -0.512000024319
0.53759956 -0.512000024319
0.540800090000001 -0.512000024319
0.544000629999999 -0.512000024319
0.547199249999998 -0.512000024319
0.550399779999999 -0.512000024319
0.55360031 -0.512000024319
0.556800840000001 -0.512000024319
0.559999470000001 -0.512000024319
0.563199999999998 -0.512000024319
0.566400529999999 -0.512000024319
0.569599149999998 -0.512000024319
0.572799679999999 -0.512000024319
0.57600021 -0.512000024319
0.579200740000001 -0.512000024319
0.582399370000001 -0.512000024319
0.585599899999998 -0.512000024319
0.588800429999999 -0.512000024319
0.59200096 -0.512000024319
0.595199579999999 -0.512000024319
0.598400120000001 -0.512000024319
0.601600650000002 -0.512000024319
0.604799270000001 -0.512000024319
0.607999800000002 -0.512000024319
0.611200329999999 -0.512000024319
0.61440086 -0.512000024319
0.61759949 -0.512000024319
0.620800020000001 -0.512000024319
0.624000550000002 -0.512000024319
0.627199170000001 -0.512000024319
0.630399700000002 -0.512000024319
0.633600229999999 -0.512000024319
0.636800770000001 -0.512000024319
0.63999939 -0.512000024319
0.643199920000001 -0.512000024319
0.646400450000002 -0.512000024319
0.649600979999999 -0.512000024319
0.652799609999999 -0.512000024319
0.65600014 -0.512000024319
0.659200670000001 -0.512000024319
0.66239929 -0.512000024319
0.665599820000001 -0.512000024319
0.668800350000001 -0.512000024319
0.67200089 -0.512000024319
0.675199509999999 -0.512000024319
0.67840004 -0.512000024319
0.681600570000001 -0.512000024319
0.68479919 -0.512000024319
0.687999730000001 -0.512000024319
0.691200259999999 -0.512000024319
0.69440079 -0.512000024319
0.697599409999999 -0.512000024319
0.70079994 -0.512000024319
0.70400047 -0.512000024319
0.7071991 -0.512000024319
0.710399630000001 -0.512000024319
0.713600159999999 -0.512000024319
0.716800689999999 -0.512000024319
0.719999309999999 -0.512000024319
0.723199839999999 -0.512000024319
0.726400380000001 -0.512000024319
0.729600909999998 -0.512000024319
0.732799530000001 -0.512000024319
0.736000059999999 -0.512000024319
0.739200589999999 -0.512000024319
0.742399219999999 -0.512000024319
0.74559975 -0.512000024319
0.748800280000001 -0.512000024319
0.752000809999998 -0.512000024319
0.755199430000001 -0.512000024319
0.758399959999998 -0.512000024319
0.761600489999999 -0.512000024319
0.764799119999999 -0.512000024319
0.76799965 -0.512000024319
0.771200180000001 -0.512000024319
0.774400709999998 -0.512000024319
0.777599330000001 -0.512000024319
0.780799869999999 -0.512000024319
0.7840004 -0.512000024319
0.787200930000001 -0.512000024319
0.79039955 -0.512000024319
0.793600080000001 -0.512000024319
0.796800609999998 -0.512000024319
0.799999239999998 -0.512000024319
0.803199769999999 -0.512000024319
0.8064003 -0.512000024319
0.809600830000001 -0.512000024319
0.81279945 -0.512000024319
0.815999980000001 -0.512000024319
0.819200519999999 -0.512000024319
0.822399140000002 -0.512000024319
0.825599669999999 -0.512000024319
0.8288002 -0.512000024319
0.832000730000001 -0.512000024319
0.835199360000001 -0.512000024319
0.838399890000002 -0.512000024319
0.841600419999999 -0.512000024319
0.84480095 -0.512000024319
0.847999569999999 -0.512000024319
0.8512001 -0.512000024319
0.854400630000001 -0.512000024319
0.857599260000001 -0.512000024319
0.860799790000002 -0.512000024319
0.864000319999999 -0.512000024319
0.86720085 -0.512000024319
0.87039948 -0.512000024319
0.873600010000001 -0.512000024319
0.876800540000001 -0.512000024319
0.879999160000001 -0.512000024319
0.883199690000001 -0.512000024319
0.886400219999999 -0.512000024319
0.88960075 -0.512000024319
0.89279938 -0.512000024319
0.89599991 -0.512000024319
0.899200440000001 -0.512000024319
0.902400969999999 -0.512000024319
0.905599590000001 -0.512000024319
0.908800129999999 -0.512000024319
0.91200066 -0.512000024319
0.91519928 -0.512000024319
0.91839981 -0.512000024319
0.921600340000001 -0.512000024319
0.924800869999999 -0.512000024319
0.927999499999999 -0.512000024319
0.931200029999999 -0.512000024319
0.93440056 -0.512000024319
0.937599179999999 -0.512000024319
0.94079971 -0.512000024319
0.944000240000001 -0.512000024319
0.947200779999999 -0.512000024319
0.950399399999998 -0.512000024319
0.953599929999999 -0.512000024319
0.95680046 -0.512000024319
0.960000990000001 -0.512000024319
0.963199620000001 -0.512000024319
0.966400149999998 -0.512000024319
0.969600679999999 -0.512000024319
0.972799299999998 -0.512000024319
0.975999829999999 -0.512000024319
0.97920036 -0.512000024319
0.982400890000001 -0.512000024319
0.985599520000001 -0.512000024319
0.988800049999998 -0.512000024319
0.992000579999999 -0.512000024319
0.995199199999998 -0.512000024319
0.998399729999999 -0.512000024319
1.00160027 -0.512000024319
1.0048008 -0.512000024319
1.00799942 -0.512000024319
1.01119995 -0.512000024319
1.01440048 -0.512000024319
1.01759911 -0.512000024319
1.02079964 -0.512000024319
1.02400017 -0.512000024319
1.0272007 -0.512000024319
1.03039932 -0.512000024319
1.03359985 -0.512000024319
1.03680038 -0.512000024319
1.04000092 -0.512000024319
1.04319954 -0.512000024319
1.04640007 -0.512000024319
1.0496006 -0.512000024319
1.05279922 -0.512000024319
1.05599976 -0.512000024319
1.05920029 -0.512000024319
1.06240082 -0.512000024319
1.06559944 -0.512000024319
1.06879997 -0.512000024319
1.0720005 -0.512000024319
1.07519913 -0.512000024319
1.07839966 -0.512000024319
1.08160019 -0.512000024319
1.08480072 -0.512000024319
1.08799934 -0.512000024319
1.09119987 -0.512000024319
1.09440041 -0.512000024319
1.09760094 -0.512000024319
1.10079956 -0.512000024319
1.10400009 -0.512000024319
1.10720062 -0.512000024319
1.11039925 -0.512000024319
1.11359978 -0.512000024319
1.11680031 -0.512000024319
1.12000084 -0.512000024319
1.12319946 -0.512000024319
1.12639999 -0.512000024319
1.12960052 -0.512000024319
1.13279915 -0.512000024319
1.13599968 -0.512000024319
1.13920021 -0.512000024319
1.14240074 -0.512000024319
1.14559937 -0.512000024319
1.1487999 -0.512000024319
1.15200043 -0.512000024319
1.15520096 -0.512000024319
1.15839958 -0.512000024319
1.16160011 -0.512000024319
1.16480064 -0.512000024319
1.16799927 -0.512000024319
1.1711998 -0.512000024319
1.17440033 -0.512000024319
1.17760086 -0.512000024319
1.18079948 -0.512000024319
1.18400002 -0.512000024319
1.18720055 -0.512000024319
1.19039917 -0.512000024319
1.1935997 -0.512000024319
1.19680023 -0.512000024319
1.20000076 -0.512000024319
1.20319939 -0.512000024319
1.20639992 -0.512000024319
1.20960045 -0.512000024319
1.21280098 -0.512000024319
1.2159996 -0.512000024319
1.21920013 -0.512000024319
1.22240067 -0.512000024319
1.22559929 -0.512000024319
1.22879982 -0.512000024319
1.23200035 -0.512000024319
1.23520088 -0.512000024319
1.23839951 -0.512000024319
1.24160004 -0.512000024319
1.24480057 -0.512000024319
1.24799919 -0.512000024319
1.25119972 -0.512000024319
1.25440025 -0.512000024319
1.25760078 -0.512000024319
1.26079941 -0.512000024319
1.26399994 -0.512000024319
1.26720047 -0.512000024319
1.270401 -0.512000024319
1.27359962 -0.512000024319
1.27680016 -0.512000024319
1.28000069 -0.512000024319
1.28319931 -0.512000024319
1.28639984 -0.512000024319
1.28960037 -0.512000024319
1.2928009 -0.512000024319
1.29599953 -0.512000024319
1.29920006 -0.512000024319
1.30240059 -0.512000024319
1.30559921 -0.512000024319
1.30879974 -0.512000024319
1.31200027 -0.512000024319
1.31520081 -0.512000024319
1.31839943 -0.512000024319
1.32159996 -0.512000024319
1.32480049 -0.512000024319
1.32799911 -0.512000024319
1.33119965 -0.512000024319
1.33440018 -0.512000024319
1.33760071 -0.512000024319
1.34079933 -0.512000024319
1.34399986 -0.512000024319
1.34720039 -0.512000024319
1.35040092 -0.512000024319
1.35359955 -0.512000024319
1.35680008 -0.512000024319
1.36000061 -0.512000024319
1.36319923 -0.512000024319
1.36639977 -0.512000024319
1.3696003 -0.512000024319
1.37280083 -0.512000024319
1.37599945 -0.512000024319
1.37919998 -0.512000024319
1.38240051 -0.512000024319
1.38559914 -0.512000024319
1.38879967 -0.512000024319
1.3920002 -0.512000024319
1.39520073 -0.512000024319
1.39839935 -0.512000024319
1.40159988 -0.512000024319
1.40480042 -0.512000024319
1.40800095 -0.512000024319
1.41119957 -0.512000024319
1.4144001 -0.512000024319
1.41760063 -0.512000024319
1.42079926 -0.512000024319
1.42399979 -0.512000024319
1.42720032 -0.512000024319
1.43040085 -0.512000024319
1.43359947 -0.512000024319
1.4368 -0.512000024319
1.44000053 -0.512000024319
1.44319916 -0.512000024319
1.44639969 -0.512000024319
1.44960022 -0.512000024319
1.45280075 -0.512000024319
1.45599937 -0.512000024319
1.45919991 -0.512000024319
1.46240044 -0.512000024319
1.46560097 -0.512000024319
1.46879959 -0.512000024319
1.47200012 -0.512000024319
1.47520065 -0.512000024319
1.47839928 -0.512000024319
1.48159981 -0.512000024319
1.48480034 -0.512000024319
1.48800087 -0.512000024319
1.49119949 -0.512000024319
1.49440002 -0.512000024319
1.49760056 -0.512000024319
1.50079918 -0.512000024319
1.50399971 -0.512000024319
1.50720024 -0.512000024319
1.51040077 -0.512000024319
1.5135994 -0.512000024319
1.51679993 -0.512000024319
1.52000046 -0.512000024319
1.52320099 -0.512000024319
1.52639961 -0.512000024319
1.52960014 -0.512000024319
1.53280067 -0.512000024319
1.5359993 -0.512000024319
1.53919983 -0.512000024319
1.54240036 -0.512000024319
1.54560089 -0.512000024319
1.54879951 -0.512000024319
1.55200005 -0.512000024319
1.55520058 -0.512000024319
1.5583992 -0.512000024319
1.56159973 -0.512000024319
1.56480026 -0.512000024319
1.56800079 -0.512000024319
1.57119942 -0.512000024319
1.57439995 -0.512000024319
1.57760048 -0.512000024319
1.58080101 -0.512000024319
1.58399963 -0.512000024319
1.58720016 -0.512000024319
1.5904007 -0.512000024319
1.59359932 -0.512000024319
1.59679985 -0.512000024319
1.60000038 -0.512000024319
1.60320091 -0.512000024319
1.60639954 -0.512000024319
1.60960007 -0.512000024319
1.6128006 -0.512000024319
1.61599922 -0.512000024319
1.61919975 -0.512000024319
1.62240028 -0.512000024319
1.62560081 -0.512000024319
1.62879944 -0.512000024319
1.63199997 -0.512000024319
1.6352005 -0.512000024319
1.63840103 -0.512000024319
1.64159966 -0.512000024319
1.64480019 -0.512000024319
1.64800072 -0.512000024319
1.65119934 -0.512000024319
1.65439987 -0.512000024319
1.6576004 -0.512000024319
1.66080093 -0.512000024319
1.66399956 -0.512000024319
1.66720009 -0.512000024319
1.67040062 -0.512000024319
1.67359924 -0.512000024319
1.67679977 -0.512000024319
1.68000031 -0.512000024319
1.68320084 -0.512000024319
1.68639946 -0.512000024319
1.68959999 -0.512000024319
1.69280052 -0.512000024319
1.69599915 -0.512000024319
1.69919968 -0.512000024319
1.70240021 -0.512000024319
1.70560074 -0.512000024319
1.70879936 -0.512000024319
1.71199989 -0.512000024319
1.71520042 -0.512000024319
1.71840096 -0.512000024319
1.72159958 -0.512000024319
1.72480011 -0.512000024319
1.72800064 -0.512000024319
1.73119926 -0.512000024319
1.7343998 -0.512000024319
1.73760033 -0.512000024319
1.74080086 -0.512000024319
1.74399948 -0.512000024319
1.74720001 -0.512000024319
1.75040054 -0.512000024319
1.75359917 -0.512000024319
1.7567997 -0.512000024319
1.76000023 -0.512000024319
1.76320076 -0.512000024319
1.76639938 -0.512000024319
1.76959991 -0.512000024319
1.77280045 -0.512000024319
1.77600098 -0.512000024319
1.7791996 -0.512000024319
1.78240013 -0.512000024319
1.78560066 -0.512000024319
1.78879929 -0.512000024319
1.79199982 -0.512000024319
1.79520035 -0.512000024319
1.79840088 -0.512000024319
1.8015995 -0.512000024319
1.80480003 -0.512000024319
1.80800056 -0.512000024319
1.81119919 -0.512000024319
1.81439972 -0.512000024319
1.81760025 -0.512000024319
1.82080078 -0.512000024319
1.8239994 -0.512000024319
1.82719994 -0.512000024319
1.83040047 -0.512000024319
1.833601 -0.512000024319
1.83679962 -0.512000024319
1.84000015 -0.512000024319
1.84320068 -0.512000024319
1.84639931 -0.512000024319
1.84959984 -0.512000024319
1.85280037 -0.512000024319
1.8560009 -0.512000024319
1.85919952 -0.512000024319
1.86240005 -0.512000024319
1.86560059 -0.512000024319
1.86879921 -0.512000024319
1.87199974 -0.512000024319
1.87520027 -0.512000024319
1.8784008 -0.512000024319
1.88159943 -0.512000024319
1.88479996 -0.512000024319
1.88800049 -0.512000024319
1.89120102 -0.512000024319
1.89439964 -0.512000024319
1.89760017 -0.512000024319
1.9008007 -0.512000024319
1.90399933 -0.512000024319
1.90719986 -0.512000024319
1.91040039 -0.512000024319
1.91360092 -0.512000024319
1.91679955 -0.512000024319
1.92000008 -0.512000024319
1.92320061 -0.512000024319
1.92639923 -0.512000024319
1.92959976 -0.512000024319
1.93280029 -0.512000024319
1.93600082 -0.512000024319
1.93919945 -0.512000024319
1.94239998 -0.512000024319
1.94560051 -0.512000024319
1.94880104 -0.512000024319
1.95199966 -0.512000024319
1.9552002 -0.512000024319
1.95840073 -0.512000024319
1.96159935 -0.512000024319
1.96479988 -0.512000024319
1.96800041 -0.512000024319
1.97120094 -0.512000024319
1.97439957 -0.512000024319
1.9776001 -0.512000024319
1.98080063 -0.512000024319
1.98399925 -0.512000024319
1.98719978 -0.512000024319
1.99040031 -0.512000024319
1.99360085 -0.512000024319
1.99679947 -0.512000024319
2 -0.512000024319
2.00320053 -0.512000024319
2.00639915 -0.512000024319
2.00959969 -0.512000024319
2.01280022 -0.512000024319
2.01600075 -0.512000024319
2.01919937 -0.512000024319
2.0223999 -0.512000024319
2.02560043 -0.512000024319
2.02880096 -0.512000024319
2.03199959 -0.512000024319
2.03520012 -0.512000024319
2.03840065 -0.512000024319
2.04159927 -0.512000024319
2.0447998 -0.512000024319
2.04800034 -0.512000024319
2.05120087 -0.512000024319
2.05439949 -0.512000024319
2.05760002 -0.512000024319
2.06080055 -0.512000024319
2.06399918 -0.512000024319
2.06719971 -0.512000024319
2.07040024 -0.512000024319
2.07360077 -0.512000024319
2.07679939 -0.512000024319
2.07999992 -0.512000024319
2.08320045 -0.512000024319
2.08640099 -0.512000024319
2.08959961 -0.512000024319
2.09280014 -0.512000024319
2.09600067 -0.512000024319
2.0991993 -0.512000024319
2.10239983 -0.512000024319
2.10560036 -0.512000024319
2.10880089 -0.512000024319
2.11199951 -0.512000024319
2.11520004 -0.512000024319
2.11840057 -0.512000024319
2.1215992 -0.512000024319
2.12479973 -0.512000024319
2.12800026 -0.512000024319
2.13120079 -0.512000024319
2.13439941 -0.512000024319
2.13759995 -0.512000024319
2.14080048 -0.512000024319
2.14400101 -0.512000024319
2.14719963 -0.512000024319
2.15040016 -0.512000024319
2.15360069 -0.512000024319
2.15679932 -0.512000024319
2.15999985 -0.512000024319
2.16320038 -0.512000024319
2.16640091 -0.512000024319
2.16959953 -0.512000024319
2.17280006 -0.512000024319
2.1760006 -0.512000024319
2.17919922 -0.512000024319
2.18239975 -0.512000024319
2.18560028 -0.512000024319
2.18880081 -0.512000024319
2.19199944 -0.512000024319
2.19519997 -0.512000024319
2.1984005 -0.512000024319
2.20160103 -0.512000024319
2.20479965 -0.512000024319
2.20800018 -0.512000024319
2.21120071 -0.512000024319
2.21439934 -0.512000024319
2.21759987 -0.512000024319
2.2208004 -0.512000024319
2.22400093 -0.512000024319
2.22719955 -0.512000024319
2.23040009 -0.512000024319
2.23360062 -0.512000024319
2.23679924 -0.512000024319
2.23999977 -0.512000024319
2.2432003 -0.512000024319
2.24640083 -0.512000024319
2.24959946 -0.512000024319
2.25279999 -0.512000024319
2.25600052 -0.512000024319
2.25920105 -0.512000024319
2.26239967 -0.512000024319
2.2656002 -0.512000024319
2.26880074 -0.512000024319
2.27199936 -0.512000024319
2.27519989 -0.512000024319
2.27840042 -0.512000024319
2.28160095 -0.512000024319
2.28479958 -0.512000024319
2.28800011 -0.512000024319
2.29120064 -0.512000024319
2.29439926 -0.512000024319
2.29759979 -0.512000024319
2.30080032 -0.512000024319
2.30400085 -0.512000024319
2.30719948 -0.512000024319
2.31040001 -0.512000024319
2.31360054 -0.512000024319
2.31679916 -0.512000024319
2.31999969 -0.512000024319
2.32320023 -0.512000024319
2.32640076 -0.512000024319
2.32959938 -0.512000024319
2.33279991 -0.512000024319
2.33600044 -0.512000024319
2.33920097 -0.512000024319
2.3423996 -0.512000024319
2.34560013 -0.512000024319
2.34880066 -0.512000024319
2.35199928 -0.512000024319
2.35519981 -0.512000024319
2.35840034 -0.512000024319
2.36160088 -0.512000024319
2.3647995 -0.512000024319
2.36800003 -0.512000024319
2.37120056 -0.512000024319
2.37439919 -0.512000024319
2.37759972 -0.512000024319
2.38080025 -0.512000024319
2.38400078 -0.512000024319
2.3871994 -0.512000024319
2.39039993 -0.512000024319
2.39360046 -0.512000024319
2.39680099 -0.512000024319
2.39999962 -0.512000024319
2.40320015 -0.512000024319
2.40640068 -0.512000024319
2.4095993 -0.512000024319
2.41279984 -0.512000024319
2.41600037 -0.512000024319
2.4192009 -0.512000024319
2.42239952 -0.512000024319
2.42560005 -0.512000024319
2.42880058 -0.512000024319
2.43199921 -0.512000024319
2.43519974 -0.512000024319
2.43840027 -0.512000024319
2.4416008 -0.512000024319
2.44479942 -0.512000024319
2.44799995 -0.512000024319
2.45120049 -0.512000024319
2.45440102 -0.512000024319
2.45759964 -0.512000024319
2.46080017 -0.512000024319
2.4640007 -0.512000024319
2.46719933 -0.512000024319
2.47039986 -0.512000024319
2.47360039 -0.512000024319
2.47680092 -0.512000024319
2.47999954 -0.512000024319
2.48320007 -0.512000024319
2.4864006 -0.512000024319
2.48959923 -0.512000024319
2.49279976 -0.512000024319
2.49600029 -0.512000024319
2.49920082 -0.512000024319
2.50239944 -0.512000024319
2.50559998 -0.512000024319
2.50880051 -0.512000024319
2.51200104 -0.512000024319
2.51519966 -0.512000024319
2.51840019 -0.512000024319
2.52160072 -0.512000024319
2.52479935 -0.512000024319
2.52799988 -0.512000024319
2.53120041 -0.512000024319
2.53440094 -0.512000024319
2.53759956 -0.512000024319
2.54080009 -0.512000024319
2.54400063 -0.512000024319
2.54719925 -0.512000024319
2.55039978 -0.512000024319
2.55360031 -0.512000024319
2.55680084 -0.512000024319
2.55999947 -0.512000024319
2.5632 -0.512000024319
2.56640053 -0.512000024319
2.56960106 -0.512000024319
2.57279968 -0.512000024319
2.57600021 -0.512000024319
2.57920074 -0.512000024319
2.58239937 -0.512000024319
2.5855999 -0.512000024319
2.58880043 -0.512000024319
2.59200096 -0.512000024319
2.59519958 -0.512000024319
2.59840012 -0.512000024319
2.60160065 -0.512000024319
2.60479927 -0.512000024319
2.6079998 -0.512000024319
2.61120033 -0.512000024319
2.61440086 -0.512000024319
2.61759949 -0.512000024319
2.62080002 -0.512000024319
2.62400055 -0.512000024319
2.62719917 -0.512000024319
2.6303997 -0.512000024319
2.63360023 -0.512000024319
2.63680077 -0.512000024319
2.63999939 -0.512000024319
2.64319992 -0.512000024319
2.64640045 -0.512000024319
2.64960098 -0.512000024319
2.65279961 -0.512000024319
2.65600014 -0.512000024319
2.65920067 -0.512000024319
2.66239929 -0.512000024319
2.66559982 -0.512000024319
2.66880035 -0.512000024319
2.67200089 -0.512000024319
2.67519951 -0.512000024319
2.67840004 -0.512000024319
2.68160057 -0.512000024319
2.68479919 -0.512000024319
2.68799973 -0.512000024319
2.69120026 -0.512000024319
2.69440079 -0.512000024319
2.69759941 -0.512000024319
2.70079994 -0.512000024319
2.70400047 -0.512000024319
2.707201 -0.512000024319
2.71039963 -0.512000024319
2.71360016 -0.512000024319
2.71680069 -0.512000024319
2.71999931 -0.512000024319
2.72319984 -0.512000024319
2.72640038 -0.512000024319
2.72960091 -0.512000024319
2.73279953 -0.512000024319
2.73600006 -0.512000024319
2.73920059 -0.512000024319
2.74239922 -0.512000024319
2.74559975 -0.512000024319
2.74880028 -0.512000024319
2.75200081 -0.512000024319
2.75519943 -0.512000024319
2.75839996 -0.512000024319
2.76160049 -0.512000024319
2.76480103 -0.512000024319
2.76799965 -0.512000024319
2.77120018 -0.512000024319
2.77440071 -0.512000024319
2.77759933 -0.512000024319
2.78079987 -0.512000024319
2.7840004 -0.512000024319
2.78720093 -0.512000024319
2.79039955 -0.512000024319
2.79360008 -0.512000024319
2.79680061 -0.512000024319
2.79999924 -0.512000024319
2.80319977 -0.512000024319
2.8064003 -0.512000024319
2.80960083 -0.512000024319
2.81279945 -0.512000024319
2.81599998 -0.512000024319
2.81920052 -0.512000024319
2.82240105 -0.512000024319
2.82559967 -0.512000024319
2.8288002 -0.512000024319
2.83200073 -0.512000024319
2.83519936 -0.512000024319
2.83839989 -0.512000024319
2.84160042 -0.512000024319
2.84480095 -0.512000024319
2.84799957 -0.512000024319
2.8512001 -0.512000024319
2.85440063 -0.512000024319
2.85759926 -0.512000024319
2.86079979 -0.512000024319
2.86400032 -0.512000024319
2.86720085 -0.512000024319
2.87039948 -0.512000024319
2.87360001 -0.512000024319
2.87680054 -0.512000024319
2.88000107 -0.512000024319
2.88319969 -0.512000024319
2.88640022 -0.512000024319
2.88960075 -0.512000024319
2.89279938 -0.512000024319
2.89599991 -0.512000024319
2.89920044 -0.512000024319
2.90240097 -0.512000024319
2.90559959 -0.512000024319
2.90880013 -0.512000024319
2.91200066 -0.512000024319
2.91519928 -0.512000024319
2.91839981 -0.512000024319
2.92160034 -0.512000024319
2.92480087 -0.512000024319
2.9279995 -0.512000024319
2.93120003 -0.512000024319
2.93440056 -0.512000024319
2.93760109 -0.512000024319
2.94079971 -0.512000024319
2.94400024 -0.512000024319
2.94720078 -0.512000024319
2.9503994 -0.512000024319
2.95359993 -0.512000024319
2.95680046 -0.512000024319
2.96000099 -0.512000024319
2.96319962 -0.512000024319
2.96640015 -0.512000024319
2.96960068 -0.512000024319
2.9727993 -0.512000024319
2.97599983 -0.512000024319
2.97920036 -0.512000024319
2.98240089 -0.512000024319
2.98559952 -0.512000024319
2.98880005 -0.512000024319
2.99200058 -0.512000024319
2.9951992 -0.512000024319
2.99839973 -0.512000024319
3.00160027 -0.512000024319
3.0048008 -0.512000024319
3.00799942 -0.512000024319
3.01119995 -0.512000024319
3.01440048 -0.512000024319
3.01760101 -0.512000024319
3.02079964 -0.512000024319
3.02400017 -0.512000024319
3.0272007 -0.512000024319
3.03039932 -0.512000024319
3.03359985 -0.512000024319
3.03680038 -0.512000024319
3.04000092 -0.512000024319
3.04319954 -0.512000024319
3.04640007 -0.512000024319
3.0496006 -0.512000024319
3.05279922 -0.512000024319
3.05599976 -0.512000024319
3.05920029 -0.512000024319
3.06240082 -0.512000024319
3.06559944 -0.512000024319
3.06879997 -0.512000024319
3.0720005 -0.512000024319
3.07520103 -0.512000024319
3.07839966 -0.512000024319
3.08160019 -0.512000024319
3.08480072 -0.512000024319
3.08799934 -0.512000024319
3.09119987 -0.512000024319
3.09440041 -0.512000024319
3.09760094 -0.512000024319
3.10079956 -0.512000024319
3.10400009 -0.512000024319
3.10720062 -0.512000024319
3.11039925 -0.512000024319
3.11359978 -0.512000024319
3.11680031 -0.512000024319
3.12000084 -0.512000024319
3.12319946 -0.512000024319
3.12639999 -0.512000024319
3.12960052 -0.512000024319
3.13280106 -0.512000024319
3.13599968 -0.512000024319
3.13920021 -0.512000024319
3.14240074 -0.512000024319
3.14559937 -0.512000024319
3.1487999 -0.512000024319
3.15200043 -0.512000024319
3.15520096 -0.512000024319
3.15839958 -0.512000024319
3.16160011 -0.512000024319
3.16480064 -0.512000024319
3.16799927 -0.512000024319
3.1711998 -0.512000024319
3.17440033 -0.512000024319
3.17760086 -0.512000024319
3.18079948 -0.512000024319
3.18400002 -0.512000024319
3.18720055 -0.512000024319
3.19040108 -0.512000024319
3.1935997 -0.512000024319
3.19680023 -0.512000024319
3.20000076 -0.512000024319
3.20319939 -0.512000024319
3.20639992 -0.512000024319
3.20960045 -0.512000024319
3.21280098 -0.512000024319
3.2159996 -0.512000024319
3.21920013 -0.512000024319
3.22240067 -0.512000024319
3.22559929 -0.512000024319
3.22879982 -0.512000024319
3.23200035 -0.512000024319
3.23520088 -0.512000024319
3.23839951 -0.512000024319
3.24160004 -0.512000024319
3.24480057 -0.512000024319
3.2480011 -0.512000024319
3.25119972 -0.512000024319
3.25440025 -0.512000024319
3.25760078 -0.512000024319
3.26079941 -0.512000024319
3.26399994 -0.512000024319
3.26720047 -0.512000024319
3.270401 -0.512000024319
3.27359962 -0.512000024319
3.27680016 -0.512000024319
3.28000069 -0.512000024319
3.28319931 -0.512000024319
3.28639984 -0.512000024319
3.28960037 -0.512000024319
3.2928009 -0.512000024319
3.29599953 -0.512000024319
3.29920006 -0.512000024319
3.30240059 -0.512000024319
3.30559921 -0.512000024319
3.30879974 -0.512000024319
3.31200027 -0.512000024319
3.31520081 -0.512000024319
3.31839943 -0.512000024319
3.32159996 -0.512000024319
3.32480049 -0.512000024319
3.32800102 -0.512000024319
3.33119965 -0.512000024319
3.33440018 -0.512000024319
3.33760071 -0.512000024319
3.34079933 -0.512000024319
3.34399986 -0.512000024319
3.34720039 -0.512000024319
3.35040092 -0.512000024319
3.35359955 -0.512000024319
3.35680008 -0.512000024319
3.36000061 -0.512000024319
3.36319923 -0.512000024319
3.36639977 -0.512000024319
3.3696003 -0.512000024319
3.37280083 -0.512000024319
3.37599945 -0.512000024319
3.37919998 -0.512000024319
3.38240051 -0.512000024319
3.38560104 -0.512000024319
3.38879967 -0.512000024319
3.3920002 -0.512000024319
3.39520073 -0.512000024319
3.39839935 -0.512000024319
3.40159988 -0.512000024319
3.40480042 -0.512000024319
3.40800095 -0.512000024319
3.41119957 -0.512000024319
3.4144001 -0.512000024319
3.41760063 -0.512000024319
3.42079926 -0.512000024319
3.42399979 -0.512000024319
3.42720032 -0.512000024319
3.43040085 -0.512000024319
3.43359947 -0.512000024319
3.4368 -0.512000024319
3.44000053 -0.512000024319
3.44320107 -0.512000024319
3.44639969 -0.512000024319
3.44960022 -0.512000024319
3.45280075 -0.512000024319
3.45599937 -0.512000024319
3.45919991 -0.512000024319
3.46240044 -0.512000024319
3.46560097 -0.512000024319
3.46879959 -0.512000024319
3.47200012 -0.512000024319
3.47520065 -0.512000024319
3.47839928 -0.512000024319
3.48159981 -0.512000024319
3.48480034 -0.512000024319
3.48800087 -0.512000024319
3.49119949 -0.512000024319
3.49440002 -0.512000024319
3.49760056 -0.512000024319
3.50080109 -0.512000024319
3.50399971 -0.512000024319
3.50720024 -0.512000024319
3.51040077 -0.512000024319
3.5135994 -0.512000024319
3.51679993 -0.512000024319
3.52000046 -0.512000024319
3.52320099 -0.512000024319
3.52639961 -0.512000024319
3.52960014 -0.512000024319
3.53280067 -0.512000024319
3.5359993 -0.512000024319
3.53919983 -0.512000024319
3.54240036 -0.512000024319
3.54560089 -0.512000024319
3.54879951 -0.512000024319
3.55200005 -0.512000024319
3.55520058 -0.512000024319
3.55840111 -0.512000024319
3.56159973 -0.512000024319
3.56480026 -0.512000024319
3.56800079 -0.512000024319
3.57119942 -0.512000024319
3.57439995 -0.512000024319
3.57760048 -0.512000024319
3.58080101 -0.512000024319
3.58399963 -0.512000024319
3.58720016 -0.512000024319
3.5904007 -0.512000024319
3.59359932 -0.512000024319
3.59679985 -0.512000024319
3.60000038 -0.512000024319
3.60320091 -0.512000024319
3.60639954 -0.512000024319
3.60960007 -0.512000024319
3.6128006 -0.512000024319
3.61599922 -0.512000024319
3.61919975 -0.512000024319
3.62240028 -0.512000024319
3.62560081 -0.512000024319
3.62879944 -0.512000024319
3.63199997 -0.512000024319
3.6352005 -0.512000024319
3.63840103 -0.512000024319
3.64159966 -0.512000024319
3.64480019 -0.512000024319
3.64800072 -0.512000024319
3.65119934 -0.512000024319
3.65439987 -0.512000024319
3.6576004 -0.512000024319
3.66080093 -0.512000024319
3.66399956 -0.512000024319
3.66720009 -0.512000024319
3.67040062 -0.512000024319
3.67359924 -0.512000024319
3.67679977 -0.512000024319
3.68000031 -0.512000024319
3.68320084 -0.512000024319
3.68639946 -0.512000024319
3.68959999 -0.00400000019
3.69280052 0
3.69600105 -0.00400000019
3.69919968 -0.0160000008
3.70240021 -0.00400000019
3.70560074 -0.00800000038
3.70879936 -0.00400000019
3.71199989 -0.00400000019
3.71520042 -0.00800000038
3.71840096 -0.00400000019
3.72159958 0
3.72480011 0.0200000014
3.72800064 -0.00400000019
3.73119926 -0.00800000038
3.7343998 0
3.73760033 -0.00400000019
3.74080086 -0.00400000019
3.74399948 -0.00800000038
3.74720001 -0.00400000019
3.75040054 -0.00400000019
3.75360107 -0.00800000038
3.7567997 0.00400000019
3.76000023 -0.00400000019
3.76320076 -0.00400000019
3.76639938 -0.00400000019
3.76959991 0.0160000008
3.77280045 -0.060000002384
3.77600098 0
3.7791996 -0.00400000019
3.78240013 -0.0120000001
3.78560066 -0.00800000038
3.78879929 -0.0120000001
3.79199982 0.00400000019
3.79520035 -0.00400000019
3.79840088 -0.0120000001
3.8015995 -0.0120000001
3.80480003 -0.00400000019
3.80800056 -0.00400000019
3.8112011 0
3.81439972 0
3.81760025 -0.00800000038
3.82080078 0
3.8239994 -0.00800000038
3.82719994 -0.00400000019
3.83040047 -0.00400000019
3.833601 -0.00400000019
3.83679962 -0.00400000019
3.84000015 0.00400000019
3.84320068 -0.00400000019
3.84639931 0
3.84959984 0
3.85280037 0.00400000019
3.8560009 0.00400000019
3.85919952 -0.00400000019
3.86240005 0
3.86560059 -0.00400000019
3.86880112 0
3.87199974 -0.00800000038
3.87520027 -0.00400000019
3.8784008 0.00400000019
3.88159943 -0.00400000019
3.88479996 -0.00400000019
3.88800049 -0.00400000019
3.89120102 -0.00400000019
3.89439964 -0.0160000008
3.89760017 -0.00400000019
3.9008007 0
3.90399933 -0.00400000019
3.90719986 -0.0120000001
3.91040039 0
3.91360092 0
3.91679955 0
3.92000008 0
3.92320061 -0.00800000038
3.92640114 0
3.92959976 -0.00800000038
3.93280029 -0.00400000019
3.93600082 -0.0160000008
3.93919945 -0.0120000001
3.94239998 0
3.94560051 0.00400000019
3.94880104 0
3.95199966 0
3.9552002 -0.00400000019
3.95840073 -0.00800000038
3.96159935 0
3.96479988 -0.00400000019
3.96800041 -0.00800000038
3.97120094 -0.00400000019
3.97439957 -0.00800000038
3.9776001 -0.00400000019
3.98080063 -0.00800000038
3.98399925 -0.00800000038
3.98719978 -0.0200000014
3.99040031 0.068000003695
3.99360085 -0.00400000019
3.99679947 0
4 0
4.00320053 -0.00400000019
4.00640106 -0.00400000019
4.00959969 0
4.01280022 -0.00400000019
4.01600075 0
4.01919937 -0.00400000019
4.0223999 -0.00800000038
4.02560043 0
4.02880096 -0.03200000152
4.03199959 0
4.03520012 0
4.03840065 -0.00400000019
4.04159927 -0.00800000038
4.0447998 0
4.04800034 0
4.05120087 -0.03200000152
4.05439949 0
4.05760002 0
4.06080055 0
4.06400108 0.00400000019
4.06719971 -0.00400000019
4.07040024 0
4.07360077 -0.00800000038
4.07679939 0
4.07999992 0.0200000014
4.08320045 -0.00400000019
4.08640099 0
4.08959961 0.00400000019
4.09280014 0
4.09600067 0
4.0991993 -0.00400000019
4.10239983 0.00400000019
4.10560036 0
4.10880089 0.00400000019
4.11199951 0
4.11520004 -0.00400000019
4.11840057 0
4.1216011 -0.00400000019
4.12479973 0.00400000019
4.12800026 0
4.13120079 0
4.13439941 -0.0120000001
4.13759995 -0.00800000038
4.14080048 -0.00400000019
4.14400101 -0.00800000038
4.14719963 0
4.15040016 -0.00400000019
4.15360069 0
4.15679932 -0.00400000019
4.15999985 0.02800000086
4.16320038 0
4.16640091 -0.00400000019
4.16959953 -0.00400000019
4.17280006 0
4.1760006 0
4.17920113 -0.00400000019
4.18239975 0
4.18560028 0
4.18880081 0
4.19199944 0.00400000019
4.19519997 0.00800000038
4.1984005 0.00400000019
4.20160103 0
4.20479965 0
4.20800018 0.00400000019
4.21120071 -0.00400000019
4.21439934 -0.00400000019
4.21759987 0
4.2208004 0
4.22400093 0
4.22719955 0
4.23040009 -0.00400000019
4.23360062 0
4.23680115 -0.00400000019
4.23999977 0
4.2432003 0.00400000019
4.24640083 -0.00400000019
4.24959946 0.076000005007
4.25279999 -0.00400000019
4.25600052 0
4.25920105 -0.00400000019
4.26239967 -0.00400000019
4.2656002 0
4.26880074 0.00400000019
4.27199936 0
4.27519989 0
4.27840042 -0.00400000019
4.28160095 0.00800000038
4.28479958 -0.00400000019
4.28800011 0
4.29120064 -0.00400000019
4.29439926 0
4.29759979 0.00400000019
4.30080032 -0.0120000001
4.30400085 -0.00800000038
4.30719948 -0.00400000019
4.31040001 0.00400000019
4.31360054 -0.00400000019
4.31680107 0
4.31999969 -0.04800000042
4.32320023 -0.00400000019
4.32640076 0
4.32959938 0
4.33279991 -0.00400000019
4.33600044 -0.00400000019
4.33920097 0
4.3423996 -0.00400000019
4.34560013 0.00400000019
4.34880066 -0.00400000019
4.35199928 -0.00400000019
4.35519981 -0.0120000001
4.35840034 0
4.36160088 0.0120000001
4.3647995 -0.00400000019
4.36800003 0
4.37120056 -0.00800000038
4.37440109 -0.00400000019
4.37759972 -0.00800000038
4.38080025 0.02400000021
4.38400078 0
4.3871994 -0.00400000019
4.39039993 0
4.39360046 -0.00400000019
4.39680099 -0.00400000019
4.39999962 -0.00400000019
4.40320015 0
4.40640068 0.00400000019
4.4095993 0
4.41279984 -0.00800000038
4.41600037 0
4.4192009 0
4.42239952 0
4.42560005 -0.00400000019
4.42880058 -0.00400000019
4.43200111 -0.00400000019
4.43519974 0.00400000019
4.43840027 0.00800000038
4.4416008 -0.0120000001
4.44479942 -0.00400000019
4.44799995 -0.00400000019
4.45120049 -0.0160000008
4.45440102 0
4.45759964 -0.00400000019
4.46080017 -0.00400000019
4.4640007 -0.00400000019
4.46719933 0.00400000019
4.47039986 -0.00400000019
4.47360039 -0.00400000019
4.47680092 0.00400000019
4.47999954 -0.00800000038
4.48320007 -0.00800000038
4.4864006 0.0120000001
4.48960114 0
4.49279976 0
4.49600029 0
4.49920082 0
4.50239944 0.00400000019
4.50559998 -0.00800000038
4.50880051 0.00800000038
4.51200104 -0.0160000008
4.51519966 0.00400000019
4.51840019 0.00400000019
4.52160072 0
4.52479935 -0.00400000019
4.52799988 -0.00800000038
4.53120041 -0.00400000019
4.53440094 -0.00400000019
4.53759956 -0.00800000038
4.54080009 -0.00400000019
4.54400063 -0.00400000019
4.54720116 0
4.55039978 -0.0160000008
4.55360031 0
4.55680084 0.00400000019
4.55999947 0
4.5632 0.00800000038
4.56640053 -0.00800000038
4.56960106 -0.00400000019
4.57279968 0
4.57600021 -0.00400000019
4.57920074 0.00400000019
4.58239937 0.080000005662
4.5855999 -0.00400000019
4.58880043 0
4.59200096 -0.00400000019
4.59519958 0
4.59840012 0
4.60160065 0.00400000019
4.60479927 -0.00800000038
4.6079998 0.00400000019
4.61120033 -0.00800000038
4.61440086 0
4.61759949 0
4.62080002 0
4.62400055 0
4.62720108 -0.00400000019
4.6303997 -0.00400000019
4.63360023 -0.00400000019
4.63680077 0
4.63999939 0
4.64319992 0
4.64640045 0
4.64960098 0
4.65279961 -0.00800000038
4.65600014 0
4.65920067 -0.00400000019
4.66239929 0.00800000038
4.66559982 -0.00400000019
4.66880035 0
4.67200089 -0.00400000019
4.67519951 0
4.67840004 0
4.68160057 -0.00400000019
4.6848011 0
4.68799973 0
4.69120026 -0.00400000019
4.69440079 0
4.69759941 -0.00400000019
4.70079994 -0.00400000019
4.70400047 -0.00400000019
4.707201 0
4.71039963 0
4.71360016 0
4.71680069 0
4.71999931 -0.00400000019
4.72319984 0.00400000019
4.72640038 -0.00800000038
4.72960091 0.00400000019
4.73279953 -0.02800000086
4.73600006 0
4.73920059 -0.00400000019
4.74240112 0.0120000001
4.74559975 0.00400000019
4.74880028 0.0160000008
4.75200081 -0.00400000019
4.75519943 0
4.75839996 0.00400000019
4.76160049 0
4.76480103 0
4.76799965 0.00800000038
4.77120018 -0.1040000021
4.77440071 0
4.77759933 -0.00400000019
4.78079987 0
4.7840004 0
4.78720093 0.00400000019
4.79039955 -0.0120000001
4.79360008 0
4.79680061 0
4.80000114 0.00400000019
4.80319977 0.00400000019
4.8064003 -0.00400000019
4.80960083 -0.0120000001
4.81279945 -0.0120000001
4.81599998 -0.00800000038
4.81920052 0
4.82240105 -0.00400000019
4.82559967 -0.00400000019
4.8288002 -0.00400000019
4.83200073 -0.00400000019
4.83519936 0.00400000019
4.83839989 0
4.84160042 0
4.84480095 -0.00400000019
4.84799957 0
4.8512001 -0.02800000086
4.85440063 -0.0120000001
4.85760117 0
4.86079979 0.00400000019
4.86400032 0
4.86720085 0.00400000019
4.87039948 0.00400000019
4.87360001 -0.00400000019
4.87680054 0
4.88000107 0
4.88319969 -0.00400000019
4.88640022 -0.00400000019
4.88960075 -0.00800000038
4.89279938 0
4.89599991 0
4.89920044 0.00400000019
4.90240097 0.0120000001
4.90559959 0
4.90880013 0
4.91200066 -0.00400000019
4.91519928 -0.00400000019
4.91839981 -0.0160000008
4.92160034 0.0120000001
4.92480087 0
4.9279995 0
4.93120003 0
4.93440056 -0.00400000019
4.93760109 0
4.94079971 -0.00400000019
4.94400024 -0.00400000019
4.94720078 -0.00400000019
4.9503994 0
4.95359993 -0.00800000038
4.95680046 0.00400000019
4.96000099 0
4.96319962 -0.00400000019
4.96640015 0.00400000019
4.96960068 0
4.9727993 -0.00400000019
4.97599983 -0.00400000019
4.97920036 0
4.98240089 0
4.98559952 -0.00400000019
4.98880005 0
4.99200058 0
4.99520111 -0.00400000019
4.99839973 0.0120000001
5.00160027 0.00400000019
5.0048008 -0.00400000019
5.00799942 0
5.01119995 0.00400000019
5.01440048 -0.00400000019
5.01760101 -0.00400000019
5.02079964 -0.00400000019
5.02400017 0
5.0272007 0
5.03039932 -0.00400000019
5.03359985 -0.00400000019
5.03680038 0
5.04000092 -0.0120000001
5.04319954 -0.02400000021
5.04640007 0
5.0496006 0
5.05280113 -0.00400000019
5.05599976 0
5.05920029 -0.00400000019
5.06240082 0
5.06559944 0
5.06879997 -0.00400000019
5.0720005 0
5.07520103 0
5.07839966 -0.00400000019
5.08160019 0
5.08480072 0.04000000283
5.08799934 0.00400000019
5.09119987 0
5.09440041 0
5.09760094 -0.00400000019
5.10079956 -0.00800000038
5.10400009 0.0160000008
5.10720062 0
5.11040115 0
5.11359978 0
5.11680031 0
5.12000084 0
5.12319946 -0.00400000019
5.12639999 -0.00400000019
5.12960052 0
5.13280106 0
5.13599968 0.00400000019
5.13920021 0
5.14240074 -0.00400000019
5.14559937 -0.00800000038
5.1487999 0.00400000019
5.15200043 0.00800000038
5.15520096 -0.00800000038
5.15839958 -0.00400000019
5.16160011 0
5.16480064 -0.00400000019
5.16800117 -0.00400000019
5.1711998 0
5.17440033 0.00400000019
5.17760086 -0.00800000038
5.18079948 0
5.18400002 0.00400000019
5.18720055 -0.00400000019
5.19040108 -0.00400000019
5.1935997 0.00800000038
5.19680023 0
5.20000076 0.00400000019
5.20319939 -0.00800000038
5.20639992 -0.00400000019
5.20960045 0
5.21280098 -0.00400000019
5.2159996 0
5.21920013 -0.00400000019
5.22240067 0
5.2256012 0
5.22879982 -0.00400000019
5.23200035 0
5.23520088 0.00400000019
5.23839951 0
5.24160004 0.00400000019
5.24480057 0
5.2480011 0
5.25119972 -0.00400000019
5.25440025 -0.06400000304
5.25760078 0
5.26079941 0.00400000019
5.26399994 0
5.26720047 0
5.270401 0
5.27359962 0
5.27680016 0.0200000014
5.28000069 0
5.28319931 0
5.28639984 -0.00400000019
5.28960037 0
5.2928009 0
5.29599953 0
5.29920006 0
5.30240059 0
5.30560112 -0.00400000019
5.30879974 -0.00400000019
5.31200027 0
5.31520081 0
5.31839943 -0.00400000019
5.32159996 -0.0120000001
5.32480049 0
5.32800102 -0.00800000038
5.33119965 0.0160000008
5.33440018 0
5.33760071 -0.00400000019
5.34079933 -0.00800000038
5.34399986 -0.00400000019
5.34720039 0
5.35040092 0.00400000019
5.35359955 0
5.35680008 0.00400000019
5.36000061 -0.00400000019
5.36320114 0.00400000019
5.36639977 0
5.3696003 -0.00800000038
5.37280083 -0.00400000019
5.37599945 -0.00400000019
5.37919998 0
5.38240051 -0.00400000019
5.38560104 0
5.38879967 0
5.3920002 -0.00800000038
5.39520073 0
5.39839935 0
5.40159988 -0.00400000019
5.40480042 0
5.40800095 0
5.41119957 -0.00400000019
5.4144001 0
5.41760063 -0.00400000019
5.42080116 -0.00800000038
5.42399979 -0.00400000019
5.42720032 -0.00400000019
5.43040085 0.00400000019
5.43359947 0.02400000021
5.4368 0
5.44000053 -0.00400000019
5.44320107 -0.00400000019
5.44639969 -0.00400000019
5.44960022 0.00400000019
5.45280075 -0.00400000019
5.45599937 -0.00400000019
5.45919991 0.00800000038
5.46240044 -0.00400000019
5.46560097 -0.00400000019
5.46879959 0
5.47200012 0.00400000019
5.47520065 0.00400000019
5.47840118 0.00400000019
5.48159981 -0.00400000019
5.48480034 -0.060000002384
5.48800087 0
5.49119949 0.00400000019
5.49440002 0
5.49760056 0
5.50080109 0.00800000038
5.50399971 0.00400000019
5.50720024 0
5.51040077 0.00400000019
5.5135994 0
5.51679993 -0.0200000014
5.52000046 0
5.52320099 0
5.52639961 0.00400000019
5.52960014 -0.00400000019
5.53280067 0
5.53600121 0
5.53919983 0
5.54240036 -0.00400000019
5.54560089 -0.00400000019
5.54879951 0
5.55200005 -0.00400000019
5.55520058 -0.00400000019
5.55840111 0
5.56159973 0
5.56480026 -0.00400000019
5.56800079 -0.00400000019
5.57119942 0.00400000019
5.57439995 0.00800000038
5.57760048 0.00400000019
5.58080101 -0.00400000019
5.58399963 0
5.58720016 0
5.5904007 0.00400000019
5.59359932 0
5.59679985 -0.00400000019
5.60000038 0.00400000019
5.60320091 0
5.60639954 0
5.60960007 0
5.6128006 0
5.61600113 0
5.61919975 -0.00400000019
5.62240028 0
5.62560081 0
5.62879944 0.00400000019
5.63199997 0
5.6352005 0
5.63840103 0
5.64159966 -0.00800000038
5.64480019 -0.04800000042
5.64800072 0
5.65119934 -0.00800000038
5.65439987 0.00400000019
5.6576004 -0.00400000019
5.66080093 -0.00400000019
5.66399956 -0.00400000019
5.66720009 -0.00400000019
5.67040062 -0.00400000019
5.67360115 -0.00400000019
5.67679977 0
5.68000031 0
5.68320084 0.00400000019
5.68639946 0
5.68959999 0
5.69280052 0.00400000019
5.69600105 0
5.69919968 0.00400000019
5.70240021 0
5.70560074 0.00400000019
5.70879936 -0.00400000019
5.71199989 0
5.71520042 -0.00400000019
5.71840096 0
5.72159958 0
5.72480011 0
5.72800064 0
5.73120117 0.00400000019
5.7343998 -0.00800000038
5.73760033 -0.00400000019
5.74080086 0
5.74399948 0.0120000001
5.74720001 -0.0120000001
5.75040054 0
5.75360107 0.05200000107
5.7567997 -0.00400000019
5.76000023 0.0160000008
5.76320076 0
5.76639938 0
5.76959991 -0.00400000019
5.77280045 -0.00800000038
5.77600098 -0.00400000019
5.7791996 0.00400000019
5.78240013 0.00400000019
5.78560066 -0.00400000019
5.78880119 -0.00400000019
5.79199982 0
5.79520035 0
5.79840088 0.00400000019
5.8015995 0
5.80480003 -0.00400000019
5.80800056 0
5.8112011 0
5.81439972 0
5.81760025 0
5.82080078 0.00400000019
5.8239994 -0.00400000019
5.82719994 0.00400000019
5.83040047 0.00400000019
5.833601 0.00400000019
5.83679962 -0.00400000019
5.84000015 0.00800000038
5.84320068 0
5.84640121 0
5.84959984 0
5.85280037 -0.00400000019
5.8560009 0
5.85919952 -0.00400000019
5.86240005 -0.00800000038
5.86560059 -0.00400000019
5.86880112 0.00400000019
5.87199974 0.00400000019
5.87520027 0
5.8784008 0
5.88159943 0
5.88479996 0
5.88800049 0.0200000014
5.89120102 0.00400000019
5.89439964 0
5.89760017 0
5.9008007 0
5.90399933 0
5.90719986 0
5.91040039 -0.00400000019
5.91360092 -0.0120000001
5.91679955 0
5.92000008 0
5.92320061 -0.00400000019
5.92640114 0
5.92959976 0
5.93280029 0
5.93600082 0.00400000019
5.93919945 0
5.94239998 0
5.94560051 -0.00400000019
5.94880104 0
5.95199966 0
5.9552002 0
5.95840073 0.00800000038
5.96159935 -0.00400000019
5.96479988 0.00400000019
5.96800041 0
5.97120094 0
5.97439957 0
5.9776001 0.00400000019
5.98080063 0
5.98400116 0
5.98719978 -0.00400000019
5.99040031 0
5.99360085 0.00400000019
5.99679947 0
6 0
6.00320053 -0.00400000019
6.00640106 -0.00400000019
6.00959969 0
6.01280022 0.02800000086
6.01600075 0
6.01919937 0.00400000019
6.0223999 0
6.02560043 0.00400000019
6.02880096 0
6.03199959 -0.00400000019
6.03520012 0
6.03840065 0
6.04160118 0.00800000038
6.0447998 0.00400000019
6.04800034 0
6.05120087 0.00400000019
6.05439949 -0.00400000019
6.05760002 -0.00400000019
6.06080055 0
6.06400108 0.00400000019
6.06719971 0
6.07040024 0.00400000019
6.07360077 0
6.07679939 -0.00800000038
6.07999992 0.00400000019
6.08320045 0
6.08640099 -0.00400000019
6.08959961 -0.00400000019
6.09280014 0.00800000038
6.09600067 0
6.0992012 0
6.10239983 -0.00800000038
6.10560036 0
6.10880089 -0.00400000019
6.11199951 0.00400000019
6.11520004 -0.00400000019
6.11840057 0.00400000019
6.1216011 -0.00800000038
6.12479973 0
6.12800026 -0.00400000019
6.13120079 0
6.13439941 -0.00400000019
6.13759995 0
6.14080048 0.00400000019
6.14400101 -0.00400000019
6.14719963 0
6.15040016 0.00400000019
6.15360069 0.00400000019
6.15680122 0
6.15999985 0
6.16320038 0.00400000019
6.16640091 0
6.16959953 0.04400000349
6.17280006 0.25600001216
6.1760006 0.416000008583
6.17920113 0.504000008106
6.18239975 0.504000008106
6.18560028 0.504000008106
6.18880081 0.504000008106
6.19199944 0.504000008106
6.19519997 0.504000008106
6.1984005 0.504000008106
6.20160103 0.504000008106
6.20479965 0.504000008106
6.20800018 0.504000008106
6.21120071 0.504000008106
6.21440125 0.504000008106
6.21759987 0.504000008106
6.2208004 0.504000008106
6.22400093 0.504000008106
6.22719955 0.504000008106
6.23040009 0.504000008106
6.23360062 0.504000008106
6.23680115 0.504000008106
6.23999977 0.504000008106
6.2432003 0.504000008106
6.24640083 0.504000008106
6.24959946 0.504000008106
6.25279999 0.504000008106
6.25600052 0.504000008106
6.25920105 0.504000008106
6.26239967 0.504000008106
6.2656002 0.504000008106
6.26880074 0.504000008106
6.27199936 0.504000008106
6.27519989 0.504000008106
6.27840042 0.504000008106
6.28160095 0.504000008106
6.28479958 0.504000008106
6.28800011 0.504000008106
6.29120064 0.504000008106
6.29440117 0.504000008106
6.29759979 0.504000008106
6.30080032 0.504000008106
6.30400085 0.504000008106
6.30719948 0.504000008106
6.31040001 0.504000008106
6.31360054 0.504000008106
6.31680107 0.504000008106
6.31999969 0.504000008106
6.32320023 0.504000008106
6.32640076 0.504000008106
6.32959938 0.504000008106
6.33279991 0.504000008106
6.33600044 0.504000008106
6.33920097 0.504000008106
6.3423996 0.504000008106
6.34560013 0.504000008106
6.34880066 0.504000008106
6.35200119 0.504000008106
6.35519981 0.504000008106
6.35840034 0.504000008106
6.36160088 0.504000008106
6.3647995 0.504000008106
6.36800003 0.504000008106
6.37120056 0.504000008106
6.37440109 0.504000008106
6.37759972 0.504000008106
6.38080025 0.504000008106
6.38400078 0.504000008106
6.3871994 0.504000008106
6.39039993 0.504000008106
6.39360046 0.504000008106
6.39680099 0.504000008106
6.39999962 0.504000008106
6.40320015 0.48400002718
6.40640068 0.48400002718
6.40960121 0.468000024557
6.41279984 0.456000030041
6.41600037 0.456000030041
6.4192009 0.448000013828
6.42239952 0.440000027418
6.42560005 0.444000035524
6.42880058 0.436000019312
6.43200111 0.436000019312
6.43519974 0.452000021935
6.43840027 0.436000019312
6.4416008 0.440000027418
6.44479942 0.444000035524
6.44799995 0.436000019312
6.45120049 0.444000035524
6.45440102 0.448000013828
6.45759964 0.444000035524
6.46080017 0.448000013828
6.4640007 0.452000021935
6.46720123 0.448000013828
6.47039986 0.444000035524
6.47360039 0.452000021935
6.47680092 0.444000035524
6.47999954 0.456000030041
6.48320007 0.444000035524
6.4864006 0.440000027418
6.48960114 0.448000013828
6.49279976 0.444000035524
6.49600029 0.440000027418
6.49920082 0.436000019312
6.50239944 0.420000016689
6.50559998 0.428000032902
6.50880051 0.416000008583
6.51200104 0.412000030279
6.51519966 0.404000014067
6.51840019 0.40000000596
6.52160072 0.39600002766
6.52480125 0.39200001955
6.52799988 0.38800001144
6.53120041 0.38400000334
6.53440094 0.37200000882
6.53759956 0.36800003052
6.54080009 0.37200000882
6.54400063 0.36000001431
6.54720116 0.36000001431
6.55039978 0.34800001979
6.55360031 0.33600002527
6.55680084 0.33600002527
6.55999947 0.32000002265
6.5632 0.32400000095
6.56640053 0.32400000095
6.56960106 0.31200000644
6.57279968 0.31600001454
6.57600021 0.29600000381
6.57920074 0.30000001192
6.58239937 0.2840000093
6.5855999 0.27600002289
6.58880043 0.26800000668
6.59200096 0.26800000668
6.59519958 0.24400001764
6.59840012 0.24800001085
6.60160065 0.24800001085
6.60480118 0.24000000954
6.6079998 0.23200000823
6.61120033 0.22400000691
6.61440086 0.22800001502
6.61759949 0.22000001371
6.62080002 0.2120000124
6.62400055 0.20800000429
6.62720108 0.20400001109
6.6303997 0.18400001526
6.63360023 0.20000000298
6.63680077 0.19200000167
6.63999939 0.18000000715
6.64319992 0.18000000715
6.64640045 0.17200000584
6.64960098 0.16800001264
6.65279961 0.17600001395
6.65600014 0.16800001264
6.65920067 0.16400000453
6.6624012 0.17200000584
6.66559982 0.16000001132
6.66880035 0.15600000322
6.67200089 0.16400000453
6.67519951 0.16000001132
6.67840004 0.15600000322
6.68160057 0.15600000322
6.6848011 0.15600000322
6.68799973 0.16000001132
6.69120026 0.1480000019
6.69440079 0.15200001001
6.69759941 0.1480000019
6.70079994 0.1440000087
6.70400047 0.1360000074
6.707201 0.15600000322
6.71039963 0.1400000006
6.71360016 0.1440000087
6.71680069 0.1240000054
6.72000122 0.1319999993
6.72319984 0.1240000054
6.72640038 0.1160000041
6.72960091 0.1360000074
6.73279953 0.096000000834
6.73600006 0.1200000048
6.73920059 0.1200000048
6.74240112 0.1080000028
6.74559975 0.1160000041
6.74880028 0.1040000021
6.75200081 0.1000000015
6.75519943 0.1040000021
6.75839996 0.1080000028
6.76160049 0.1120000035
6.76480103 0.1040000021
6.76799965 0.096000000834
6.77120018 0.1000000015
6.77440071 0.1080000028
6.77760124 0.1080000028
6.78079987 0.1080000028
6.7840004 0.1120000035
6.78720093 0.1200000048
6.79039955 0.1040000021
6.79360008 0.1080000028
6.79680061 0.1080000028
6.80000114 0.1160000041
6.80319977 0.1120000035
6.8064003 0.1120000035
6.80960083 0.1080000028
6.81279945 0.1120000035
6.81599998 0.1160000041
6.81920052 0.1200000048
6.82240105 0.1160000041
6.82559967 0.1080000028
6.8288002 0.1040000021
6.83200073 0.1080000028
6.83520126 0.1080000028
6.83839989 0.1040000021
6.84160042 0.1000000015
6.84480095 0.096000000834
6.84799957 0.092000007629
6.8512001 0.084000006318
6.85440063 0.084000006318
6.85760117 0.084000006318
6.86079979 0.084000006318
6.86400032 0.088000006974
6.86720085 0.080000005662
6.87039948 0.084000006318
6.87360001 0.088000006974
6.87680054 0.088000006974
6.88000107 0.092000007629
6.88319969 0.1040000021
6.88640022 0.1080000028
6.88960075 0.1120000035
6.89279938 0.1319999993
6.89599991 0.1280000061
6.89920044 0.1480000019
6.90240097 0.15600000322
6.90559959 0.15600000322
6.90880013 0.16800001264
6.91200066 0.17600001395
6.91520119 0.19200000167
6.91839981 0.20400001109
6.92160034 0.20400001109
6.92480087 0.22400000691
6.9279995 0.22000001371
6.93120003 0.22400000691
6.93440056 0.22800001502
6.93760109 0.22800001502
6.94079971 0.22800001502
6.94400024 0.23600001633
6.94720078 0.23600001633
6.9503994 0.24800001085
6.95359993 0.26800000668
6.95680046 0.25600001216
6.96000099 0.24800001085
6.96319962 0.25600001216
6.96640015 0.24000000954
6.96960068 0.24800001085
6.97280121 0.24400001764
6.97599983 0.24000000954
6.97920036 0.22800001502
6.98240089 0.22400000691
6.98559952 0.20800000429
6.98880005 0.22000001371
6.99200058 0.20400001109
6.99520111 0.18000000715
6.99839973 0.17200000584
7.00160027 0.17200000584
7.0048008 0.15600000322
7.00799942 0.15200001001
7.01119995 0.1400000006
7.01440048 0.1240000054
7.01760101 0.1080000028
7.02079964 0.096000000834
7.02400017 0.088000006974
7.0272007 0.072000004351
7.03040123 0.060000002384
7.03359985 0.05200000107
7.03680038 0.04400000349
7.04000092 0.03200000152
7.04319954 0.0200000014
7.04640007 0.0160000008
7.0496006 0.00400000019
7.05280113 -0.0120000001
7.05599976 -0.0200000014
7.05920029 -0.0200000014
7.06240082 -0.02800000086
7.06559944 -0.03200000152
7.06879997 -0.04000000283
7.0720005 -0.05200000107
7.07520103 -0.060000002384
7.07839966 -0.06400000304
7.08160019 -0.072000004351
7.08480072 -0.06400000304
7.08800125 -0.076000005007
7.09119987 -0.072000004351
7.09440041 -0.088000006974
7.09760094 -0.088000006974
7.10079956 -0.096000000834
7.10400009 -0.1000000015
7.10720062 -0.1000000015
7.11040115 -0.096000000834
7.11359978 -0.1080000028
7.11680031 -0.1040000021
7.12000084 -0.1040000021
7.12319946 -0.1040000021
7.12639999 -0.1080000028
7.12960052 -0.1000000015
7.13280106 -0.096000000834
7.13599968 -0.1000000015
7.13920021 -0.1040000021
7.14240074 -0.088000006974
7.14560127 -0.1080000028
7.1487999 -0.096000000834
7.15200043 -0.088000006974
7.15520096 -0.080000005662
7.15839958 -0.084000006318
7.16160011 -0.072000004351
7.16480064 -0.080000005662
7.16800117 -0.068000003695
7.1711998 -0.072000004351
7.17440033 -0.06400000304
7.17760086 -0.060000002384
7.18079948 -0.056000001729
7.18400002 -0.04800000042
7.18720055 -0.04000000283
7.19040108 -0.0200000014
7.1935997 -0.03600000218
7.19680023 -0.03200000152
7.20000076 -0.02400000021
7.20320129 0.02400000021
7.20639992 -0.0120000001
7.20960045 0.00400000019
7.21280098 0.0120000001
7.2159996 0.00800000038
7.21920013 0.02400000021
7.22240067 0.02400000021
7.2256012 0.02800000086
7.22879982 0.04000000283
7.23200035 0.03600000218
7.23520088 0.04800000042
7.23839951 0.05200000107
7.24160004 0.05200000107
7.24480057 0.05200000107
7.2480011 0.068000003695
7.25119972 0.05200000107
7.25440025 0.00400000019
7.25760078 0.060000002384
7.26079941 0.060000002384
7.26399994 0.05200000107
7.26720047 0.060000002384
7.270401 0.056000001729
7.27359962 0.05200000107
7.27680016 0.05200000107
7.28000069 0.05200000107
7.28320122 0.04800000042
7.28639984 0.060000002384
7.28960037 0.04400000349
7.2928009 0.04400000349
7.29599953 0.04000000283
7.29920006 0.03600000218
7.30240059 0.02800000086
7.30560112 0.02400000021
7.30879974 0.02400000021
7.31200027 0.02800000086
7.31520081 0.02400000021
7.31839943 0.0200000014
7.32159996 0.02400000021
7.32480049 0.0200000014
7.32800102 0.0160000008
7.33119965 0.0160000008
7.33440018 0.02800000086
7.33760071 0.0120000001
7.34080124 0.0200000014
7.34399986 0.0200000014
7.34720039 0.0160000008
7.35040092 0.0120000001
7.35359955 0.0160000008
7.35680008 0.00800000038
7.36000061 0.0160000008
7.36320114 0.00400000019
7.36639977 0.00400000019
7.3696003 0
7.37280083 0.00400000019
7.37599945 0
7.37919998 -0.00800000038
7.38240051 -0.0120000001
7.38560104 -0.00800000038
7.38879967 -0.0160000008
7.3920002 0
7.39520073 -0.00800000038
7.39840126 -0.0120000001
7.40159988 -0.0120000001
7.40480042 -0.00800000038
7.40800095 -0.0120000001
7.41119957 -0.0200000014
7.4144001 -0.0160000008
7.41760063 -0.0160000008
7.42080116 -0.0160000008
7.42399979 -0.02800000086
7.42720032 -0.02800000086
7.43040085 -0.03200000152
7.43359947 -0.03200000152
7.4368 -0.02800000086
7.44000053 -0.03200000152
7.44320107 -0.02800000086
7.44639969 -0.02800000086
7.44960022 -0.02800000086
7.45280075 -0.03200000152
7.45600128 -0.03200000152
7.45919991 -0.02800000086
7.46240044 -0.03200000152
7.46560097 -0.03200000152
7.46879959 -0.02800000086
7.47200012 -0.0120000001
7.47520065 -0.0200000014
7.47840118 -0.0200000014
7.48159981 -0.0160000008
7.48480034 -0.0160000008
7.48800087 -0.0160000008
7.49119949 -0.0120000001
7.49440002 -0.0120000001
7.49760056 -0.00400000019
7.50080109 -0.00400000019
7.50399971 -0.0120000001
7.50720024 0
7.51040077 0.00400000019
7.5136013 -0.00400000019
7.51679993 -0.00800000038
7.52000046 -0.00800000038
7.52320099 0
7.52639961 -0.0200000014
7.52960014 0
7.53280067 0.00800000038
7.53600121 0
7.53919983 -0.00400000019
7.54240036 0.00400000019
7.54560089 -0.0200000014
7.54879951 0.00400000019
7.55200005 0
7.55520058 0
7.55840111 0.00400000019
7.56159973 0
7.56480026 0.00800000038
7.56800079 0.00400000019
7.57119942 0.00800000038
7.57439995 0.00800000038
7.57760048 0.02400000021
7.58080101 0.03200000152
7.58399963 0.0200000014
7.58720016 0.0200000014
7.5904007 0.0120000001
7.59360123 0.02400000021
7.59679985 0.02400000021
7.60000038 0.0200000014
7.60320091 0.02400000021
7.60639954 0.00400000019
7.60960007 0.00800000038
7.6128006 0.0200000014
7.61600113 0.0200000014
7.61919975 0.0120000001
7.62240028 0.0160000008
7.62560081 0.00800000038
7.62879944 0.00800000038
7.63199997 -0.00400000019
7.6352005 0.00800000038
7.63840103 0.00400000019
7.64159966 0.0200000014
7.64480019 0.00400000019
7.64800072 0.00400000019
7.65120125 0
7.65439987 0.00400000019
7.6576004 0.00800000038
7.66080093 -0.00400000019
7.66399956 -0.00800000038
7.66720009 0
7.67040062 0.00400000019
7.67360115 0.00800000038
7.67679977 0.0120000001
7.68000031 -0.00400000019
7.68320084 0.0160000008
7.68639946 0
7.68959999 0.00800000038
7.69280052 0.0120000001
7.69600105 0.00800000038
7.69919968 0.0160000008
7.70240021 0.0120000001
7.70560074 0.0160000008
7.70880127 0.02400000021
7.71199989 0.0160000008
7.71520042 0.02400000021
7.71840096 0.03600000218
7.72159958 0.03600000218
7.72480011 0.04800000042
7.72800064 0.04800000042
7.73120117 0.060000002384
7.7343998 0.060000002384
7.73760033 0.072000004351
7.74080086 0.084000006318
7.74399948 0.088000006974
7.74720001 0.1000000015
7.75040054 0.1080000028
7.75360107 0.1160000041
7.7567997 0.1160000041
7.76000023 0.1200000048
7.76320076 0.1319999993
7.76640129 0.1480000019
7.76959991 0.1480000019
7.77280045 0.15200001001
7.77600098 0.1400000006
7.7791996 0.15600000322
7.78240013 0.16400000453
7.78560066 0.16800001264
7.78880119 0.16800001264
7.79199982 0.16000001132
7.79520035 0.16800001264
7.79840088 0.16400000453
7.8015995 0.17200000584
7.80480003 0.16800001264
7.80800056 0.16800001264
7.8112011 0.16800001264
7.81439972 0.16000001132
7.81760025 0.16400000453
7.82080078 0.1480000019
7.82400131 0.15600000322
7.82719994 0.1360000074
7.83040047 0.1360000074
7.833601 0.1160000041
7.83679962 0.1080000028
7.84000015 0.096000000834
7.84320068 0.096000000834
7.84640121 0.088000006974
7.84959984 0.072000004351
7.85280037 0.056000001729
7.8560009 0.060000002384
7.85919952 0.03600000218
7.86240005 0.03200000152
7.86560059 0.0200000014
7.86880112 0.00400000019
7.87199974 0.0160000008
7.87520027 -0.00800000038
7.8784008 -0.02400000021
7.88159943 -0.02800000086
7.88479996 0.00400000019
7.88800049 -0.04400000349
7.89120102 -0.04400000349
7.89439964 -0.05200000107
7.89760017 -0.068000003695
7.9008007 -0.076000005007
7.90400124 -0.076000005007
7.90719986 -0.080000005662
7.91040039 -0.080000005662
7.91360092 -0.092000007629
7.91679955 -0.1040000021
7.92000008 -0.080000005662
7.92320061 -0.1040000021
7.92640114 -0.1080000028
7.92959976 -0.1120000035
7.93280029 -0.1200000048
7.93600082 -0.1200000048
7.93919945 -0.1240000054
7.94239998 -0.1200000048
7.94560051 -0.1240000054
7.94880104 -0.1160000041
7.95199966 -0.1280000061
7.9552002 -0.1319999993
7.95840073 -0.1200000048
7.96160126 -0.1240000054
7.96479988 -0.1280000061
7.96800041 -0.1200000048
7.97120094 -0.1200000048
7.97439957 -0.1040000021
7.9776001 -0.1160000041
7.98080063 -0.1120000035
7.98400116 -0.1080000028
7.98719978 -0.1040000021
7.99040031 -0.1040000021
7.99360085 -0.096000000834
7.99679947 -0.096000000834
8 -0.092000007629
8.00320053 -0.084000006318
8.00640106 -0.084000006318
8.00959969 -0.06400000304
8.01280022 -0.068000003695
8.01600075 -0.06400000304
8.01920128 -0.060000002384
8.0223999 -0.060000002384
8.02560043 -0.04800000042
8.02880096 -0.04000000283
8.03199959 -0.03600000218
8.03520012 -0.02800000086
8.03840065 -0.0200000014
8.04160118 -0.00800000038
8.0447998 -0.00400000019
8.04800034 -0.00800000038
8.05120087 0
8.05439949 0.00800000038
8.05760002 0.00400000019
8.06080055 0.0120000001
8.06400108 0.0160000008
8.06719971 0.0160000008
8.07040024 0.02400000021
8.07360077 0.02800000086
8.0768013 0.02800000086
8.07999992 0.03200000152
8.08320045 0.03600000218
8.08640099 0.03200000152
8.08959961 0.02800000086
8.09280014 0.03200000152
8.09600067 0.03600000218
8.0992012 0.03200000152
8.10239983 0.02800000086
8.10560036 0.02800000086
8.10880089 0.03600000218
8.11199951 0.0200000014
8.11520004 0.0200000014
8.11840057 0.02400000021
8.1216011 0.02800000086
8.12479973 0.0200000014
8.12800026 0.02400000021
8.13120079 0.03600000218
8.13440132 0.02800000086
8.13759995 0.02400000021
8.14080048 0.00800000038
8.14400101 0.0120000001
8.14719963 0.0120000001
8.15040016 0.0160000008
8.15360069 0.0120000001
8.15680122 0.00800000038
8.15999985 0.00800000038
8.16320038 0.00800000038
8.16640091 0.00400000019
8.16959953 0.00400000019
8.17280006 -0.00400000019
8.1760006 0
8.17920113 0
8.18239975 0.00400000019
8.18560028 0.00400000019
8.18880081 -0.00400000019
8.19200134 -0.00800000038
8.19519997 -0.03600000218
8.1984005 0
8.20160103 0
8.20479965 -0.00400000019
8.20800018 0.00800000038
8.21120071 0
8.21440125 -0.00800000038
8.21759987 -0.00800000038
8.2208004 -0.00400000019
8.22400093 -0.0200000014
8.22719955 -0.0120000001
8.23040009 -0.00800000038
8.23360062 -0.0120000001
8.23680115 0
8.23999977 -0.00800000038
8.2432003 -0.0120000001
8.24640083 -0.0160000008
8.24959946 -0.02400000021
8.25279999 -0.02400000021
8.25600052 -0.0160000008
8.25920105 -0.0200000014
8.26239967 -0.0200000014
8.2656002 -0.02400000021
8.26880074 -0.02400000021
8.27200127 -0.03200000152
8.27519989 -0.02800000086
8.27840042 -0.04000000283
8.28160095 -0.02800000086
8.28479958 -0.02800000086
8.28800011 -0.02400000021
8.29120064 -0.03600000218
8.29440117 -0.03600000218
8.29759979 -0.03200000152
8.30080032 -0.03200000152
8.30400085 -0.03200000152
8.30719948 -0.03600000218
8.31040001 -0.03600000218
8.31360054 -0.03600000218
8.31680107 -0.03600000218
8.31999969 -0.03200000152
8.32320023 -0.03200000152
8.32640076 -0.02800000086
8.32960129 -0.0200000014
8.33279991 -0.02800000086
8.33600044 -0.02800000086
8.33920097 -0.02800000086
8.3423996 -0.03200000152
8.34560013 -0.0200000014
8.34880066 -0.02400000021
8.35200119 -0.0120000001
8.35519981 -0.0120000001
8.35840034 -0.0120000001
8.36160088 -0.00800000038
8.3647995 -0.00400000019
8.36800003 -0.00400000019
8.37120056 -0.00800000038
8.37440109 0
8.37759972 0.00400000019
8.38080025 0.00400000019
8.38400078 0.0120000001
8.38720131 0.00400000019
8.39039993 0.0120000001
8.39360046 0.00800000038
8.39680099 0.00800000038
8.39999962 0.00800000038
8.40320015 0.0120000001
8.40640068 0.0120000001
8.40960121 0.0160000008
8.41279984 0.0160000008
8.41600037 0.00400000019
8.4192009 0.00400000019
8.42239952 0
8.42560005 0.00400000019
8.42880058 0.00800000038
8.43200111 0.0200000014
8.43519974 0.00400000019
8.43840027 0.00400000019
8.4416008 0.00400000019
8.44480133 0.00800000038
8.44799995 0.00400000019
8.45120049 0
8.45440102 0.00400000019
8.45759964 0.00400000019
8.46080017 0.00400000019
8.4640007 0.00800000038
8.46720123 0
8.47039986 -0.00400000019
8.47360039 -0.00400000019
8.47680092 0.00400000019
8.47999954 -0.00400000019
8.48320007 -0.00800000038
8.4864006 0.00400000019
8.48960114 -0.00400000019
8.49279976 0.00800000038
8.49600029 0.00400000019
8.49920082 0.00800000038
8.50240135 0.00800000038
8.50559998 0.00800000038
8.50880051 0.0120000001
8.51200104 0.0120000001
8.51519966 0.00400000019
8.51840019 0.0160000008
8.52160072 0.0120000001
8.52480125 0.00800000038
8.52799988 0.02400000021
8.53120041 0.0160000008
8.53440094 0.0160000008
8.53759956 0.00800000038
8.54080009 0.00800000038
8.54400063 0.00800000038
8.54720116 0.00400000019
8.55039978 0.0160000008
8.55360031 0.00800000038
8.55680084 0.0120000001
8.55999947 0.0120000001
8.5632 0.00400000019
8.56640053 0.02800000086
8.56960106 0.03200000152
8.57279968 0.02400000021
8.57600021 0.02800000086
8.57920074 0.03600000218
8.58240128 0.03600000218
8.5855999 0.04400000349
8.58880043 0.06400000304
8.59200096 0.060000002384
8.59519958 0.068000003695
8.59840012 0.080000005662
8.60160065 0.084000006318
8.60480118 0.088000006974
8.6079998 0.088000006974
8.61120033 0.096000000834
8.61440086 0.1080000028
8.61759949 0.1080000028
8.62080002 0.1200000048
8.62400055 0.1200000048
8.62720108 0.1200000048
8.6303997 0.1319999993
8.63360023 0.1319999993
8.63680077 0.1240000054
8.6400013 0.1319999993
8.64319992 0.1280000061
8.64640045 0.1360000074
8.64960098 0.1360000074
8.65279961 0.1240000054
8.65600014 0.1240000054
8.65920067 0.1200000048
8.6624012 0.1160000041
8.66559982 0.1200000048
8.66880035 0.1080000028
8.67200089 0.1040000021
8.67519951 0.096000000834
8.67840004 0.092000007629
8.68160057 0.084000006318
8.6848011 0.080000005662
8.68799973 0.072000004351
8.69120026 0.060000002384
8.69440079 0.056000001729
8.69760132 0.05200000107
8.70079994 0.0200000014
8.70400047 0.02800000086
8.707201 0.0160000008
8.71039963 0.0120000001
8.71360016 0.0120000001
8.71680069 0
8.72000122 -0.00400000019
8.72319984 -0.0200000014
8.72640038 -0.02800000086
8.72960091 -0.04000000283
8.73279953 -0.03600000218
8.73600006 -0.04800000042
8.73920059 -0.056000001729
8.74240112 -0.06400000304
8.74559975 -0.072000004351
8.74880028 -0.084000006318
8.75200081 -0.068000003695
8.75520134 -0.080000005662
8.75839996 -0.1000000015
8.76160049 -0.060000002384
8.76480103 -0.1000000015
8.76799965 -0.1080000028
8.77120018 -0.1120000035
8.77440071 -0.1080000028
8.77760124 -0.1160000041
8.78079987 -0.1200000048
8.7840004 -0.1240000054
8.78720093 -0.1160000041
8.79039955 -0.1120000035
8.79360008 -0.1200000048
8.79680061 -0.1240000054
8.80000114 -0.1240000054
8.80319977 -0.1240000054
8.8064003 -0.1200000048
8.80960083 -0.1160000041
8.81280136 -0.1240000054
8.81599998 -0.1240000054
8.81920052 -0.1160000041
8.82240105 -0.1120000035
8.82559967 -0.1280000061
8.8288002 -0.1080000028
8.83200073 -0.1080000028
8.83520126 -0.1080000028
8.83839989 -0.096000000834
8.84160042 -0.088000006974
8.84480095 -0.096000000834
8.84799957 -0.1080000028
8.8512001 -0.092000007629
8.85440063 -0.092000007629
8.85760117 -0.088000006974
8.86079979 -0.084000006318
8.86400032 -0.088000006974
8.86720085 -0.084000006318
8.87039948 -0.084000006318
8.87360001 -0.076000005007
8.87680054 -0.072000004351
8.88000107 -0.072000004351
8.88319969 -0.072000004351
8.88640022 -0.072000004351
8.88960075 -0.060000002384
8.89280128 -0.072000004351
8.89599991 -0.068000003695
8.89920044 -0.060000002384
8.90240097 -0.060000002384
8.90559959 -0.06400000304
8.90880013 -0.072000004351
8.91200066 -0.076000005007
8.91520119 -0.068000003695
8.91839981 -0.060000002384
8.92160034 -0.092000007629
8.92480087 -0.068000003695
8.9279995 -0.076000005007
8.93120003 -0.06400000304
8.93440056 -0.072000004351
8.93760109 -0.076000005007
8.94079971 -0.06400000304
8.94400024 -0.06400000304
8.94720078 -0.1000000015
8.95040131 -0.1240000054
8.95359993 -0.15600000322
8.95680046 -0.17600001395
8.96000099 -0.19200000167
8.96319962 -0.20400001109
8.96640015 -0.22000001371
8.96960068 -0.22400000691
8.97280121 -0.23200000823
8.97599983 -0.23600001633
8.97920036 -0.23600001633
8.98240089 -0.22800001502
8.98559952 -0.22000001371
8.98880005 -0.20800000429
8.99200058 -0.22400000691
8.99520111 -0.16800001264
8.99839973 -0.17200000584
9.00160027 -0.1400000006
9.0048008 -0.1200000048
9.00800133 -0.1000000015
9.01119995 -0.096000000834
9.01440048 -0.04400000349
9.01760101 -0.02800000086
9.02079964 -0.0120000001
9.02400017 0.02800000086
9.0272007 0.03600000218
9.03040123 0.072000004351
9.03359985 0.1040000021
9.03680038 0.1400000006
9.04000092 0.16400000453
9.04319954 0.19600000978
9.04640007 0.22000001371
9.0496006 0.24800001085
9.05280113 0.23200000823
9.05599976 0.2880000174
9.05920029 0.30800002813
9.06240082 0.34400001168
9.06560135 0.37200000882
9.06879997 0.39600002766
9.0720005 0.420000016689
9.07520103 0.440000027418
9.07839966 0.444000035524
9.08160019 0.452000021935
9.08480072 0.476000010967
9.08800125 0.48400002718
9.09119987 0.488000035286
9.09440041 0.5
9.09760094 0.504000008106
9.10079956 0.504000008106
9.10400009 0.504000008106
9.10720062 0.504000008106
9.11040115 0.504000008106
9.11359978 0.496000021696
9.11680031 0.504000008106
9.12000084 0.5
9.12320137 0.49200001359
9.12639999 0.472000032663
9.12960052 0.452000021935
9.13280106 0.412000030279
9.13599968 0.38400000334
9.13920021 0.35200002789
9.14240074 0.32800000906
9.14560127 0.30400002003
9.1487999 0.27200001478
9.15200043 0.25600001216
9.15520096 0.23600001633
9.15839958 0.23600001633
9.16160011 0.2160000056
9.16480064 0.20400001109
9.16800117 0.19600000978
9.1711998 0.18400001526
9.17440033 0.15600000322
9.17760086 0.1360000074
9.18079948 0.1200000048
9.18400002 0.1080000028
9.18720055 0.096000000834
9.19040108 0.092000007629
9.1935997 0.088000006974
9.19680023 0.076000005007
9.20000076 0.06400000304
9.20320129 0.05200000107
9.20639992 0.04400000349
9.20960045 0.02400000021
9.21280098 0.0160000008
9.2159996 0.0120000001
9.21920013 -0.00800000038
9.22240067 -0.0120000001
9.2256012 -0.02400000021
9.22879982 -0.04800000042
9.23200035 -0.04400000349
9.23520088 -0.05200000107
9.23839951 -0.068000003695
9.24160004 -0.072000004351
9.24480057 -0.088000006974
9.2480011 -0.084000006318
9.25119972 -0.1080000028
9.25440025 -0.1160000041
9.25760078 -0.1160000041
9.26080132 -0.1200000048
9.26399994 -0.1240000054
9.26720047 -0.1400000006
9.270401 -0.1360000074
9.27359962 -0.1319999993
9.27680016 -0.1319999993
9.28000069 -0.15600000322
9.28320122 -0.16400000453
9.28639984 -0.15600000322
9.28960037 -0.18800000846
9.2928009 -0.20000000298
9.29599953 -0.20800000429
9.29920006 -0.23200000823
9.30240059 -0.25200000405
9.30560112 -0.26800000668
9.30879974 -0.28000000119
9.31200027 -0.32000002265
9.31520081 -0.31600001454
9.31840134 -0.32000002265
9.32159996 -0.34000000358
9.32480049 -0.36000001431
9.32800102 -0.36000001431
9.33119965 -0.37600001693
9.33440018 -0.39200001955
9.33760071 -0.39600002766
9.34080124 -0.412000030279
9.34399986 -0.428000032902
9.34720039 -0.432000011206
9.35040092 -0.436000019312
9.35359955 -0.440000027418
9.35680008 -0.444000035524
9.36000061 -0.440000027418
9.36320114 -0.440000027418
9.36639977 -0.440000027418
9.3696003 -0.428000032902
9.37280083 -0.408000022173
9.37600136 -0.412000030279
9.37919998 -0.40000000596
9.38240051 -0.38800001144
9.38560104 -0.37600001693
9.38879967 -0.35200002789
9.3920002 -0.33200001717
9.39520073 -0.31200000644
9.39840126 -0.2840000093
9.40159988 -0.25200000405
9.40480042 -0.20400001109
9.40800095 -0.16400000453
9.41119957 -0.1200000048
9.4144001 -0.072000004351
9.41760063 -0.02800000086
9.42080116 0
9.42399979 0.04000000283
9.42720032 0.072000004351
9.43040085 0.1120000035
9.43360138 0.1480000019
9.4368 0.17600001395
9.44000053 0.20400001109
9.44320107 0.23600001633
9.44639969 0.26399999857
9.44960022 0.28000000119
9.45280075 0.2880000174
9.45600128 0.30400002003
9.45919991 0.31200000644
9.46240044 0.30800002813
9.46560097 0.30800002813
9.46879959 0.30400002003
9.47200012 0.30000001192
9.47520065 0.29600000381
9.47840118 0.2880000174
9.48159981 0.2880000174
9.48480034 0.2840000093
9.48800087 0.28000000119
9.4912014 0.26800000668
9.49440002 0.25600001216
9.49760056 0.24800001085
9.50080109 0.23600001633
9.50399971 0.22800001502
9.50720024 0.22400000691
9.51040077 0.20000000298
9.5136013 0.20400001109
9.51679993 0.19600000978
9.52000046 0.18400001526
9.52320099 0.20400001109
9.52639961 0.20400001109
9.52960014 0.2160000056
9.53280067 0.22400000691
9.53600121 0.24400001764
9.53919983 0.24400001764
9.54240036 0.25600001216
9.54560089 0.27200001478
9.54879951 0.2840000093
9.55200005 0.29600000381
9.55520058 0.30400002003
9.55840111 0.30800002813
9.56159973 0.32000002265
9.56480026 0.30000001192
9.56800079 0.29600000381
9.57120132 0.29600000381
9.57439995 0.30800002813
9.57760048 0.30400002003
9.58080101 0.2880000174
9.58399963 0.29200002551
9.58720016 0.27600002289
9.5904007 0.24400001764
9.59360123 0.24400001764
9.59679985 0.22800001502
9.60000038 0.22400000691
9.60320091 0.20000000298
9.60639954 0.18400001526
9.60960007 0.16400000453
9.6128006 0.1440000087
9.61600113 0.1280000061
9.61919975 0.084000006318
9.62240028 0.084000006318
9.62560081 0.072000004351
9.62880135 0.04400000349
9.63199997 0.02800000086
9.6352005 0.00400000019
9.63840103 0.00400000019
9.64159966 -0.03200000152
9.64480019 -0.056000001729
9.64800072 -0.076000005007
9.65120125 -0.1040000021
9.65439987 -0.1200000048
9.6576004 -0.1440000087
9.66080093 -0.17200000584
9.66399956 -0.19600000978
9.66720009 -0.2160000056
9.67040062 -0.2160000056
9.67360115 -0.24000000954
9.67679977 -0.25600001216
9.68000031 -0.27200001478
9.68320084 -0.27600002289
9.68640137 -0.2880000174
9.68959999 -0.30400002003
9.69280052 -0.30000001192
9.69600105 -0.30800002813
9.69919968 -0.29200002551
9.70240021 -0.31600001454
9.70560074 -0.32000002265
9.70880127 -0.32400000095
9.71199989 -0.31200000644
9.71520042 -0.31600001454
9.71840096 -0.32000002265
9.72159958 -0.30400002003
9.72480011 -0.30000001192
9.72800064 -0.29200002551
9.73120117 -0.28000000119
9.7343998 -0.27600002289
9.73760033 -0.24800001085
9.74080086 -0.24400001764
9.74400139 -0.23200000823
9.74720001 -0.22400000691
9.75040054 -0.19600000978
9.75360107 -0.18400001526
9.7567997 -0.16800001264
9.76000023 -0.1480000019
9.76320076 -0.1319999993
9.76640129 -0.1120000035
9.76959991 -0.1000000015
9.77280045 -0.080000005662
9.77600098 -0.05200000107
9.7791996 -0.03600000218
9.78240013 -0.0120000001
9.78560066 0.0120000001
9.78880119 0.03600000218
9.79199982 0.05200000107
9.79520035 0.068000003695
9.79840088 0.088000006974
9.80160141 0.1120000035
9.80480003 0.1240000054
9.80800056 0.1360000074
9.8112011 0.1480000019
9.81439972 0.16400000453
9.81760025 0.17600001395
9.82080078 0.18800000846
9.82400131 0.20000000298
9.82719994 0.2120000124
9.83040047 0.20800000429
9.833601 0.22000001371
9.83679962 0.22400000691
9.84000015 0.23600001633
9.84320068 0.24400001764
9.84640121 0.24000000954
9.84959984 0.25200000405
9.85280037 0.24400001764
9.8560009 0.23600001633
9.85919952 0.22400000691
9.86240005 0.23600001633
9.86560059 0.23600001633
9.86880112 0.22000001371
9.87199974 0.2120000124
9.87520027 0.20800000429
9.8784008 0.19200000167
9.88160133 0.17600001395
9.88479996 0.16000001132
9.88800049 0.1400000006
9.89120102 0.1360000074
9.89439964 0.1040000021
9.89760017 0.084000006318
9.9008007 0.076000005007
9.90400124 0.056000001729
9.90719986 0.04000000283
9.91040039 0.0160000008
9.91360092 -0.00400000019
9.91679955 -0.02400000021
9.92000008 -0.04400000349
9.92320061 -0.068000003695
9.92640114 -0.072000004351
9.92959976 -0.092000007629
9.93280029 -0.1160000041
9.93600082 -0.1240000054
9.93920135 -0.1319999993
9.94239998 -0.1480000019
9.94560051 -0.1480000019
9.94880104 -0.15600000322
9.95199966 -0.16000001132
9.9552002 -0.1480000019
9.95840073 -0.15600000322
9.96160126 -0.16400000453
9.96479988 -0.16800001264
9.96800041 -0.16800001264
9.97120094 -0.17600001395
9.97439957 -0.16800001264
9.9776001 -0.16800001264
9.98080063 -0.16400000453
9.98400116 -0.16000001132
9.98719978 -0.15200001001
9.99040031 -0.1319999993
9.99360085 -0.1120000035
9.99680138 -0.1080000028
10 -0.092000007629
10.00320053 -0.080000005662
10.00640106 -0.060000002384
10.00959969 -0.060000002384
10.01280022 -0.03200000152
10.01600075 -0.03200000152
10.01920128 -0.03600000218
10.0223999 -0.0160000008
10.02560043 -0.0120000001
10.02880096 0
10.03199959 0
10.03520012 0.0120000001
10.03840065 0.02800000086
10.04160118 0.02800000086
10.0447998 0.03200000152
10.04800034 0.04400000349
10.05120087 0.04800000042
10.0544014 0.05200000107
10.05760002 0.06400000304
10.06080055 0.072000004351
10.06400108 0.080000005662
10.06719971 0.076000005007
10.07040024 0.076000005007
10.07360077 0.072000004351
10.0768013 0.072000004351
10.07999992 0.076000005007
10.08320045 0.072000004351
10.08640099 0.084000006318
10.08959961 0.088000006974
10.09280014 0.076000005007
10.09600067 0.072000004351
10.0992012 0.072000004351
10.10239983 0.06400000304
10.10560036 0.056000001729
10.10880089 0.076000005007
10.11200142 0.056000001729
10.11520004 0.06400000304
10.11840057 0.056000001729
10.1216011 0.056000001729
10.12479973 0.04800000042
10.12800026 0.04400000349
10.13120079 0.05200000107
10.13440132 0.05200000107
10.13759995 0.04800000042
10.14080048 0.04800000042
10.14400101 0.05200000107
10.14719963 0.05200000107
10.15040016 0.05200000107
10.15360069 0.056000001729
10.15680122 0.05200000107
10.15999985 0.04400000349
10.16320038 0.04800000042
10.16640091 0.04800000042
10.16959953 0.05200000107
10.17280006 0.03600000218
10.1760006 0.04800000042
10.17920113 0.05200000107
10.18239975 0.03600000218
10.18560028 0.04000000283
10.18880081 0.03200000152
10.19200134 0.02800000086
10.19519997 0.04400000349
10.1984005 0.03200000152
10.20160103 0.02800000086
10.20479965 0.03600000218
10.20800018 0.03200000152
10.21120071 0.03200000152
10.21440125 0.04000000283
10.21759987 0.04800000042
10.2208004 0.04400000349
10.22400093 0.04400000349
10.22719955 0.060000002384
10.23040009 0.05200000107
10.23360062 0.04400000349
10.23680115 0.05200000107
10.23999977 0.05200000107
10.2432003 0.04800000042
10.24640083 0.05200000107
10.24960136 0.05200000107
10.25279999 0.05200000107
10.25600052 0.03600000218
10.25920105 0.04400000349
10.26239967 0.04400000349
10.2656002 0.03600000218
10.26880074 0.04000000283
10.27200127 0.03600000218
10.27519989 0.03200000152
10.27840042 0.02800000086
10.28160095 0.03200000152
10.28479958 0.02400000021
10.28800011 0.02800000086
10.29120064 0.0160000008
10.29440117 0.03200000152
10.29759979 0.0160000008
10.30080032 0.0160000008
10.30400085 0.00800000038
10.30720139 0.00800000038
10.31040001 0
10.31360054 0
10.31680107 0.00400000019
10.31999969 0
10.32320023 0
10.32640076 0
10.32960129 -0.00400000019
10.33279991 -0.0160000008
10.33600044 -0.0200000014
10.33920097 -0.02400000021
10.3423996 -0.0200000014
10.34560013 -0.0160000008
10.34880066 -0.02800000086
10.35200119 -0.0120000001
10.35519981 -0.02400000021
10.35840034 -0.02800000086
10.36160088 -0.0200000014
10.36480141 -0.02800000086
10.36800003 0.00400000019
10.37120056 -0.0200000014
10.37440109 -0.0120000001
10.37759972 -0.0120000001
10.38080025 -0.0120000001
10.38400078 -0.00800000038
10.38720131 -0.00800000038
10.39039993 0
10.39360046 0
10.39680099 0
10.39999962 0
10.40320015 0
10.40640068 -0.00400000019
10.40960121 -0.00400000019
10.41279984 -0.0120000001
10.41600037 -0.02800000086
10.4192009 -0.02800000086
10.42240143 -0.02400000021
10.42560005 -0.03600000218
10.42880058 -0.04400000349
10.43200111 -0.056000001729
10.43519974 -0.060000002384
10.43840027 -0.06400000304
10.4416008 -0.072000004351
10.44480133 -0.072000004351
10.44799995 -0.080000005662
10.45120049 -0.092000007629
10.45440102 -0.088000006974
10.45759964 -0.084000006318
10.46080017 -0.084000006318
10.4640007 -0.084000006318
10.46720123 -0.080000005662
10.47039986 -0.076000005007
10.47360039 -0.084000006318
10.47680092 -0.080000005662
10.48000145 -0.092000007629
10.48320007 -0.084000006318
10.4864006 -0.088000006974
10.48960114 -0.080000005662
10.49279976 -0.096000000834
10.49600029 -0.1000000015
10.49920082 -0.1000000015
10.50240135 -0.1120000035
10.50559998 -0.1000000015
10.50880051 -0.1000000015
10.51200104 -0.1040000021
10.51519966 -0.1080000028
10.51840019 -0.1120000035
10.52160072 -0.1080000028
10.52480125 -0.096000000834
10.52799988 -0.092000007629
10.53120041 -0.1000000015
10.53440094 -0.092000007629
10.53759956 -0.088000006974
10.54080009 -0.076000005007
10.54400063 -0.068000003695
10.54720116 -0.04800000042
10.55039978 -0.060000002384
10.55360031 -0.056000001729
10.55680084 -0.05200000107
10.56000137 -0.02800000086
10.5632 -0.03600000218
10.56640053 -0.03600000218
10.56960106 -0.02800000086
10.57279968 -0.0160000008
10.57600021 -0.0160000008
10.57920074 -0.0160000008
10.58240128 -0.0120000001
10.5855999 -0.0120000001
10.58880043 -0.00800000038
10.59200096 0.00400000019
10.59519958 -0.0120000001
10.59840012 -0.0120000001
10.60160065 -0.00400000019
10.60480118 -0.0200000014
10.6079998 -0.0200000014
10.61120033 -0.02400000021
10.61440086 -0.02800000086
10.61760139 -0.02800000086
10.62080002 -0.04400000349
10.62400055 -0.04400000349
10.62720108 -0.05200000107
10.6303997 -0.05200000107
10.63360023 -0.056000001729
10.63680077 -0.060000002384
10.6400013 -0.060000002384
10.64319992 -0.068000003695
10.64640045 -0.068000003695
10.64960098 -0.076000005007
10.65279961 -0.072000004351
10.65600014 -0.076000005007
10.65920067 -0.084000006318
10.6624012 -0.068000003695
10.66559982 -0.068000003695
10.66880035 -0.04800000042
10.67200089 -0.06400000304
10.67520142 -0.05200000107
10.67840004 -0.04800000042
10.68160057 -0.04800000042
10.6848011 -0.04400000349
10.68799973 -0.04000000283
10.69120026 -0.03600000218
10.69440079 -0.0200000014
10.69760132 -0.03200000152
10.70079994 -0.02400000021
10.70400047 -0.02400000021
10.707201 -0.04000000283
10.71039963 -0.0200000014
10.71360016 0
10.71680069 -0.00800000038
10.72000122 -0.0120000001
10.72319984 -0.00800000038
10.72640038 0.00400000019
10.72960091 0.00800000038
10.73280144 0.00400000019
10.73600006 0.02400000021
10.73920059 0.02800000086
10.74240112 0.04800000042
10.74559975 0.03600000218
10.74880028 0.03600000218
10.75200081 0.04800000042
10.75520134 0.05200000107
10.75839996 0.06400000304
10.76160049 0.076000005007
10.76480103 0.080000005662
10.76799965 0.084000006318
10.77120018 0.092000007629
10.77440071 0.1040000021
10.77760124 0.1040000021
10.78079987 0.1080000028
10.7840004 0.1120000035
10.78720093 0.1120000035
10.79040146 0.1120000035
10.79360008 0.1040000021
10.79680061 0.1080000028
10.80000114 0.1040000021
10.80319977 0.1040000021
10.8064003 0.1000000015
10.80960083 0.1080000028
10.81280136 0.084000006318
10.81599998 0.088000006974
10.81920052 0.068000003695
10.82240105 0.060000002384
10.82559967 0.06400000304
10.8288002 0.05200000107
10.83200073 0.056000001729
10.83520126 0.05200000107
10.83839989 0.04800000042
10.84160042 0.04000000283
10.84480095 0.03600000218
10.84799957 0.03600000218
10.8512001 0.0160000008
10.85440063 0.0200000014
10.85760117 0.0200000014
10.86079979 0.0200000014
10.86400032 0.02400000021
10.86720085 0.0120000001
10.87040138 0.0160000008
10.87360001 0.02400000021
10.87680054 0.02400000021
10.88000107 0.0120000001
10.88319969 0.0160000008
10.88640022 0.0160000008
10.88960075 0.00800000038
10.89280128 0.0120000001
10.89599991 0.00400000019
10.89920044 -0.00400000019
10.90240097 0.00400000019
10.90559959 0.00800000038
10.90880013 0.0120000001
10.91200066 0.00400000019
10.91520119 0
10.91839981 0
10.92160034 -0.00800000038
10.92480087 -0.0160000008
10.9280014 -0.0120000001
10.93120003 -0.0160000008
10.93440056 -0.0160000008
10.93760109 -0.0120000001
10.94079971 -0.0120000001
10.94400024 -0.0160000008
10.94720078 -0.00800000038
10.95040131 -0.02800000086
10.95359993 -0.0120000001
10.95680046 -0.0200000014
10.96000099 -0.02800000086
10.96319962 -0.02800000086
10.96640015 -0.03200000152
10.96960068 -0.03200000152
10.97280121 -0.03200000152
10.97599983 -0.03200000152
10.97920036 -0.03600000218
10.98240089 -0.03200000152
10.98560143 -0.04400000349
10.98880005 -0.03600000218
10.99200058 -0.03600000218
10.99520111 -0.03200000152
10.99839973 -0.03600000218
11.00160027 -0.04000000283
11.0048008 -0.04000000283
11.00800133 -0.03600000218
11.01119995 -0.03200000152
11.01440048 -0.03200000152
11.01760101 -0.02800000086
11.02079964 -0.0200000014
11.02400017 -0.0200000014
11.0272007 -0.00800000038
11.03040123 -0.0160000008
11.03359985 -0.00400000019
11.03680038 -0.00400000019
11.04000092 0.00400000019
11.04320145 0.0120000001
11.04640007 0.0120000001
11.0496006 0.0160000008
11.05280113 0.0200000014
11.05599976 0.02400000021
11.05920029 0.02800000086
11.06240082 0.04000000283
11.06560135 0.04400000349
11.06879997 0.04400000349
11.0720005 0.072000004351
11.07520103 0.04400000349
11.07839966 0.056000001729
11.08160019 0.056000001729
11.08480072 0.06400000304
11.08800125 0.06400000304
11.09119987 0.072000004351
11.09440041 0.06400000304
11.09760094 0.080000005662
11.10080147 0.080000005662
11.10400009 0.084000006318
11.10720062 0.076000005007
11.11040115 0.076000005007
11.11359978 0.068000003695
11.11680031 0.068000003695
11.12000084 0.06400000304
11.12320137 0.056000001729
11.12639999 0.04000000283
11.12960052 0.03600000218
11.13280106 0.02800000086
11.13599968 0.0160000008
11.13920021 0.00400000019
11.14240074 -0.0120000001
11.14560127 -0.02400000021
11.1487999 -0.03200000152
11.15200043 -0.03200000152
11.15520096 -0.03200000152
11.15839958 -0.05200000107
11.16160011 -0.056000001729
11.16480064 -0.056000001729
11.16800117 -0.06400000304
11.1711998 -0.076000005007
11.17440033 -0.06400000304
11.17760086 -0.068000003695
11.18080139 -0.06400000304
11.18400002 -0.068000003695
11.18720055 -0.056000001729
11.19040108 -0.06400000304
11.1935997 -0.04800000042
11.19680023 -0.03600000218
11.20000076 -0.03200000152
11.20320129 -0.0200000014
11.20639992 -0.0120000001
11.20960045 0.00400000019
11.21280098 0
11.2159996 0.03200000152
11.21920013 0.02400000021
11.22240067 0.04400000349
11.2256012 0.04800000042
11.22879982 0.06400000304
11.23200035 0.072000004351
11.23520088 0.080000005662
11.23840141 0.092000007629
11.24160004 0.1040000021
11.24480057 0.1080000028
11.2480011 0.1240000054
11.25119972 0.1280000061
11.25440025 0.1360000074
11.25760078 0.1400000006
11.26080132 0.15200001001
11.26399994 0.1480000019
11.26720047 0.16800001264
11.270401 0.16400000453
11.27359962 0.17600001395
11.27680016 0.18400001526
11.28000069 0.18800000846
11.28320122 0.19600000978
11.28639984 0.18000000715
11.28960037 0.18400001526
11.2928009 0.17600001395
11.29600143 0.16400000453
11.29920006 0.1480000019
11.30240059 0.1240000054
11.30560112 0.1160000041
11.30879974 0.096000000834
11.31200027 0.080000005662
11.31520081 0.060000002384
11.31840134 0.04000000283
11.32159996 0.0200000014
11.32480049 0.0120000001
11.32800102 -0.00800000038
11.33119965 -0.03200000152
11.33440018 -0.04400000349
11.33760071 -0.056000001729
11.34080124 -0.056000001729
11.34399986 -0.072000004351
11.34720039 -0.068000003695
11.35040092 -0.068000003695
11.35360146 -0.076000005007
11.35680008 -0.084000006318
11.36000061 -0.076000005007
11.36320114 -0.084000006318
11.36639977 -0.076000005007
11.3696003 -0.072000004351
11.37280083 -0.072000004351
11.37600136 -0.088000006974
11.37919998 -0.080000005662
11.38240051 -0.092000007629
11.38560104 -0.096000000834
11.38879967 -0.1040000021
11.3920002 -0.1000000015
11.39520073 -0.096000000834
11.39840126 -0.1000000015
11.40159988 -0.1080000028
11.40480042 -0.1080000028
11.40800095 -0.092000007629
11.41120148 -0.1080000028
11.4144001 -0.088000006974
11.41760063 -0.084000006318
11.42080116 -0.080000005662
11.42399979 -0.076000005007
11.42720032 -0.068000003695
11.43040085 -0.04400000349
11.43360138 -0.04000000283
11.4368 -0.03600000218
11.44000053 -0.03600000218
11.44320107 -0.02400000021
11.44639969 -0.0120000001
11.44960022 -0.00800000038
11.45280075 0.00400000019
11.45600128 0.00400000019
11.45919991 0.04000000283
11.46240044 0.04000000283
11.46560097 0.04400000349
11.46879959 0.03600000218
11.47200012 0.05200000107
11.47520065 0.060000002384
11.47840118 0.056000001729
11.48159981 0.04400000349
11.48480034 0.03200000152
11.48800087 0.0200000014
11.4912014 0.0120000001
11.49440002 -0.02400000021
11.49760056 -0.00800000038
11.50080109 -0.0120000001
11.50399971 -0.0160000008
11.50720024 -0.02800000086
11.51040077 -0.03200000152
11.5136013 -0.03200000152
11.51679993 -0.04400000349
11.52000046 -0.04000000283
11.52320099 -0.05200000107
11.52639961 -0.056000001729
11.52960014 -0.06400000304
11.53280067 -0.05200000107
11.53600121 -0.068000003695
11.53919983 -0.056000001729
11.54240036 -0.056000001729
11.54560089 -0.05200000107
11.54880142 -0.060000002384
11.55200005 -0.056000001729
11.55520058 -0.056000001729
11.55840111 -0.04000000283
11.56159973 -0.04800000042
11.56480026 -0.04000000283
11.56800079 -0.03200000152
11.57120132 -0.0200000014
11.57439995 -0.06400000304
11.57760048 0
11.58080101 0
11.58399963 0.00400000019
11.58720016 0.00800000038
11.5904007 0.00800000038
11.59360123 0.02400000021
11.59679985 0.0160000008
11.60000038 0.02400000021
11.60320091 0.0160000008
11.60640144 0.0160000008
11.60960007 0.0160000008
11.6128006 0.00800000038
11.61600113 0.0120000001
11.61919975 0.0160000008
11.62240028 0.0160000008
11.62560081 0.00800000038
11.62880135 0.0160000008
11.63199997 0.00800000038
11.6352005 0.0200000014
11.63840103 0.0200000014
11.64159966 0.0120000001
11.64480019 0.00800000038
11.64800072 0
11.65120125 0.00400000019
11.65439987 0.0120000001
11.6576004 0.0120000001
11.66080093 0.0200000014
11.66400146 0.00800000038
11.66720009 0
11.67040062 0.0120000001
11.67360115 0.00800000038
11.67679977 -0.00400000019
11.68000031 -0.0120000001
11.68320084 0.00400000019
11.68640137 -0.0200000014
11.68959999 -0.0160000008
11.69280052 -0.02400000021
11.69600105 -0.02800000086
11.69919968 -0.02800000086
11.70240021 -0.02400000021
11.70560074 -0.0120000001
11.70880127 -0.03600000218
11.71199989 -0.04000000283
11.71520042 -0.03600000218
11.71840096 -0.04400000349
11.72160149 -0.04400000349
11.72480011 -0.04800000042
11.72800064 -0.060000002384
11.73120117 -0.06400000304
11.7343998 -0.060000002384
11.73760033 -0.060000002384
11.74080086 -0.056000001729
11.74400139 -0.05200000107
11.74720001 -0.06400000304
11.75040054 -0.060000002384
11.75360107 -0.05200000107
11.7567997 -0.05200000107
11.76000023 -0.05200000107
11.76320076 -0.05200000107
11.76640129 -0.04400000349
11.76959991 -0.056000001729
11.77280045 -0.03600000218
11.77600098 -0.04800000042
11.77920151 -0.03600000218
11.78240013 -0.03600000218
11.78560066 -0.02800000086
11.78880119 -0.04000000283
11.79199982 -0.03200000152
11.79520035 -0.02800000086
11.79840088 -0.03200000152
11.80160141 -0.02400000021
11.80480003 -0.02400000021
11.80800056 -0.02400000021
11.8112011 -0.0120000001
11.81439972 -0.02400000021
11.81760025 -0.0160000008
11.82080078 -0.0200000014
11.82400131 -0.0160000008
11.82719994 -0.0160000008
11.83040047 -0.0200000014
11.833601 -0.0200000014
11.83679962 -0.00800000038
11.84000015 0.00800000038
11.84320068 -0.00800000038
11.84640121 -0.00800000038
11.84959984 0.00800000038
11.85280037 0
11.8560009 0.0120000001
11.85920143 0.00400000019
11.86240005 0.0120000001
11.86560059 0.0200000014
11.86880112 0.00800000038
11.87199974 0.00400000019
11.87520027 -0.0120000001
11.8784008 0.02400000021
11.88160133 0.0120000001
11.88479996 0.0160000008
11.88800049 0.0160000008
11.89120102 0.00800000038
11.89439964 -0.00800000038
11.89760017 0.00400000019
11.9008007 0.00400000019
11.90400124 0.00800000038
11.90719986 0.0120000001
11.91040039 -0.00400000019
11.91360092 0.00400000019
11.9168015 0
11.9200001 0
11.9232006 -0.00400000019
11.9264011 -0.0120000001
11.9295998 -0.00800000038
11.9328003 -0.03600000218
11.9360008 -0.03200000152
11.9392014 -0.02400000021
11.9424 -0.03200000152
11.9456005 -0.04400000349
11.948801 -0.03200000152
11.9519997 -0.03200000152
11.9552002 -0.04800000042
11.9584007 -0.05200000107
11.9616013 -0.056000001729
11.9647999 -0.060000002384
11.9680004 -0.060000002384
11.9712009 -0.068000003695
11.9744015 -0.056000001729
11.9776001 -0.068000003695
11.9808006 -0.080000005662
11.9840012 -0.072000004351
11.9871998 -0.080000005662
11.9904003 -0.068000003695
11.9936008 -0.076000005007
11.9968014 -0.072000004351
12 -0.076000005007
12.0032005 -0.04800000042
12.0064011 -0.076000005007
12.0095997 -0.068000003695
12.0128002 -0.056000001729
12.0160007 -0.060000002384
12.0192013 -0.072000004351
12.0223999 -0.06400000304
12.0256004 -0.060000002384
12.028801 -0.060000002384
12.0320015 -0.056000001729
12.0352001 -0.04800000042
12.0384007 -0.05200000107
12.0416012 -0.04400000349
12.0447998 -0.04000000283
12.0480003 -0.03600000218
12.0512009 -0.02400000021
12.0544014 -0.02400000021
12.0576 -0.0120000001
12.0608006 -0.0160000008
12.0640011 -0.00800000038
12.0671997 0
12.0704002 0.0200000014
12.0736008 0.0200000014
12.0768013 0.02400000021
12.0799999 0.04400000349
12.0832005 0.04400000349
12.086401 0.056000001729
12.0896015 0.072000004351
12.0928001 0.080000005662
12.0960007 0.088000006974
12.0992012 0.092000007629
12.1023998 0.1000000015
12.1056004 0.1040000021
12.1088009 0.1120000035
12.1120014 0.1120000035
12.1152 0.1319999993
12.1184006 0.1360000074
12.1216011 0.1319999993
12.1247997 0.1400000006
12.1280003 0.1400000006
12.1312008 0.1400000006
12.1344013 0.1440000087
12.1375999 0.1360000074
12.1408005 0.1480000019
12.144001 0.1440000087
12.1471996 0.1400000006
12.1504002 0.1440000087
12.1536007 0.1360000074
12.1568012 0.1400000006
12.1599998 0.1240000054
12.1632004 0.1160000041
12.1664009 0.1280000061
12.1696014 0.1120000035
12.1728001 0.1000000015
12.1760006 0.1120000035
12.1792011 0.1080000028
12.1823997 0.096000000834
12.1856003 0.096000000834
12.1888008 0.096000000834
12.1920013 0.092000007629
12.1952 0.084000006318
12.1984005 0.084000006318
12.201601 0.068000003695
12.2047997 0.072000004351
12.2080002 0.06400000304
12.2112007 0.068000003695
12.2144012 0.05200000107
12.2175999 0.05200000107
12.2208004 0.04800000042
12.2240009 0.04000000283
12.2272015 0.04400000349
12.2304001 0.04400000349
12.2336006 0.03200000152
12.2368011 0.03600000218
12.2399998 0.03200000152
12.2432003 0.04800000042
12.2464008 0.03600000218
12.2496014 0.03200000152
12.2528 0.02400000021
12.2560005 0.05200000107
12.259201 0.04000000283
12.2623997 0.03600000218
12.2656002 0.03600000218
12.2688007 0.04000000283
12.2720013 0.04000000283
12.2751999 0.04400000349
12.2784004 0.04800000042
12.281601 0.04400000349
12.2848015 0.04000000283
12.2880001 0.04800000042
12.2912006 0.03600000218
12.2944012 0.03600000218
12.2975998 0.03600000218
12.3008003 0.0200000014
12.3040009 0.02400000021
12.3072014 0.02800000086
12.3104 0.00800000038
12.3136005 0.00400000019
12.3168011 0.0120000001
12.3199997 0.0120000001
12.3232002 0.00400000019
12.3264008 -0.00400000019
12.3296013 -0.0160000008
12.3327999 -0.02800000086
12.3360004 -0.0160000008
12.339201 -0.0160000008
12.3424015 -0.0200000014
12.3456001 -0.0200000014
12.3488007 -0.02800000086
12.3520012 -0.02800000086
12.3551998 -0.02800000086
12.3584003 -0.03200000152
12.3616009 -0.03600000218
12.3648014 -0.03600000218
12.368 -0.04400000349
12.3712006 -0.03600000218
12.3744011 -0.04400000349
12.3775997 -0.05200000107
12.3808002 -0.04000000283
12.3840008 -0.04400000349
12.3872013 -0.04400000349
12.3903999 -0.056000001729
12.3936005 -0.04800000042
12.396801 -0.04000000283
12.4000015 -0.04800000042
12.4032001 -0.06400000304
12.4064007 -0.04400000349
12.4096012 -0.05200000107
12.4127998 -0.04400000349
12.4160004 -0.04400000349
12.4192009 -0.04400000349
12.4224014 -0.03600000218
12.4256001 -0.04000000283
12.4288006 -0.03600000218
12.4320011 -0.03600000218
12.4351997 -0.02800000086
12.4384003 -0.03200000152
12.4416008 -0.02800000086
12.4448013 -0.03200000152
12.448 -0.02800000086
12.4512005 -0.02400000021
12.454401 -0.0200000014
12.4575996 -0.02800000086
12.4608002 -0.02800000086
12.4640007 -0.02400000021
12.4672012 -0.02400000021
12.4703999 -0.02400000021
12.4736004 -0.0200000014
12.4768009 -0.0200000014
12.4800014 -0.0160000008
12.4832001 -0.0160000008
12.4864006 -0.02400000021
12.4896011 -0.0160000008
12.4927998 -0.0200000014
12.4960003 -0.0120000001
12.4992008 -0.00800000038
12.5024014 -0.0120000001
12.5056 -0.00800000038
12.5088005 -0.0160000008
12.512001 -0.00800000038
12.5151997 -0.00400000019
12.5184002 -0.00800000038
12.5216007 -0.0200000014
12.5248013 -0.00800000038
12.5279999 -0.0120000001
12.5312004 -0.00800000038
12.5344009 -0.00400000019
12.5376015 0
12.5408001 -0.00400000019
12.5440006 -0.00400000019
12.5472012 -0.03200000152
12.5503998 -0.00800000038
12.5536003 -0.02400000021
12.5568008 -0.00800000038
12.5600014 -0.00800000038
12.5632 -0.0160000008
12.5664005 -0.0200000014
12.5696011 -0.03200000152
12.5727997 -0.03200000152
12.5760002 -0.0160000008
12.5792007 -0.03200000152
12.5824013 -0.02400000021
12.5855999 -0.03200000152
12.5888004 -0.02800000086
12.592001 -0.0200000014
12.5952015 -0.02800000086
12.5984001 -0.02800000086
12.6016006 -0.03200000152
12.6048012 -0.02400000021
12.6079998 -0.03200000152
12.6112003 -0.02800000086
12.6144009 -0.02400000021
12.6176014 -0.02800000086
12.6208 -0.03200000152
12.6240005 -0.02800000086
12.6272011 -0.02800000086
12.6303997 -0.02800000086
12.6336002 -0.03200000152
12.6368008 -0.03600000218
12.6400013 -0.03600000218
12.6431999 -0.04000000283
12.6464005 -0.03600000218
12.649601 -0.04800000042
12.6528015 -0.04000000283
12.6560001 -0.04800000042
12.6592007 -0.05200000107
12.6624012 -0.05200000107
12.6655998 -0.04800000042
12.6688004 -0.05200000107
12.6720009 -0.05200000107
12.6752014 -0.056000001729
12.6784 -0.04800000042
12.6816006 -0.056000001729
12.6848011 -0.056000001729
12.6879997 -0.05200000107
12.6912003 -0.056000001729
12.6944008 -0.056000001729
12.6976013 -0.076000005007
12.7007999 -0.060000002384
12.7040005 -0.04800000042
12.707201 -0.05200000107
12.7104015 -0.03600000218
12.7136002 -0.060000002384
12.7168007 -0.05200000107
12.7200012 -0.05200000107
12.7231998 -0.04800000042
12.7264004 -0.04800000042
12.7296009 -0.04400000349
12.7328014 -0.056000001729
12.7360001 -0.056000001729
12.7392006 -0.04400000349
12.7424011 -0.04800000042
12.7455997 -0.04800000042
12.7488003 -0.04400000349
12.7520008 -0.04000000283
12.7552013 -0.03200000152
12.7584 -0.03200000152
12.7616005 -0.02800000086
12.764801 -0.02800000086
12.7680016 -0.03200000152
12.7712002 -0.02400000021
12.7744007 -0.02800000086
12.7776012 -0.02800000086
12.7807999 -0.02800000086
12.7840004 -0.0160000008
12.7872009 -0.00400000019
12.7904015 -0.0160000008
12.7936001 -0.0200000014
12.7968006 -0.0120000001
12.8000011 -0.0160000008
12.8031998 -0.0160000008
12.8064003 -0.0160000008
12.8096008 -0.00800000038
12.8128014 0
12.816 -0.00800000038
12.8192005 -0.00800000038
12.822401 0.00400000019
12.8255997 0.00400000019
12.8288002 0.00800000038
12.8320007 0.00800000038
12.8352013 0.00400000019
12.8383999 0.02400000021
12.8416004 0.02800000086
12.8448009 0.02800000086
12.8480015 0.02800000086
12.8512001 0.02800000086
12.8544006 0.03200000152
12.8576012 0.03600000218
12.8607998 0.04000000283
12.8640003 0.03600000218
12.8672009 0.03600000218
12.8704014 0.04000000283
12.8736 0.04800000042
12.8768005 0.04800000042
12.8800011 0.05200000107
12.8831997 0.05200000107
12.8864002 0.056000001729
12.8896008 0.05200000107
12.8928013 0.06400000304
12.8959999 0.056000001729
12.8992004 0.060000002384
12.902401 0.080000005662
12.9056015 0.080000005662
12.9088001 0.080000005662
12.9120007 0.084000006318
12.9152012 0.084000006318
12.9183998 0.084000006318
12.9216003 0.084000006318
12.9248009 0.092000007629
12.9280014 0.1000000015
12.9312 0.1000000015
12.9344006 0.1000000015
12.9376011 0.1000000015
12.9407997 0.1200000048
12.9440002 0.1040000021
12.9472008 0.1240000054
12.9504013 0.1200000048
12.9535999 0.1360000074
12.9568005 0.1400000006
12.960001 0.1440000087
12.9632015 0.1480000019
12.9664001 0.15200001001
12.9696007 0.16400000453
12.9728012 0.16000001132
12.9759998 0.16800001264
12.9792004 0.18000000715
12.9824009 0.17200000584
12.9856014 0.17600001395
12.9888 0.17200000584
12.9920006 0.17600001395
12.9952011 0.17600001395
12.9983997 0.17600001395
13.0016003 0.18400001526
13.0048008 0.18000000715
13.0080013 0.16400000453
13.0112 0.16800001264
13.0144005 0.16000001132
13.017601 0.15600000322
13.0208015 0.16000001132
13.0240002 0.1360000074
13.0272007 0.1319999993
13.0304012 0.1120000035
13.0335999 0.1080000028
13.0368004 0.096000000834
13.0400009 0.088000006974
13.0432014 0.084000006318
13.0464001 0.068000003695
13.0496006 0.04400000349
13.0528011 0.04000000283
13.0559998 0.04000000283
13.0592003 0.0160000008
13.0624008 0.0120000001
13.0656013 0
13.0688 -0.0160000008
13.0720005 -0.0200000014
13.075201 -0.03600000218
13.0784016 -0.04800000042
13.0816002 -0.04800000042
13.0848007 -0.080000005662
13.0880013 -0.072000004351
13.0911999 -0.084000006318
13.0944004 -0.088000006974
13.0976009 -0.092000007629
13.1008015 -0.092000007629
13.1040001 -0.1000000015
13.1072006 -0.1160000041
13.1104012 -0.1120000035
13.1135998 -0.1120000035
13.1168003 -0.1200000048
13.1200008 -0.1280000061
13.1232014 -0.1200000048
13.1264 -0.1240000054
13.1296005 -0.1280000061
13.1328011 -0.1240000054
13.1359997 -0.1200000048
13.1392002 -0.1240000054
13.1424007 -0.1240000054
13.1456013 -0.1160000041
13.1487999 -0.1000000015
13.1520004 -0.1120000035
13.155201 -0.1000000015
13.1584015 -0.096000000834
13.1616001 -0.1040000021
13.1648006 -0.088000006974
13.1680012 -0.092000007629
13.1711998 -0.084000006318
13.1744003 -0.080000005662
13.1776009 -0.06400000304
13.1808014 -0.06400000304
13.184 -0.060000002384
13.1872005 -0.06400000304
13.1904011 -0.056000001729
13.1935997 -0.06400000304
13.1968002 -0.056000001729
13.2000008 -0.056000001729
13.2032013 -0.060000002384
13.2063999 -0.056000001729
13.2096004 -0.04800000042
13.212801 -0.05200000107
13.2160015 -0.05200000107
13.2192001 -0.060000002384
13.2224007 -0.060000002384
13.2256012 -0.060000002384
13.2287998 -0.056000001729
13.2320004 -0.06400000304
13.2352009 -0.068000003695
13.2384014 -0.056000001729
13.2416 -0.06400000304
13.2448006 -0.060000002384
13.2480011 -0.060000002384
13.2511997 -0.06400000304
13.2544003 -0.060000002384
13.2576008 -0.04800000042
13.2608013 -0.060000002384
13.2639999 -0.04400000349
13.2672005 -0.04000000283
13.270401 -0.03200000152
13.2736015 -0.02800000086
13.2768002 -0.0160000008
13.2800007 -0.02400000021
13.2832012 -0.0120000001
13.2863998 0
13.2896004 0.00400000019
13.2928009 0.0120000001
13.2960014 0.0120000001
13.2992001 0.00800000038
13.3024006 0.02800000086
13.3056011 0.02400000021
13.3087997 0.02800000086
13.3120003 0.0200000014
13.3152008 0.02400000021
13.3184013 0.02800000086
13.3216 0.03200000152
13.3248005 0.03200000152
13.328001 0.02400000021
13.3312016 0.03200000152
13.3344002 0.02800000086
13.3376007 0.0120000001
13.3408012 0.02800000086
13.3439999 0.03600000218
13.3472004 0.02800000086
13.3504009 0.0160000008
13.3536015 0.00800000038
13.3568001 0.0160000008
13.3600006 0.0160000008
13.3632011 0.0200000014
13.3663998 0.00800000038
13.3696003 0.0120000001
13.3728008 0.00800000038
13.3760014 0
13.3792 -0.00400000019
13.3824005 -0.00800000038
13.385601 -0.00800000038
13.3888016 -0.00800000038
13.3920002 -0.0200000014
13.3952007 -0.02400000021
13.3984013 -0.02400000021
13.4015999 -0.02800000086
13.4048004 -0.02400000021
13.4080009 -0.02400000021
13.4112015 -0.0160000008
13.4144001 -0.04000000283
13.4176006 -0.0160000008
13.4208012 -0.0200000014
13.4239998 -0.02800000086
13.4272003 -0.0200000014
13.4304008 -0.0120000001
13.4336014 -0.0160000008
13.4368 -0.0120000001
13.4400005 -0.00800000038
13.4432011 -0.00400000019
13.4463997 0.00800000038
13.4496002 0.00800000038
13.4528008 0.0120000001
13.4560013 0.0160000008
13.4591999 0.0200000014
13.4624004 0.0200000014
13.465601 0.02400000021
13.4688015 0.02800000086
13.4720001 0.03200000152
13.4752007 0.02800000086
13.4784012 0.02800000086
13.4815998 0.02800000086
13.4848003 0.02800000086
13.4880009 0.02800000086
13.4912014 0.0200000014
13.4944 0.02800000086
13.4976006 0.00800000038
13.5008011 0.0160000008
13.5039997 0.0120000001
13.5072002 -0.0120000001
13.5104008 -0.00800000038
13.5136013 -0.0200000014
13.5167999 -0.0200000014
13.5200005 -0.02400000021
13.523201 -0.02400000021
13.5264015 -0.03200000152
13.5296001 -0.03200000152
13.5328007 -0.04000000283
13.5360012 -0.04000000283
13.5391998 -0.04800000042
13.5424004 -0.04800000042
13.5456009 -0.04400000349
13.5488014 -0.04800000042
13.552 -0.056000001729
13.5552006 -0.05200000107
13.5584011 -0.05200000107
13.5615997 -0.056000001729
13.5648003 -0.05200000107
13.5680008 -0.04800000042
13.5712013 -0.056000001729
13.5743999 -0.056000001729
13.5776005 -0.04800000042
13.580801 -0.04000000283
13.5840015 -0.02800000086
13.5872002 -0.0160000008
13.5904007 -0.0200000014
13.5936012 -0.00800000038
13.5967999 -0.0160000008
13.6000004 -0.0120000001
13.6032009 0
13.6064014 0.00800000038
13.6096001 0.00400000019
13.6128006 0.0120000001
13.6160011 0.02400000021
13.6191998 0.02800000086
13.6224003 0.03200000152
13.6256008 0.03600000218
13.6288013 0.04400000349
13.632 0.05200000107
13.6352005 0.05200000107
13.638401 0.056000001729
13.6416016 0.06400000304
13.6448002 0.056000001729
13.6480007 0.06400000304
13.6512012 0.072000004351
13.6543999 0.072000004351
13.6576004 0.05200000107
13.6608009 0.068000003695
13.6640015 0.084000006318
13.6672001 0.080000005662
13.6704006 0.084000006318
13.6736012 0.072000004351
13.6767998 0.076000005007
13.6800003 0.06400000304
13.6832008 0.072000004351
13.6864014 0.068000003695
13.6896 0.068000003695
13.6928005 0.084000006318
13.6960011 0.060000002384
13.6992016 0.05200000107
13.7024002 0.04000000283
13.7056007 0.04000000283
13.7088013 0.03200000152
13.7119999 0.02400000021
13.7152004 0.0160000008
13.718401 0.00400000019
13.7216015 0.00400000019
13.7248001 -0.02800000086
13.7280006 -0.0160000008
13.7312012 -0.04000000283
13.7343998 -0.05200000107
13.7376003 -0.04000000283
13.7408009 -0.056000001729
13.7440014 -0.060000002384
13.7472 -0.06400000304
13.7504005 -0.068000003695
13.7536011 -0.076000005007
13.7568016 -0.096000000834
13.7600002 -0.096000000834
13.7632008 -0.088000006974
13.7664013 -0.084000006318
13.7695999 -0.076000005007
13.7728004 -0.088000006974
13.776001 -0.080000005662
13.7792015 -0.076000005007
13.7824001 -0.076000005007
13.7856007 -0.072000004351
13.7888012 -0.068000003695
13.7919998 -0.056000001729
13.7952003 -0.056000001729
13.7984009 -0.05200000107
13.8016014 -0.03200000152
13.8048 -0.056000001729
13.8080006 -0.02800000086
13.8112011 -0.0160000008
13.8143997 -0.02400000021
13.8176003 0.00400000019
13.8208008 0.00800000038
13.8240013 -0.00400000019
13.8271999 0.0120000001
13.8304005 0.04000000283
13.833601 0.04000000283
13.8368015 0.04800000042
13.8400002 0.072000004351
13.8432007 0.06400000304
13.8464012 0.076000005007
13.8495998 0.084000006318
13.8528004 0.092000007629
13.8560009 0.1000000015
13.8592014 0.1120000035
13.8624001 0.1160000041
13.8656006 0.1160000041
13.8688011 0.1360000074
13.8719997 0.1440000087
13.8752003 0.1480000019
13.8784008 0.15200001001
13.8816013 0.16000001132
13.8848 0.18000000715
13.8880005 0.16800001264
13.891201 0.17200000584
13.8944016 0.16800001264
13.8976002 0.15200001001
13.9008007 0.16000001132
13.9040012 0.16400000453
13.9071999 0.15600000322
13.9104004 0.1360000074
13.9136009 0.1360000074
13.9168015 0.1280000061
13.9200001 0.1200000048
13.9232006 0.1160000041
13.9264011 0.1000000015
13.9295998 0.084000006318
13.9328003 0.076000005007
13.9360008 0.060000002384
13.9392014 0.04800000042
13.9424 0.03600000218
13.9456005 0.0200000014
13.948801 -0.00400000019
13.9520016 -0.0120000001
13.9552002 -0.02800000086
13.9584007 -0.04800000042
13.9616013 -0.04800000042
13.9647999 -0.080000005662
13.9680004 -0.092000007629
13.9712009 -0.1000000015
13.9744015 -0.1240000054
13.9776001 -0.1360000074
13.9808006 -0.1480000019
13.9840012 -0.16000001132
13.9871998 -0.16400000453
13.9904003 -0.17600001395
13.9936008 -0.18800000846
13.9968014 -0.18400001526
14 -0.19600000978
14.0032005 -0.20400001109
14.0064011 -0.20000000298
14.0096016 -0.20400001109
14.0128002 -0.19600000978
14.0160007 -0.20000000298
14.0192013 -0.19600000978
14.0223999 -0.19200000167
14.0256004 -0.18400001526
14.028801 -0.18000000715
14.0320015 -0.17200000584
14.0352001 -0.16800001264
14.0384007 -0.15200001001
14.0416012 -0.1440000087
14.0447998 -0.1280000061
14.0480003 -0.1120000035
14.0512009 -0.1120000035
14.0544014 -0.088000006974
14.0576 -0.080000005662
14.0608006 -0.060000002384
14.0640011 -0.05200000107
14.0672016 -0.02800000086
14.0704002 -0.0200000014
14.0736008 -0.0120000001
14.0768013 0.00800000038
14.0799999 0.0120000001
14.0832005 0.02800000086
14.086401 0.04400000349
14.0896015 0.056000001729
14.0928001 0.068000003695
14.0960007 0.080000005662
14.0992012 0.084000006318
14.1023998 0.080000005662
14.1056004 0.092000007629
14.1088009 0.096000000834
14.1120014 0.1120000035
14.1152 0.1080000028
14.1184006 0.1040000021
14.1216011 0.1000000015
14.1247997 0.1120000035
14.1280003 0.1000000015
14.1312008 0.092000007629
14.1344013 0.1000000015
14.1375999 0.092000007629
14.1408005 0.092000007629
14.144001 0.084000006318
14.1472015 0.092000007629
14.1504002 0.084000006318
14.1536007 0.084000006318
14.1568012 0.072000004351
14.1599998 0.068000003695
14.1632004 0.06400000304
14.1664009 0.05200000107
14.1696014 0.04400000349
14.1728001 0.04800000042
14.1760006 0.03200000152
14.1792011 0.03600000218
14.1823997 0.03600000218
14.1856003 0.03600000218
14.1888008 0.02400000021
14.1920013 0.02400000021
14.1952 0.0120000001
14.1984005 0.0120000001
14.201601 0.0120000001
14.2048016 0.00800000038
14.2080002 0.00400000019
14.2112007 0.00400000019
14.2144012 -0.00400000019
14.2175999 0
14.2208004 -0.00400000019
14.2240009 -0.0160000008
14.2272015 -0.00400000019
14.2304001 -0.00800000038
14.2336006 -0.00400000019
14.2368011 -0.00800000038
14.2399998 -0.0160000008
14.2432003 -0.0160000008
14.2464008 -0.02400000021
14.2496014 -0.00800000038
14.2528 -0.0160000008
14.2560005 -0.0200000014
14.259201 -0.02800000086
14.2624016 -0.02800000086
14.2656002 -0.02800000086
14.2688007 -0.02800000086
14.2720013 -0.02800000086
14.2751999 -0.02800000086
14.2784004 -0.02800000086
14.281601 -0.0160000008
14.2848015 -0.02800000086
14.2880001 -0.0200000014
14.2912006 -0.0200000014
14.2944012 -0.03600000218
14.2975998 -0.0200000014
14.3008003 -0.02400000021
14.3040009 -0.03200000152
14.3072014 -0.0200000014
14.3104 -0.02400000021
14.3136005 -0.02800000086
14.3168011 -0.02400000021
14.3200016 -0.0160000008
14.3232002 -0.0160000008
14.3264008 -0.0200000014
14.3296013 -0.0200000014
14.3327999 -0.02400000021
14.3360004 -0.0160000008
14.339201 -0.0160000008
14.3424015 -0.02400000021
14.3456001 -0.0120000001
14.3488007 -0.0200000014
14.3520012 -0.02400000021
14.3551998 -0.0120000001
14.3584003 -0.0120000001
14.3616009 -0.00800000038
14.3648014 0
14.368 0.0120000001
14.3712006 0.0200000014
14.3744011 0.0120000001
14.3776016 0.04400000349
14.3808002 0.04800000042
14.3840008 0.06400000304
14.3872013 0.06400000304
14.3903999 0.076000005007
14.3936005 0.080000005662
14.396801 0.080000005662
14.4000015 0.1080000028
14.4032001 0.1080000028
14.4064007 0.1200000048
14.4096012 0.1280000061
14.4127998 0.1360000074
14.4160004 0.1480000019
14.4192009 0.16000001132
14.4224014 0.16000001132
14.4256001 0.16000001132
14.4288006 0.17200000584
14.4320011 0.17600001395
14.4351997 0.18400001526
14.4384003 0.17600001395
14.4416008 0.18000000715
14.4448013 0.18800000846
14.448 0.18000000715
14.4512005 0.18000000715
14.454401 0.17200000584
14.4576015 0.18400001526
14.4608002 0.17600001395
14.4640007 0.16400000453
14.4672012 0.16400000453
14.4703999 0.15200001001
14.4736004 0.15600000322
14.4768009 0.1360000074
14.4800014 0.1360000074
14.4832001 0.1240000054
14.4864006 0.1120000035
14.4896011 0.1000000015
14.4927998 0.088000006974
14.4960003 0.080000005662
14.4992008 0.072000004351
14.5024014 0.068000003695
14.5056 0.04800000042
14.5088005 0.04000000283
14.512001 0.03600000218
14.5152016 0.0200000014
14.5184002 0.00800000038
14.5216007 -0.00400000019
14.5248013 -0.0160000008
14.5279999 -0.0160000008
14.5312004 -0.02400000021
14.5344009 -0.03200000152
14.5376015 -0.056000001729
14.5408001 -0.05200000107
14.5440006 -0.056000001729
14.5472012 -0.06400000304
14.5503998 -0.072000004351
14.5536003 -0.076000005007
14.5568008 -0.1000000015
14.5600014 -0.072000004351
14.5632 -0.088000006974
14.5664005 -0.096000000834
14.5696011 -0.1040000021
14.5728016 -0.092000007629
14.5760002 -0.1080000028
14.5792007 -0.1040000021
14.5824013 -0.1040000021
14.5855999 -0.1080000028
14.5888004 -0.1000000015
14.592001 -0.092000007629
14.5952015 -0.1000000015
14.5984001 -0.088000006974
14.6016006 -0.096000000834
14.6048012 -0.096000000834
14.6079998 -0.088000006974
14.6112003 -0.080000005662
14.6144009 -0.1000000015
14.6176014 -0.072000004351
14.6208 -0.076000005007
14.6240005 -0.060000002384
14.6272011 -0.06400000304
14.6304016 -0.04800000042
14.6336002 -0.056000001729
14.6368008 -0.04400000349
14.6400013 -0.03200000152
14.6431999 -0.03200000152
14.6464005 -0.02400000021
14.649601 0.00400000019
14.6528015 -0.0160000008
14.6560001 -0.0120000001
14.6592007 -0.02400000021
14.6624012 -0.03600000218
14.6655998 -0.04000000283
14.6688004 -0.04000000283
14.6720009 -0.076000005007
14.6752014 -0.080000005662
14.6784 -0.088000006974
14.6816006 -0.1120000035
14.6848011 -0.1120000035
14.6880016 -0.1200000048
14.6912003 -0.1240000054
14.6944008 -0.1080000028
14.6976013 -0.1319999993
14.7007999 -0.1280000061
14.7040005 -0.1240000054
14.707201 -0.1240000054
14.7104015 -0.1240000054
14.7136002 -0.1240000054
14.7168007 -0.1200000048
14.7200012 -0.1080000028
14.7231998 -0.1000000015
14.7264004 -0.096000000834
14.7296009 -0.080000005662
14.7328014 -0.072000004351
14.7360001 -0.06400000304
14.7392006 -0.060000002384
14.7424011 -0.04800000042
14.7456017 -0.04000000283
14.7488003 -0.03200000152
14.7520008 -0.0160000008
14.7552013 -0.0120000001
14.7584 0
14.7616005 0.00800000038
14.764801 0.0120000001
14.7680016 0.02800000086
14.7712002 0.03600000218
14.7744007 0.04400000349
14.7776012 0.056000001729
14.7807999 0.060000002384
14.7840004 0.072000004351
14.7872009 0.076000005007
14.7904015 0.084000006318
14.7936001 0.088000006974
14.7968006 0.084000006318
14.8000011 0.1000000015
14.8031998 0.096000000834
14.8064003 0.1080000028
14.8096008 0.1000000015
14.8128014 0.1080000028
14.816 0.1080000028
14.8192005 0.096000000834
14.822401 0.096000000834
14.8256016 0.092000007629
14.8288002 0.092000007629
14.8320007 0.1040000021
14.8352013 0.092000007629
14.8383999 0.076000005007
14.8416004 0.072000004351
14.8448009 0.076000005007
14.8480015 0.06400000304
14.8512001 0.056000001729
14.8544006 0.04800000042
14.8576012 0.05200000107
14.8607998 0.03600000218
14.8640003 0.03600000218
14.8672009 0.03600000218
14.8704014 0.0160000008
14.8736 0.0120000001
14.8768005 0.02400000021
14.8800011 0.00400000019
14.8832016 0
14.8864002 0.00400000019
14.8896008 -0.00400000019
14.8928013 -0.00800000038
14.8959999 -0.00400000019
14.8992004 -0.0120000001
14.902401 -0.0160000008
14.9056015 -0.0160000008
14.9088001 -0.0200000014
14.9120007 -0.02800000086
14.9152012 -0.03200000152
14.9183998 -0.03200000152
14.9216003 -0.03200000152
14.9248009 -0.072000004351
14.9280014 -0.05200000107
14.9312 -0.02800000086
14.9344006 -0.04000000283
14.9376011 -0.04800000042
14.9408016 -0.04000000283
14.9440002 -0.04400000349
14.9472008 -0.04000000283
14.9504013 -0.03200000152
14.9535999 -0.02800000086
14.9568005 -0.0200000014
14.960001 -0.02400000021
14.9632015 -0.0200000014
14.9664001 -0.0160000008
14.9696007 -0.0120000001
14.9728012 -0.00400000019
14.9759998 -0.02800000086
14.9792004 -0.00400000019
14.9824009 -0.0120000001
14.9856014 0.00800000038
14.9888 0.00400000019
14.9920006 0
14.9952011 0
14.9984016 0.00800000038
15.0016003 0
15.0048008 -0.00400000019
15.0080013 0.00400000019
15.0112 0.00800000038
15.0144005 -0.00800000038
15.017601 0
15.0208015 0.00800000038
15.0240002 -0.00400000019
15.0272007 0
15.0304012 -0.0160000008
15.0335999 -0.00400000019
15.0368004 0
15.0400009 -0.00800000038
15.0432014 0
15.0464001 0.00400000019
15.0496006 0
15.0528011 -0.0120000001
15.0560017 0
15.0592003 0.00400000019
15.0624008 0.00400000019
15.0656013 0.00400000019
15.0688 0.00800000038
15.0720005 0.00800000038
15.075201 0.0120000001
15.0784016 0.03200000152
15.0816002 0.0160000008
15.0848007 0.03200000152
15.0880013 0.02400000021
15.0911999 0.0160000008
15.0944004 0.0120000001
15.0976009 0.02400000021
15.1008015 0.02400000021
15.1040001 0.0160000008
15.1072006 0.02400000021
15.1104012 0.02400000021
15.1135998 0.0200000014
15.1168003 0.02800000086
15.1200008 0.0200000014
15.1232014 0.0160000008
15.1264 0.00800000038
15.1296005 0.0160000008
15.1328011 0.00400000019
15.1360016 0.00400000019
15.1392002 0.00800000038
15.1424007 0.0120000001
15.1456013 0
15.1487999 -0.00400000019
15.1520004 0
15.155201 -0.0160000008
15.1584015 -0.0120000001
15.1616001 -0.00800000038
15.1648006 -0.0120000001
15.1680012 -0.02400000021
15.1711998 -0.02800000086
15.1744003 -0.03200000152
15.1776009 -0.02800000086
15.1808014 -0.03600000218
15.184 -0.04400000349
15.1872005 -0.04400000349
15.1904011 -0.056000001729
15.1936016 -0.056000001729
15.1968002 -0.060000002384
15.2000008 -0.072000004351
15.2032013 -0.080000005662
15.2063999 -0.1000000015
15.2096004 -0.096000000834
15.212801 -0.1040000021
15.2160015 -0.1200000048
15.2192001 -0.1200000048
15.2224007 -0.1360000074
15.2256012 -0.1360000074
15.2287998 -0.1440000087
15.2320004 -0.1160000041
15.2352009 -0.16000001132
15.2384014 -0.15600000322
15.2416 -0.16000001132
15.2448006 -0.17200000584
15.2480011 -0.18400001526
15.2512016 -0.18800000846
15.2544003 -0.19200000167
15.2576008 -0.19600000978
15.2608013 -0.20000000298
15.2639999 -0.19600000978
15.2672005 -0.20000000298
15.270401 -0.20000000298
15.2736015 -0.20400001109
15.2768002 -0.19600000978
15.2800007 -0.19600000978
15.2832012 -0.18400001526
15.2863998 -0.18800000846
15.2896004 -0.17600001395
15.2928009 -0.16000001132
15.2960014 -0.15200001001
15.2992001 -0.15600000322
15.3024006 -0.1360000074
15.3056011 -0.1360000074
15.3088017 -0.1240000054
15.3120003 -0.1080000028
15.3152008 -0.1040000021
15.3184013 -0.1000000015
15.3216 -0.084000006318
15.3248005 -0.068000003695
15.328001 -0.05200000107
15.3312016 -0.04400000349
15.3344002 -0.04000000283
15.3376007 0
15.3408012 0.00400000019
15.3439999 0.0160000008
15.3472004 0.0200000014
15.3504009 0.060000002384
15.3536015 0.05200000107
15.3568001 0.080000005662
15.3600006 0.096000000834
15.3632011 0.1080000028
15.3664017 0.1240000054
15.3696003 0.1360000074
15.3728008 0.1440000087
15.3760014 0.16000001132
15.3792 0.17200000584
15.3824005 0.18800000846
15.385601 0.20000000298
15.3888016 0.19600000978
15.3920002 0.19200000167
15.3952007 0.2120000124
15.3984013 0.2120000124
15.4015999 0.22800001502
15.4048004 0.20800000429
15.4080009 0.20400001109
15.4112015 0.20000000298
15.4144001 0.19200000167
15.4176006 0.18800000846
15.4208012 0.18000000715
15.4239998 0.16800001264
15.4272003 0.16000001132
15.4304008 0.1440000087
15.4336014 0.1360000074
15.4368 0.1120000035
15.4400005 0.1080000028
15.4432011 0.092000007629
15.4464016 0.076000005007
15.4496002 0.068000003695
15.4528008 0.068000003695
15.4560013 0.04400000349
15.4591999 0.04400000349
15.4624004 0.03200000152
15.465601 0.04800000042
15.4688015 0.0200000014
15.4720001 0.00400000019
15.4752007 -0.00400000019
15.4784012 -0.0160000008
15.4815998 -0.0120000001
15.4848003 -0.0160000008
15.4880009 -0.0200000014
15.4912014 -0.03200000152
15.4944 -0.04000000283
15.4976006 -0.03600000218
15.5008011 -0.03600000218
15.5040016 -0.04400000349
15.5072002 -0.04000000283
15.5104008 -0.04400000349
15.5136013 -0.04000000283
15.5167999 -0.02800000086
15.5200005 -0.03600000218
15.523201 -0.02800000086
15.5264015 -0.02400000021
15.5296001 -0.0120000001
15.5328007 -0.00800000038
15.5360012 0
15.5391998 0.00400000019
15.5424004 0.0200000014
15.5456009 0.03200000152
15.5488014 0.04400000349
15.552 0.076000005007
15.5552006 0.068000003695
15.5584011 0.072000004351
15.5616016 0.080000005662
15.5648003 0.092000007629
15.5680008 0.1040000021
15.5712013 0.1120000035
15.5743999 0.1240000054
15.5776005 0.1319999993
15.580801 0.1319999993
15.5840015 0.1400000006
15.5872002 0.1440000087
15.5904007 0.1480000019
15.5936012 0.1400000006
15.5967999 0.1440000087
15.6000004 0.1319999993
15.6032009 0.1360000074
15.6064014 0.1400000006
15.6096001 0.1319999993
15.6128006 0.1120000035
15.6160011 0.1240000054
15.6192017 0.1040000021
15.6224003 0.092000007629
15.6256008 0.084000006318
15.6288013 0.080000005662
15.632 0.072000004351
15.6352005 0.04800000042
15.638401 0.060000002384
15.6416016 0.0200000014
15.6448002 0.00800000038
15.6480007 -0.0120000001
15.6512012 -0.00800000038
15.6543999 -0.04400000349
15.6576004 -0.04400000349
15.6608009 -0.06400000304
15.6640015 -0.076000005007
15.6672001 -0.088000006974
15.6704006 -0.092000007629
15.6736012 -0.1080000028
15.6768017 -0.1319999993
15.6800003 -0.1280000061
15.6832008 -0.1440000087
15.6864014 -0.15600000322
15.6896 -0.16000001132
15.6928005 -0.17200000584
15.6960011 -0.17200000584
15.6992016 -0.18400001526
15.7024002 -0.19600000978
15.7056007 -0.18800000846
15.7088013 -0.20000000298
15.7119999 -0.19600000978
15.7152004 -0.19600000978
15.718401 -0.20000000298
15.7216015 -0.20000000298
15.7248001 -0.20400001109
15.7280006 -0.20800000429
15.7312012 -0.19600000978
15.7343998 -0.18800000846
15.7376003 -0.18800000846
15.7408009 -0.19200000167
15.7440014 -0.18400001526
15.7472 -0.17600001395
15.7504005 -0.17200000584
15.7536011 -0.16400000453
15.7568016 -0.16400000453
15.7600002 -0.16000001132
15.7632008 -0.15200001001
15.7664013 -0.1440000087
15.7695999 -0.1280000061
15.7728004 -0.1240000054
15.776001 -0.1160000041
15.7792015 -0.1080000028
15.7824001 -0.1000000015
15.7856007 -0.096000000834
15.7888012 -0.080000005662
15.7919998 -0.092000007629
15.7952003 -0.080000005662
15.7984009 -0.056000001729
15.8016014 -0.05200000107
15.8048 -0.04400000349
15.8080006 -0.04000000283
15.8112011 -0.0200000014
15.8144016 -0.0120000001
15.8176003 -0.00800000038
15.8208008 0
15.8240013 0.00800000038
15.8271999 0.0120000001
15.8304005 0.0120000001
15.833601 0.0200000014
15.8368015 0.02800000086
15.8400002 0.04000000283
15.8432007 0.060000002384
15.8464012 0.056000001729
15.8495998 0.05200000107
15.8528004 0.060000002384
15.8560009 0.06400000304
15.8592014 0.06400000304
15.8624001 0.068000003695
15.8656006 0.072000004351
15.8688011 0.080000005662
15.8720016 0.076000005007
15.8752003 0.076000005007
15.8784008 0.088000006974
15.8816013 0.084000006318
15.8848 0.076000005007
15.8880005 0.1000000015
15.891201 0.096000000834
15.8944016 0.096000000834
15.8976002 0.1040000021
15.9008007 0.096000000834
15.9040012 0.096000000834
15.9071999 0.1000000015
15.9104004 0.1000000015
15.9136009 0.1120000035
15.9168015 0.1000000015
15.9200001 0.1120000035
15.9232006 0.1000000015
15.9264011 0.1080000028
15.9296017 0.1040000021
15.9328003 0.1200000048
15.9360008 0.1000000015
15.9392014 0.1000000015
15.9424 0.1040000021
15.9456005 0.096000000834
15.948801 0.096000000834
15.9520016 0.088000006974
15.9552002 0.1000000015
15.9584007 0.088000006974
15.9616013 0.084000006318
15.9647999 0.080000005662
15.9680004 0.080000005662
15.9712009 0.06400000304
15.9744015 0.072000004351
15.9776001 0.056000001729
15.9808006 0.068000003695
15.9840012 0.056000001729
15.9872017 0.04400000349
15.9904003 0.04400000349
15.9936008 0.04000000283
15.9968014 0.02400000021
16.000001 0.02800000086
16.0032005 0.0200000014
16.0064011 0.0160000008
16.0096006 0.0200000014
16.0128012 0.0120000001
16.0160007 0.0200000014
16.0192003 0.00800000038
16.0224009 0.0120000001
16.0256004 0.00400000019
16.028801 0
16.0320005 0
16.0352011 -0.00400000019
16.0384007 -0.00400000019
16.0416012 -0.00800000038
16.0448008 -0.00800000038
16.0480003 -0.00800000038
16.0512009 -0.00800000038
16.0544004 -0.0120000001
16.057601 -0.0200000014
16.0608006 -0.0200000014
16.0640011 -0.0160000008
16.0672007 -0.0200000014
16.0704012 -0.02400000021
16.0736008 -0.0200000014
16.0768003 -0.0200000014
16.0800009 -0.0200000014
16.0832005 -0.03200000152
16.086401 -0.02800000086
16.0896006 -0.03200000152
16.0928011 -0.04000000283
16.0960007 -0.04000000283
16.0992012 -0.03600000218
16.1024008 -0.04400000349
16.1056004 -0.05200000107
16.1088009 -0.04000000283
16.1120005 -0.05200000107
16.115201 -0.04800000042
16.1184006 -0.03600000218
16.1216011 -0.04000000283
16.1248007 -0.04000000283
16.1280012 -0.03600000218
16.1312008 -0.03600000218
16.1344004 -0.02800000086
16.1376009 -0.04400000349
16.1408005 -0.02800000086
16.144001 -0.02800000086
16.1472006 -0.0200000014
16.1504011 -0.02400000021
16.1536007 -0.0120000001
16.1568012 -0.02400000021
16.1600008 -0.00800000038
16.1632004 -0.0160000008
16.1664009 -0.0120000001
16.1696005 -0.0120000001
16.172801 -0.00800000038
16.1760006 -0.0120000001
16.1792011 0
16.1824007 -0.00800000038
16.1856012 -0.00800000038
16.1888008 -0.00400000019
16.1920004 0
16.1952009 0.00800000038
16.1984005 0.0200000014
16.201601 0
16.2048006 0
16.2080011 0.0120000001
16.2112007 0.00800000038
16.2144012 0.00800000038
16.2176008 -0.00400000019
16.2208004 0
16.2240009 0
16.2272005 0.00400000019
16.230401 0
16.2336006 -0.00800000038
16.2368011 0.00400000019
16.2400007 -0.0200000014
16.2432003 -0.00400000019
16.2464008 -0.00400000019
16.2496004 -0.00800000038
16.2528009 -0.00400000019
16.2560005 -0.0120000001
16.259201 -0.0120000001
16.2624006 -0.00800000038
16.2656012 -0.00800000038
16.2688007 -0.0160000008
16.2720003 0
16.2752008 -0.0160000008
16.2784004 -0.00400000019
16.281601 -0.0120000001
16.2848005 -0.00400000019
16.2880011 0
16.2912006 -0.00400000019
16.2944012 -0.00800000038
16.2976007 -0.0120000001
16.3008003 -0.00400000019
16.3040009 -0.00400000019
16.3072004 0.00800000038
16.310401 0.0160000008
16.3136005 0.02400000021
16.3168011 0.03600000218
16.3200006 0.060000002384
16.3232012 0.068000003695
16.3264008 0.080000005662
16.3296003 0.1000000015
16.3328009 0.1040000021
16.3360004 0.1040000021
16.339201 0.1200000048
16.3424006 0.1319999993
16.3456011 0.1280000061
16.3488007 0.1360000074
16.3520012 0.1280000061
16.3552008 0.1400000006
16.3584003 0.1319999993
16.3616009 0.1319999993
16.3648005 0.1440000087
16.368001 0.1319999993
16.3712006 0.1400000006
16.3744011 0.1400000006
16.3776007 0.1280000061
16.3808012 0.1280000061
16.3840008 0.1360000074
16.3872004 0.1240000054
16.3904009 0.1200000048
16.3936005 0.1120000035
16.396801 0.1160000041
16.4000006 0.1080000028
16.4032011 0.096000000834
16.4064007 0.084000006318
16.4096012 0.084000006318
16.4128008 0.068000003695
16.4160004 0.072000004351
16.4192009 0.056000001729
16.4224005 0.04800000042
16.425601 0.04000000283
16.4288006 0.04800000042
16.4320011 0.03200000152
16.4352007 0.03200000152
16.4384012 0.03600000218
16.4416008 0.02400000021
16.4448004 0.02400000021
16.4480009 0.03200000152
16.4512005 0.0200000014
16.454401 0.0200000014
16.4576006 0.0160000008
16.4608011 0.0120000001
16.4640007 0.00800000038
16.4672012 0.00800000038
16.4704008 0.00400000019
16.4736004 -0.0160000008
16.4768009 -0.0200000014
16.4800005 -0.02800000086
16.483201 -0.02800000086
16.4864006 -0.04800000042
16.4896011 -0.03600000218
16.4928007 -0.04800000042
16.4960012 -0.04400000349
16.4992008 -0.060000002384
16.5024004 -0.068000003695
16.5056009 -0.092000007629
16.5088005 -0.080000005662
16.512001 -0.084000006318
16.5152006 -0.080000005662
16.5184011 -0.084000006318
16.5216007 -0.092000007629
16.5248013 -0.092000007629
16.5280008 -0.1000000015
16.5312004 -0.1000000015
16.5344009 -0.096000000834
16.5376005 -0.1000000015
16.540801 -0.096000000834
16.5440006 -0.096000000834
16.5472012 -0.1000000015
16.5504007 -0.1000000015
16.5536003 -0.1040000021
16.5568008 -0.1120000035
16.5600004 -0.092000007629
16.563201 -0.092000007629
16.5664005 -0.088000006974
16.5696011 -0.092000007629
16.5728006 -0.072000004351
16.5760012 -0.084000006318
16.5792007 -0.080000005662
16.5824003 -0.080000005662
16.5856009 -0.072000004351
16.5888004 -0.06400000304
16.592001 -0.068000003695
16.5952005 -0.06400000304
16.5984011 -0.060000002384
16.6016006 -0.056000001729
16.6048012 -0.04400000349
16.6080008 -0.04400000349
16.6112003 -0.04400000349
16.6144009 -0.03600000218
16.6176004 -0.02800000086
16.620801 -0.02800000086
16.6240005 -0.02800000086
16.6272011 -0.02800000086
16.6304007 -0.0160000008
16.6336012 -0.02400000021
16.6368008 -0.0160000008
16.6400003 -0.00400000019
16.6432009 0
16.6464005 -0.00400000019
16.649601 0.00400000019
16.6528006 0
16.6560011 0.0160000008
16.6592007 0.00800000038
16.6624012 0.00800000038
16.6656008 0.00800000038
16.6688004 0.0120000001
16.6720009 0.0200000014
16.6752005 0.0200000014
16.678401 0.0160000008
16.6816006 0.0120000001
16.6848011 0.0120000001
16.6880007 0.0160000008
16.6912012 0.0120000001
16.6944008 0.0200000014
16.6976004 0.02400000021
16.7008009 0.02800000086
16.7040005 0.02800000086
16.707201 0.02400000021
16.7104006 0.02400000021
16.7136011 0.0200000014
16.7168007 0.02400000021
16.7200012 0.02800000086
16.7232008 0.02400000021
16.7264004 0.0200000014
16.7296009 0.02400000021
16.7328005 0.02800000086
16.736001 0.0160000008
16.7392006 0.0200000014
16.7424011 0.0200000014
16.7456007 0.0200000014
16.7488012 0.00400000019
16.7520008 0.02800000086
16.7552004 0.0160000008
16.7584009 0.0200000014
16.7616005 0.0160000008
16.764801 0.0120000001
16.7680006 0.00800000038
16.7712011 0.00800000038
16.7744007 0.0120000001
16.7776012 0.00800000038
16.7808008 0
16.7840004 0.00400000019
16.7872009 0.00800000038
16.7904005 0.00400000019
16.793601 -0.00800000038
16.7968006 -0.00400000019
16.8000011 -0.00400000019
16.8032007 0
16.8064013 0
16.8096008 -0.0120000001
16.8128004 -0.00400000019
16.8160009 0.00400000019
16.8192005 -0.00800000038
16.822401 -0.00400000019
16.8256006 -0.00800000038
16.8288012 -0.00400000019
16.8320007 0
16.8352013 0
16.8384008 0.00800000038
16.8416004 0.00800000038
16.8448009 0.00800000038
16.8480005 0.0120000001
16.8512011 0.00400000019
16.8544006 0.0160000008
16.8576012 0.0120000001
16.8608007 0.0160000008
16.8640013 0.0160000008
16.8672009 0.0200000014
16.8704004 0.0200000014
16.873601 0.03200000152
16.8768005 0.0120000001
16.8800011 0.02800000086
16.8832006 0.02400000021
16.8864012 0.02400000021
16.8896008 0.0200000014
16.8928003 0.03200000152
16.8960009 0.03200000152
16.8992004 0.02400000021
16.902401 0.02800000086
16.9056005 0.02400000021
16.9088011 0.02800000086
16.9120007 0.02400000021
16.9152012 0.02400000021
16.9184008 0.0200000014
16.9216003 0.0200000014
16.9248009 0.02800000086
16.9280005 0.02400000021
16.931201 0.0200000014
16.9344006 0.0200000014
16.9376011 0.03200000152
16.9408007 0.02400000021
16.9440012 0.03200000152
16.9472008 0.02800000086
16.9504004 0.02800000086
16.9536009 0.02800000086
16.9568005 0.0200000014
16.960001 0.03200000152
16.9632006 0.03600000218
16.9664011 0.02400000021
16.9696007 0.03200000152
16.9728012 0.04400000349
16.9760008 0.04000000283
16.9792004 0.04000000283
16.9824009 0.03600000218
16.9856005 0.04000000283
16.988801 0.04400000349
16.9920006 0.02800000086
16.9952011 0.03200000152
16.9984007 0.04400000349
17.0016012 0.04000000283
17.0048008 0.04800000042
17.0080004 0.04000000283
17.0112009 0.04400000349
17.0144005 0.04800000042
17.017601 0.05200000107
17.0208006 0.05200000107
17.0240011 0.04400000349
17.0272007 0.04000000283
17.0304012 0.04800000042
17.0336008 0.05200000107
17.0368004 0.03200000152
17.0400009 0.04000000283
17.0432005 0.03600000218
17.046401 0.04400000349
17.0496006 0.03600000218
17.0528011 0.04400000349
17.0560007 0.04000000283
17.0592012 0.03600000218
17.0624008 0.03600000218
17.0656004 0.02800000086
17.0688009 0.03200000152
17.0720005 0.02400000021
17.075201 0.0200000014
17.0784006 0.0120000001
17.0816011 0.0200000014
17.0848007 0.0160000008
17.0880013 0.0160000008
17.0912008 0.0200000014
17.0944004 0.00800000038
17.0976009 0.00400000019
17.1008005 0.00400000019
17.104001 0.00400000019
17.1072006 0
17.1104012 -0.00400000019
17.1136007 -0.0120000001
17.1168013 -0.00800000038
17.1200008 -0.00800000038
17.1232004 -0.0120000001
17.1264009 -0.0120000001
17.1296005 -0.02400000021
17.1328011 -0.0160000008
17.1360006 -0.0200000014
17.1392012 -0.03200000152
17.1424007 -0.02800000086
17.1456013 -0.02400000021
17.1488008 -0.02400000021
17.1520004 -0.03600000218
17.155201 -0.02800000086
17.1584005 -0.04000000283
17.1616011 -0.04800000042
17.1648006 -0.04400000349
17.1680012 -0.05200000107
17.1712008 -0.05200000107
17.1744013 -0.04000000283
17.1776009 -0.04400000349
17.1808004 -0.04800000042
17.184001 -0.04000000283
17.1872005 -0.04400000349
17.1904011 -0.03200000152
17.1936007 -0.03600000218
17.1968012 -0.03200000152
17.2000008 -0.02800000086
17.2032013 -0.02800000086
17.2064009 -0.0200000014
17.2096004 -0.0160000008
17.212801 -0.0120000001
17.2160006 -0.00800000038
17.2192011 0.00800000038
17.2224007 0.00800000038
17.2256012 0.0160000008
17.2288008 0.0200000014
17.2320004 0.02800000086
17.2352009 0.02800000086
17.2384005 0.04000000283
17.241601 0.03600000218
17.2448006 0.04400000349
17.2480011 0.04000000283
17.2512007 0.04400000349
17.2544012 0.03600000218
17.2576008 0.04800000042
17.2608004 0.05200000107
17.2640009 0.04400000349
17.2672005 0.04400000349
17.270401 0.04400000349
17.2736006 0.03600000218
17.2768011 0.03600000218
17.2800007 0.04400000349
17.2832012 0.056000001729
17.2864008 0.03600000218
17.2896004 0.03200000152
17.2928009 0.02800000086
17.2960005 0.03600000218
17.299201 0.03200000152
17.3024006 0.03200000152
17.3056011 0.02800000086
17.3088007 0.0200000014
17.3120012 0.00800000038
17.3152008 0
17.3184004 0.0200000014
17.3216009 0.0160000008
17.3248005 0
17.328001 -0.00400000019
17.3312006 -0.00400000019
17.3344011 0.00400000019
17.3376007 -0.0160000008
17.3408012 -0.02800000086
17.3440008 -0.0120000001
17.3472004 -0.0160000008
17.3504009 -0.0200000014
17.3536005 -0.0120000001
17.356801 -0.0200000014
17.3600006 -0.02400000021
17.3632011 -0.0160000008
17.3664007 -0.02800000086
17.3696012 -0.02400000021
17.3728008 -0.03200000152
17.3760004 -0.02800000086
17.3792009 -0.03200000152
17.3824005 -0.0160000008
17.385601 -0.02400000021
17.3888006 -0.02400000021
17.3920012 -0.03600000218
17.3952007 -0.02800000086
17.3984013 -0.0160000008
17.4016008 -0.02400000021
17.4048004 -0.0160000008
17.4080009 -0.0160000008
17.4112005 -0.02800000086
17.4144011 -0.0160000008
17.4176006 -0.0200000014
17.4208012 -0.0200000014
17.4240007 -0.0160000008
17.4272013 -0.0120000001
17.4304008 -0.0160000008
17.4336004 -0.02800000086
17.436801 -0.00800000038
17.4400005 -0.00400000019
17.4432011 -0.00400000019
17.4464006 -0.00400000019
17.4496012 -0.0120000001
17.4528008 0
17.4560013 -0.0200000014
17.4592009 -0.0160000008
17.4624004 0
17.465601 0.00800000038
17.4688005 0
17.4720011 0.0120000001
17.4752007 0.00800000038
17.4784012 0.00400000019
17.4816008 0.00400000019
17.4848013 0.0120000001
17.4880009 0.0120000001
17.4912004 0.0200000014
17.494401 0.0200000014
17.4976006 0.00400000019
17.5008011 0.0160000008
17.5040007 0.0200000014
17.5072012 0.0200000014
17.5104008 0.02400000021
17.5136013 0.0200000014
17.5168009 0.02400000021
17.5200005 0.02400000021
17.523201 0.0200000014
17.5264006 0.02800000086
17.5296011 0.02800000086
17.5328007 0.04000000283
17.5360012 0.0120000001
17.5392008 0.0200000014
17.5424004 0.02400000021
17.5456009 0.0120000001
17.5488005 0.0200000014
17.552001 0.02400000021
17.5552006 0.0160000008
17.5584011 0.0200000014
17.5616007 0.02400000021
17.5648012 0.02400000021
17.5680008 0.0160000008
17.5712004 0.0200000014
17.5744009 0.00800000038
17.5776005 0
17.580801 0.00800000038
17.5840006 0.00800000038
17.5872011 0.00400000019
17.5904007 0.00400000019
17.5936012 -0.00800000038
17.5968008 0.00800000038
17.6000004 -0.00400000019
17.6032009 -0.0160000008
17.6064005 -0.0120000001
17.609601 -0.0120000001
17.6128006 -0.02400000021
17.6160011 -0.0120000001
17.6192007 -0.0160000008
17.6224012 -0.02800000086
17.6256008 -0.02800000086
17.6288004 -0.03600000218
17.6320009 -0.03200000152
17.6352005 -0.03600000218
17.638401 -0.04000000283
17.6416006 -0.04000000283
17.6448011 -0.04800000042
17.6480007 -0.03600000218
17.6512012 -0.056000001729
17.6544008 -0.04800000042
17.6576004 -0.060000002384
17.6608009 -0.05200000107
17.6640005 -0.056000001729
17.667201 -0.05200000107
17.6704006 -0.05200000107
17.6736012 -0.04800000042
17.6768007 -0.04400000349
17.6800013 -0.05200000107
17.6832008 -0.02800000086
17.6864004 -0.04800000042
17.6896009 -0.04400000349
17.6928005 -0.04000000283
17.6960011 -0.04000000283
17.6992006 -0.03600000218
17.7024012 -0.04400000349
17.7056007 -0.03200000152
17.7088013 -0.03200000152
17.7120008 -0.03600000218
17.7152004 -0.03600000218
17.718401 -0.0200000014
17.7216005 -0.03200000152
17.7248011 -0.02800000086
17.7280006 -0.03200000152
17.7312012 -0.03200000152
17.7344007 -0.02800000086
17.7376013 -0.02400000021
17.7408009 -0.03200000152
17.7440004 -0.02800000086
17.747201 -0.03600000218
17.7504005 -0.02800000086
17.7536011 -0.02400000021
17.7568007 -0.04000000283
17.7600012 -0.02800000086
17.7632008 -0.02400000021
17.7664013 -0.02800000086
17.7696009 -0.0200000014
17.7728004 -0.0200000014
17.776001 -0.0160000008
17.7792006 -0.0200000014
17.7824011 -0.0200000014
17.7856007 -0.0160000008
17.7888012 -0.0160000008
17.7920008 -0.0160000008
17.7952013 -0.0160000008
17.7984009 -0.00400000019
17.8016005 -0.0120000001
17.804801 -0.0120000001
17.8080006 -0.0120000001
17.8112011 -0.0120000001
17.8144007 0
17.8176012 -0.00800000038
17.8208008 -0.00400000019
17.8240013 0
17.8272009 -0.00400000019
17.8304005 0.00400000019
17.833601 0.0120000001
17.8368006 0.02400000021
17.8400011 0.00800000038
17.8432007 0.0160000008
17.8464012 0.0120000001
17.8496008 0.03200000152
17.8528013 0.0200000014
17.8560009 0.04000000283
17.8592005 0.03600000218
17.862401 0.03600000218
17.8656006 0.04000000283
17.8688011 0.04400000349
17.8720007 0.04800000042
17.8752012 0.05200000107
17.8784008 0.04800000042
17.8816004 0.060000002384
17.8848009 0.056000001729
17.8880005 0.06400000304
17.891201 0.060000002384
17.8944006 0.072000004351
17.8976011 0.06400000304
17.9008007 0.068000003695
17.9040012 0.060000002384
17.9072008 0.068000003695
17.9104004 0.068000003695
17.9136009 0.076000005007
17.9168005 0.068000003695
17.920001 0.05200000107
17.9232006 0.056000001729
17.9264011 0.056000001729
17.9296007 0.056000001729
17.9328012 0.056000001729
17.9360008 0.056000001729
17.9392004 0.05200000107
17.9424009 0.05200000107
17.9456005 0.04400000349
17.948801 0.04800000042
17.9520006 0.03600000218
17.9552011 0.04000000283
17.9584007 0.04400000349
17.9616013 0.02800000086
17.9648008 0.0200000014
17.9680004 0.0120000001
17.9712009 0.0120000001
17.9744005 0.0120000001
17.9776011 0.00400000019
17.9808006 0.00400000019
17.9840012 0.0120000001
17.9872007 -0.00400000019
17.9904013 0
17.9936008 -0.0120000001
17.9968004 -0.0120000001
18.000001 -0.0120000001
18.0032005 -0.0200000014
18.0064011 -0.02400000021
18.0096006 -0.02400000021
18.0128012 -0.03600000218
18.0160007 -0.0120000001
18.0192013 -0.03200000152
18.0224009 -0.02800000086
18.0256004 -0.04000000283
18.028801 -0.03200000152
18.0320005 -0.04400000349
18.0352011 -0.03600000218
18.0384007 -0.05200000107
18.0416012 -0.03600000218
18.0448008 -0.03600000218
18.0480013 -0.03200000152
18.0512009 -0.04000000283
18.0544004 -0.02800000086
18.057601 -0.00800000038
18.0608006 -0.0160000008
18.0640011 0.00800000038
18.0672007 0
18.0704012 0.00400000019
18.0736008 0.0120000001
18.0768013 0.02800000086
18.0800009 0.04000000283
18.0832005 0.03200000152
18.086401 0.03600000218
18.0896006 0.05200000107
18.0928011 0.06400000304
18.0960007 0.092000007629
18.0992012 0.06400000304
18.1024008 0.072000004351
18.1056013 0.068000003695
18.1088009 0.080000005662
18.1120005 0.088000006974
18.115201 0.1160000041
18.1184006 0.092000007629
18.1216011 0.096000000834
18.1248007 0.088000006974
18.1280012 0.1040000021
18.1312008 0.1120000035
18.1344013 0.096000000834
18.1376009 0.1200000048
18.1408005 0.096000000834
18.144001 0.088000006974
18.1472006 0.092000007629
18.1504011 0.092000007629
18.1536007 0.088000006974
18.1568012 0.088000006974
18.1600008 0.072000004351
18.1632013 0.072000004351
18.1664009 0.060000002384
18.1696005 0.056000001729
18.172801 0.056000001729
18.1760006 0.03200000152
18.1792011 0.04400000349
18.1824007 0.02400000021
18.1856012 0.03200000152
18.1888008 0.0160000008
18.1920004 0.0200000014
18.1952009 0.00400000019
18.1984005 0.00400000019
18.201601 0
18.2048006 -0.00400000019
18.2080011 -0.0120000001
18.2112007 -0.0160000008
18.2144012 -0.0200000014
18.2176008 -0.03200000152
18.2208004 -0.03200000152
18.2240009 -0.03200000152
18.2272005 -0.03600000218
18.230401 -0.04400000349
18.2336006 -0.04800000042
18.2368011 -0.056000001729
18.2400007 -0.06400000304
18.2432013 -0.05200000107
18.2464008 -0.06400000304
18.2496004 -0.060000002384
18.2528009 -0.04800000042
18.2560005 -0.072000004351
18.259201 -0.080000005662
18.2624006 -0.072000004351
18.2656012 -0.060000002384
18.2688007 -0.060000002384
18.2720013 -0.056000001729
18.2752008 -0.05200000107
18.2784004 -0.056000001729
18.281601 -0.056000001729
18.2848005 -0.056000001729
18.2880011 -0.076000005007
18.2912006 -0.05200000107
18.2944012 -0.05200000107
18.2976007 -0.04800000042
18.3008013 -0.056000001729
18.3040009 -0.04000000283
18.3072004 -0.04800000042
18.310401 -0.04000000283
18.3136005 -0.02800000086
18.3168011 -0.04800000042
18.3200006 -0.03600000218
18.3232012 -0.02400000021
18.3264008 -0.02800000086
18.3296013 -0.02400000021
18.3328009 -0.02400000021
18.3360004 -0.02400000021
18.339201 -0.02400000021
18.3424006 -0.02400000021
18.3456011 -0.0160000008
18.3488007 -0.0120000001
18.3520012 -0.0120000001
18.3552008 -0.0120000001
18.3584013 -0.0120000001
18.3616009 -0.0160000008
18.3648005 -0.00800000038
18.368001 -0.00400000019
18.3712006 -0.00800000038
18.3744011 -0.00400000019
18.3776007 0.00400000019
18.3808012 0
18.3840008 0.00800000038
18.3872013 0.00400000019
18.3904009 0.00400000019
18.3936005 0
18.396801 0.0160000008
18.4000006 0.0120000001
18.4032011 0.00400000019
18.4064007 0.0200000014
18.4096012 0.0160000008
18.4128008 0.0200000014
18.4160013 0
18.4192009 0.0160000008
18.4224005 0.02400000021
18.425601 0.02400000021
18.4288006 0.02400000021
18.4320011 0.00800000038
18.4352007 0.02400000021
18.4384012 0.00800000038
18.4416008 0.02400000021
18.4448013 0.02400000021
18.4480009 0.0120000001
18.4512005 0.02400000021
18.454401 0.02400000021
18.4576006 0.02400000021
18.4608011 0.0160000008
18.4640007 0.0200000014
18.4672012 0.0200000014
18.4704008 0.0160000008
18.4736013 0.0200000014
18.4768009 0.02800000086
18.4800005 0.00800000038
18.483201 0.0120000001
18.4864006 0.0160000008
18.4896011 0.00800000038
18.4928007 0.0120000001
18.4960012 0.0200000014
18.4992008 0.0120000001
18.5024014 0.0120000001
18.5056009 0.00800000038
18.5088005 0
18.512001 0.0120000001
18.5152006 -0.00400000019
18.5184011 0.00400000019
18.5216007 0
18.5248013 0
18.5280008 -0.00400000019
18.5312004 -0.00400000019
18.5344009 0.00400000019
18.5376005 0
18.540801 0.00400000019
18.5440006 0
18.5472012 -0.00800000038
18.5504007 -0.00400000019
18.5536013 -0.0120000001
18.5568008 -0.0120000001
18.5600004 -0.0120000001
18.563201 -0.00400000019
18.5664005 -0.00800000038
18.5696011 -0.0120000001
18.5728006 -0.00400000019
18.5760012 -0.00400000019
18.5792007 0.00400000019
18.5824013 -0.0160000008
18.5856009 -0.0120000001
18.5888004 -0.0160000008
18.592001 -0.02400000021
18.5952005 -0.00800000038
18.5984011 -0.0160000008
18.6016006 -0.0120000001
18.6048012 -0.00400000019
18.6080008 -0.00400000019
18.6112013 -0.0120000001
18.6144009 -0.0160000008
18.6176004 0
18.620801 -0.00400000019
18.6240005 -0.00400000019
18.6272011 -0.00400000019
18.6304007 0.00400000019
18.6336012 0.0160000008
18.6368008 -0.00400000019
18.6400013 0.0120000001
18.6432009 0
18.6464005 0.00400000019
18.649601 0.00800000038
18.6528006 0.00400000019
18.6560011 0.0120000001
18.6592007 0.00800000038
18.6624012 0.00800000038
18.6656008 0.00800000038
18.6688013 0.00400000019
18.6720009 0.00400000019
18.6752005 0.00400000019
18.678401 -0.0120000001
18.6816006 0.00800000038
18.6848011 0.00800000038
18.6880007 -0.0120000001
18.6912012 0.0120000001
18.6944008 0.0120000001
18.6976013 0.0160000008
18.7008009 0.0120000001
18.7040005 0.02400000021
18.707201 0.0160000008
18.7104006 0.00800000038
18.7136011 -0.00400000019
18.7168007 0.00800000038
18.7200012 0.00400000019
18.7232008 0.0120000001
18.7264013 0.00800000038
18.7296009 0.0120000001
18.7328005 0.0200000014
18.736001 0.02400000021
18.7392006 0.0200000014
18.7424011 0.02400000021
18.7456007 0.02400000021
18.7488012 0.02400000021
18.7520008 0.03600000218
18.7552013 0.03200000152
18.7584009 0.02800000086
18.7616005 0.02800000086
18.764801 0.00800000038
18.7680006 0.03200000152
18.7712011 0.03200000152
18.7744007 0.03600000218
18.7776012 0.0200000014
18.7808008 0.03200000152
18.7840014 0.04000000283
18.7872009 0.02800000086
18.7904005 0.02400000021
18.793601 0.02400000021
18.7968006 0.0200000014
18.8000011 0.0200000014
18.8032007 0.02400000021
18.8064013 0.02400000021
18.8096008 0.00800000038
18.8128014 0.00400000019
18.8160009 0.0120000001
18.8192005 0.00800000038
18.822401 0.0160000008
18.8256006 -0.00800000038
18.8288012 0
18.8320007 0.00400000019
18.8352013 0
18.8384008 -0.00400000019
18.8416004 -0.00400000019
18.8448009 -0.0120000001
18.8480005 -0.0120000001
18.8512011 -0.00800000038
18.8544006 -0.0120000001
18.8576012 -0.00800000038
18.8608007 -0.0160000008
18.8640013 -0.0160000008
18.8672009 -0.0200000014
18.8704004 -0.0160000008
18.873601 -0.02400000021
18.8768005 -0.0160000008
18.8800011 -0.0120000001
18.8832006 -0.02400000021
18.8864012 -0.02400000021
18.8896008 -0.02400000021
18.8928013 -0.00400000019
18.8960009 -0.0200000014
18.8992004 -0.0120000001
18.902401 -0.0200000014
18.9056005 -0.0200000014
18.9088011 -0.0160000008
18.9120007 -0.0200000014
18.9152012 -0.0200000014
18.9184008 -0.0200000014
18.9216013 -0.0120000001
18.9248009 -0.00800000038
18.9280005 0.00800000038
18.931201 0.00400000019
18.9344006 0
18.9376011 0.00400000019
18.9408007 0.0120000001
18.9440012 0.0160000008
18.9472008 0.0200000014
18.9504013 0.02400000021
18.9536009 0.0200000014
18.9568005 0.04000000283
18.960001 0.0160000008
18.9632006 0.04000000283
18.9664011 0.04000000283
18.9696007 0.04400000349
18.9728012 0.05200000107
18.9760008 0.060000002384
18.9792013 0.05200000107
18.9824009 0.056000001729
18.9856005 0.060000002384
18.988801 0.06400000304
18.9920006 0.04800000042
18.9952011 0.056000001729
18.9984007 0.05200000107
19.0016012 0.05200000107
19.0048008 0.04800000042
19.0080013 0.04800000042
19.0112009 0.03600000218
19.0144005 0.03600000218
19.017601 0.04400000349
19.0208006 0.03200000152
19.0240011 0.03200000152
19.0272007 0.02400000021
19.0304012 0.0160000008
19.0336008 0.00400000019
19.0368013 0.00800000038
19.0400009 0
19.0432005 -0.00400000019
19.046401 -0.02400000021
19.0496006 -0.0120000001
19.0528011 -0.0160000008
19.0560007 -0.0200000014
19.0592012 -0.0120000001
19.0624008 -0.02800000086
19.0656013 -0.03200000152
19.0688009 -0.03600000218
19.0720005 -0.03600000218
19.075201 -0.03600000218
19.0784006 -0.03600000218
19.0816011 -0.05200000107
19.0848007 -0.04400000349
19.0880013 -0.05200000107
19.0912008 -0.03200000152
19.0944014 -0.068000003695
19.0976009 -0.072000004351
19.1008005 -0.06400000304
19.104001 -0.068000003695
19.1072006 -0.060000002384
19.1104012 -0.060000002384
19.1136007 -0.06400000304
19.1168013 -0.060000002384
19.1200008 -0.06400000304
19.1232014 -0.056000001729
19.1264009 -0.056000001729
19.1296005 -0.05200000107
19.1328011 -0.056000001729
19.1360006 -0.05200000107
19.1392012 -0.04800000042
19.1424007 -0.04800000042
19.1456013 -0.05200000107
19.1488008 -0.04800000042
19.1520014 -0.04000000283
19.155201 -0.04000000283
19.1584005 -0.03600000218
19.1616011 -0.03200000152
19.1648006 -0.03600000218
19.1680012 -0.02400000021
19.1712008 -0.03200000152
19.1744013 -0.056000001729
19.1776009 -0.0160000008
19.1808004 -0.02400000021
19.184001 -0.02800000086
19.1872005 -0.0160000008
19.1904011 -0.0160000008
19.1936007 -0.00800000038
19.1968012 -0.00400000019
19.2000008 0
19.2032013 -0.0160000008
19.2064009 -0.00800000038
19.2096004 -0.00400000019
19.212801 -0.00400000019
19.2160006 -0.00400000019
19.2192011 0
19.2224007 0.00400000019
19.2256012 0.00800000038
19.2288008 0.00400000019
19.2320013 0.00400000019
19.2352009 0.00400000019
19.2384005 0.00800000038
19.241601 0.00800000038
19.2448006 0.00800000038
19.2480011 0.0120000001
19.2512007 0.00800000038
19.2544012 0.00800000038
19.2576008 0.00800000038
19.2608013 0.0120000001
19.2640009 0.00800000038
19.2672005 0.0160000008
19.270401 0.0200000014
19.2736006 0.0200000014
19.2768011 0.0200000014
19.2800007 0.0200000014
19.2832012 0.0200000014
19.2864008 0.0200000014
19.2896013 0.0200000014
19.2928009 0.02400000021
19.2960005 0.03600000218
19.299201 0.03200000152
19.3024006 0.02400000021
19.3056011 0.02400000021
19.3088007 0.02400000021
19.3120012 0.02800000086
19.3152008 0.03200000152
19.3184013 0.02400000021
19.3216009 0.0200000014
19.3248005 0.02800000086
19.328001 0.03200000152
19.3312006 0.02800000086
19.3344011 0.02400000021
19.3376007 0.04400000349
19.3408012 0.02800000086
19.3440008 0.04400000349
19.3472013 0.03600000218
19.3504009 0.02800000086
19.3536005 0.0120000001
19.356801 0.03600000218
19.3600006 0.02400000021
19.3632011 0.02400000021
19.3664007 0.04000000283
19.3696012 0.04000000283
19.3728008 0.04400000349
19.3760014 0.04000000283
19.3792009 0.04400000349
19.3824005 0.03600000218
19.385601 0.04000000283
19.3888006 0.03600000218
19.3920012 0.03600000218
19.3952007 0.03200000152
19.3984013 0.02400000021
19.4016008 0.02800000086
19.4048014 0.0200000014
19.4080009 0.02400000021
19.4112005 0.0120000001
19.4144011 0.0200000014
19.4176006 0.00800000038
19.4208012 0.0120000001
19.4240007 0.0200000014
19.4272013 0.00400000019
19.4304008 0
19.4336014 0
19.436801 0.00400000019
19.4400005 -0.00400000019
19.4432011 -0.0120000001
19.4464006 -0.00800000038
19.4496012 -0.0120000001
19.4528008 -0.0160000008
19.4560013 -0.0200000014
19.4592009 -0.0200000014
19.4624014 -0.02400000021
19.465601 -0.0200000014
19.4688005 -0.02400000021
19.4720011 -0.04000000283
19.4752007 -0.0200000014
19.4784012 -0.02800000086
19.4816008 -0.02400000021
19.4848013 -0.02400000021
19.4880009 -0.02400000021
19.4912014 -0.03200000152
19.494401 -0.03600000218
19.4976006 -0.02400000021
19.5008011 -0.03200000152
19.5040007 -0.02400000021
19.5072012 -0.02800000086
19.5104008 -0.02400000021
19.5136013 -0.0200000014
19.5168009 -0.0200000014
19.5200005 -0.00800000038
19.523201 -0.0120000001
19.5264006 -0.0200000014
19.5296011 -0.0160000008
19.5328007 -0.00400000019
19.5360012 -0.0120000001
19.5392008 -0.0120000001
19.5424013 -0.00400000019
19.5456009 -0.0160000008
19.5488005 -0.00800000038
19.552001 0.00400000019
19.5552006 -0.00400000019
19.5584011 -0.00800000038
19.5616007 -0.00400000019
19.5648012 -0.0120000001
19.5680008 0.00400000019
19.5712013 0.00400000019
19.5744009 0.02400000021
19.5776005 0
19.580801 0.00800000038
19.5840006 0.00800000038
19.5872011 0.00800000038
19.5904007 0.00800000038
19.5936012 0.00400000019
19.5968008 0.0160000008
19.6000013 0.00800000038
19.6032009 0.0120000001
19.6064005 0.00400000019
19.609601 0.0120000001
19.6128006 0.00800000038
19.6160011 0.00400000019
19.6192007 0.0200000014
19.6224012 0.0120000001
19.6256008 0.0160000008
19.6288013 0.00800000038
19.6320009 0.00800000038
19.6352005 0.0120000001
19.638401 0.0160000008
19.6416006 0.0120000001
19.6448011 0.0120000001
19.6480007 0.00800000038
19.6512012 0.00800000038
19.6544008 0.00800000038
19.6576014 0
19.6608009 0.00800000038
19.6640005 0.00400000019
19.667201 0.00400000019
19.6704006 0.00800000038
19.6736012 0
19.6768007 -0.00400000019
19.6800013 -0.00800000038
19.6832008 0
19.6864014 0
19.6896009 -0.00400000019
19.6928005 0
19.6960011 0
19.6992006 -0.00800000038
19.7024012 0
19.7056007 0
19.7088013 -0.00800000038
19.7120008 0.00400000019
19.7152014 -0.0120000001
19.718401 0
19.7216005 -0.0120000001
19.7248011 -0.00800000038
19.7280006 -0.0120000001
19.7312012 -0.00800000038
19.7344007 -0.0120000001
19.7376013 -0.0200000014
19.7408009 -0.0200000014
19.7440014 -0.00800000038
19.747201 -0.0120000001
19.7504005 -0.00400000019
19.7536011 -0.00400000019
19.7568007 0.00800000038
19.7600012 -0.00800000038
19.7632008 -0.00800000038
19.7664013 -0.00400000019
19.7696009 0.0160000008
19.7728014 -0.0120000001
19.776001 0
19.7792006 -0.00400000019
19.7824011 0
19.7856007 0.00400000019
19.7888012 0.0120000001
19.7920008 0.0160000008
19.7952013 0.0120000001
19.7984009 0.02800000086
19.8016014 0.03200000152
19.804801 0.04000000283
19.8080006 0.03600000218
19.8112011 0.04400000349
19.8144007 0.056000001729
19.8176012 0.06400000304
19.8208008 0.060000002384
19.8240013 0.068000003695
19.8272009 0.076000005007
19.8304005 0.076000005007
19.833601 0.076000005007
19.8368006 0.084000006318
19.8400011 0.080000005662
19.8432007 0.092000007629
19.8464012 0.1000000015
19.8496008 0.096000000834
19.8528013 0.1200000048
19.8560009 0.1040000021
19.8592005 0.1160000041
19.862401 0.1000000015
19.8656006 0.1000000015
19.8688011 0.1000000015
19.8720007 0.1040000021
19.8752012 0.1040000021
19.8784008 0.05200000107
19.8816013 0.1000000015
19.8848009 0.096000000834
19.8880005 0.096000000834
19.891201 0.088000006974
19.8944006 0.096000000834
19.8976011 0.084000006318
19.9008007 0.084000006318
19.9040012 0.068000003695
19.9072008 0.06400000304
19.9104013 0.068000003695
19.9136009 0.05200000107
19.9168005 0.056000001729
19.920001 0.04400000349
19.9232006 0.04400000349
19.9264011 0.04000000283
19.9296007 0.03600000218
19.9328012 0.00400000019
19.9360008 0.03600000218
19.9392014 0.02400000021
19.9424009 0.0120000001
19.9456005 0.00800000038
19.948801 0.00400000019
19.9520006 -0.00800000038
19.9552011 -0.00400000019
19.9584007 -0.03600000218
19.9616013 -0.0200000014
19.9648008 -0.02800000086
19.9680014 -0.03200000152
19.9712009 -0.04000000283
19.9744005 -0.04400000349
19.9776011 -0.04800000042
19.9808006 -0.056000001729
19.9840012 -0.04800000042
19.9872007 -0.04000000283
19.9904013 -0.05200000107
19.9936008 -0.068000003695
19.9968014 -0.056000001729
20.000001 -0.060000002384
20.0032005 -0.068000003695
20.0064011 -0.06400000304
20.0096006 -0.068000003695
20.0128012 -0.06400000304
20.0160007 -0.072000004351
20.0192013 -0.05200000107
20.0224009 -0.068000003695
20.0256014 -0.068000003695
20.028801 -0.06400000304
20.0320005 -0.060000002384
20.0352011 -0.06400000304
20.0384007 -0.068000003695
20.0416012 -0.060000002384
20.0448008 -0.060000002384
20.0480013 -0.05200000107
20.0512009 -0.06400000304
20.0544014 -0.060000002384
20.057601 -0.04400000349
20.0608006 -0.05200000107
20.0640011 -0.060000002384
20.0672007 -0.056000001729
20.0704012 -0.060000002384
20.0736008 -0.060000002384
20.0768013 -0.03600000218
20.0800009 -0.04800000042
20.0832014 -0.056000001729
20.086401 -0.05200000107
20.0896006 -0.03600000218
20.0928011 -0.04400000349
20.0960007 -0.04000000283
20.0992012 -0.03200000152
20.1024008 -0.03200000152
20.1056013 -0.03600000218
20.1088009 -0.02800000086
20.1120014 -0.02800000086
20.115201 -0.02400000021
20.1184006 -0.0160000008
20.1216011 -0.0200000014
20.1248007 -0.0120000001
20.1280012 -0.0160000008
20.1312008 -0.0120000001
20.1344013 0
20.1376009 -0.0160000008
20.1408014 -0.00800000038
20.144001 0.00400000019
20.1472006 0.00800000038
20.1504011 0.00400000019
20.1536007 0.00400000019
20.1568012 0
20.1600008 0.0120000001
20.1632013 0.0120000001
20.1664009 0.0120000001
20.1696005 0.0120000001
20.172801 0.0160000008
20.1760006 0.02400000021
20.1792011 0.02800000086
20.1824007 0.0160000008
20.1856012 0.0200000014
20.1888008 0.03200000152
20.1920013 0.03600000218
20.1952009 0.02800000086
20.1984005 0.02400000021
20.201601 0.0160000008
20.2048006 0.02400000021
20.2080011 0.0200000014
20.2112007 0.02400000021
20.2144012 0.0120000001
20.2176008 0.0200000014
20.2208014 0.02400000021
20.2240009 0.0160000008
20.2272005 0.0120000001
20.230401 0.02400000021
20.2336006 0.02800000086
20.2368011 0.02400000021
20.2400007 0.0160000008
20.2432013 0.0160000008
20.2464008 0.0160000008
20.2496014 0.0160000008
20.2528009 0.00400000019
20.2560005 0.00800000038
20.259201 0.00400000019
20.2624006 0.00400000019
20.2656012 0.00800000038
20.2688007 0.00800000038
20.2720013 0
20.2752008 0.00800000038
20.2784014 0
20.281601 -0.00400000019
20.2848005 -0.00800000038
20.2880011 -0.0120000001
20.2912006 -0.0160000008
20.2944012 -0.00800000038
20.2976007 -0.0160000008
20.3008013 -0.0160000008
20.3040009 -0.0120000001
20.3072014 -0.0160000008
20.310401 -0.0200000014
20.3136005 -0.00800000038
20.3168011 -0.04000000283
20.3200006 -0.00800000038
20.3232012 -0.0200000014
20.3264008 -0.02800000086
20.3296013 -0.02800000086
20.3328009 -0.02800000086
20.3360014 -0.03200000152
20.339201 -0.0200000014
20.3424006 -0.0200000014
20.3456011 -0.0200000014
20.3488007 -0.0200000014
20.3520012 -0.0120000001
20.3552008 -0.0200000014
20.3584013 -0.0120000001
20.3616009 -0.0120000001
20.3648014 -0.0120000001
20.368001 -0.0120000001
20.3712006 -0.00800000038
20.3744011 -0.02400000021
20.3776007 -0.00400000019
20.3808012 -0.0120000001
20.3840008 -0.0120000001
20.3872013 -0.00800000038
20.3904009 -0.00800000038
20.3936014 0
20.396801 -0.00800000038
20.4000006 0.00400000019
20.4032011 -0.00800000038
20.4064007 -0.00400000019
20.4096012 -0.00400000019
20.4128008 -0.00400000019
20.4160013 -0.00800000038
20.4192009 0.00400000019
20.4224014 0
20.425601 0
20.4288006 0.00400000019
20.4320011 0.00800000038
20.4352007 0.00800000038
20.4384012 0
20.4416008 0.00800000038
20.4448013 0.00800000038
20.4480009 0.00800000038
20.4512014 0.0160000008
20.454401 0.0160000008
20.4576006 0.00800000038
20.4608011 0.0160000008
20.4640007 0.0120000001
20.4672012 0.02400000021
20.4704008 0.02800000086
20.4736013 0.0120000001
20.4768009 0.0160000008
20.4800014 0.02800000086
20.483201 0.02400000021
20.4864006 0.03200000152
20.4896011 0.02800000086
20.4928007 0.03200000152
20.4960012 0.03200000152
20.4992008 0.02800000086
20.5024014 0.02800000086
20.5056009 0.02400000021
20.5088005 0.02800000086
20.512001 0.02800000086
20.5152006 0.02800000086
20.5184011 0.0120000001
20.5216007 0.02400000021
20.5248013 0.0200000014
20.5280008 -0.0160000008
20.5312014 0.0200000014
20.5344009 0.0160000008
20.5376005 0.0200000014
20.540801 0.00800000038
20.5440006 0.00400000019
20.5472012 0.00800000038
20.5504007 0.0120000001
20.5536013 0.0120000001
20.5568008 0.00800000038
20.5600014 0.0200000014
20.563201 0.0120000001
20.5664005 0.00800000038
20.5696011 0.0120000001
20.5728006 0.0120000001
20.5760012 0.0120000001
20.5792007 0.00800000038
20.5824013 0.00800000038
20.5856009 0.00800000038
20.5888014 0.00800000038
20.592001 0.0200000014
20.5952005 0.00400000019
20.5984011 0.00800000038
20.6016006 0.00800000038
20.6048012 0.0160000008
20.6080008 0.0120000001
20.6112013 0.0160000008
20.6144009 0.02800000086
20.6176014 0.02800000086
20.620801 0.0160000008
20.6240005 0.0200000014
20.6272011 0.0200000014
20.6304007 0.0200000014
20.6336012 0.02400000021
20.6368008 0.04000000283
20.6400013 0.02400000021
20.6432009 0.02800000086
20.6464014 0.03200000152
20.649601 0.03200000152
20.6528006 0.03600000218
20.6560011 0.04400000349
20.6592007 0.04400000349
20.6624012 0.056000001729
20.6656008 0.060000002384
20.6688013 0.056000001729
20.6720009 0.04800000042
20.6752014 0.068000003695
20.678401 0.076000005007
20.6816006 0.084000006318
20.6848011 0.088000006974
20.6880007 0.092000007629
20.6912012 0.092000007629
20.6944008 0.1000000015
20.6976013 0.1040000021
20.7008009 0.1080000028
20.7040014 0.1080000028
20.707201 0.084000006318
20.7104006 0.1000000015
20.7136011 0.1080000028
20.7168007 0.1120000035
20.7200012 0.1400000006
20.7232008 0.1040000021
20.7264013 0.1040000021
20.7296009 0.1040000021
20.7328014 0.1000000015
20.736001 0.096000000834
20.7392006 0.092000007629
20.7424011 0.092000007629
20.7456007 0.080000005662
20.7488012 0.076000005007
20.7520008 0.080000005662
20.7552013 0.076000005007
20.7584009 0.076000005007
20.7616014 0.060000002384
20.764801 0.056000001729
20.7680006 0.04400000349
20.7712011 0.04400000349
20.7744007 0.03600000218
20.7776012 0.03600000218
20.7808008 0.04000000283
20.7840014 0.02400000021
20.7872009 0.0160000008
20.7904015 0.00800000038
20.793601 0.0120000001
20.7968006 0.00400000019
20.8000011 0.00400000019
20.8032007 -0.00800000038
20.8064013 -0.02400000021
20.8096008 -0.03200000152
20.8128014 -0.03600000218
20.8160009 -0.06400000304
20.8192005 -0.080000005662
20.822401 -0.080000005662
20.8256006 -0.092000007629
20.8288012 -0.1000000015
20.8320007 -0.1120000035
20.8352013 -0.1280000061
20.8384008 -0.1319999993
20.8416014 -0.1480000019
20.8448009 -0.1480000019
20.8480005 -0.1280000061
20.8512011 -0.15600000322
20.8544006 -0.16000001132
20.8576012 -0.15600000322
20.8608007 -0.1480000019
20.8640013 -0.16400000453
20.8672009 -0.15600000322
20.8704014 -0.15200001001
20.873601 -0.16400000453
20.8768005 -0.15200001001
20.8800011 -0.1440000087
20.8832006 -0.15200001001
20.8864012 -0.1480000019
20.8896008 -0.1440000087
20.8928013 -0.1440000087
20.8960009 -0.1360000074
20.8992014 -0.1400000006
20.902401 -0.1240000054
20.9056005 -0.1200000048
20.9088011 -0.1120000035
20.9120007 -0.1120000035
20.9152012 -0.1040000021
20.9184008 -0.1000000015
20.9216013 -0.096000000834
20.9248009 -0.088000006974
20.9280014 -0.088000006974
20.931201 -0.076000005007
20.9344006 -0.080000005662
20.9376011 -0.060000002384
20.9408007 -0.076000005007
20.9440012 -0.060000002384
20.9472008 -0.06400000304
20.9504013 -0.05200000107
20.9536009 -0.03200000152
20.9568014 -0.03600000218
20.960001 -0.03600000218
20.9632006 -0.02800000086
20.9664011 -0.0160000008
20.9696007 -0.0200000014
20.9728012 0
20.9760008 -0.00800000038
20.9792013 0.0120000001
20.9824009 0.00800000038
20.9856014 0.0120000001
20.988801 0.0200000014
20.9920006 0.02400000021
20.9952011 0.03600000218
20.9984007 0.02400000021
21.0016012 0.03200000152
21.0048008 0.03200000152
21.0080013 0.04400000349
21.0112009 0.04000000283
21.0144014 0.04800000042
21.017601 0.056000001729
21.0208006 0.060000002384
21.0240011 0.04000000283
21.0272007 0.056000001729
21.0304012 0.05200000107
21.0336008 0.068000003695
21.0368013 0.056000001729
21.0400009 0.068000003695
21.0432014 0.06400000304
21.046401 0.072000004351
21.0496006 0.060000002384
21.0528011 0.06400000304
21.0560007 0.06400000304
21.0592012 0.056000001729
21.0624008 0.056000001729
21.0656013 0.056000001729
21.0688009 0.060000002384
21.0720015 0.056000001729
21.075201 0.060000002384
21.0784006 0.05200000107
21.0816011 0.056000001729
21.0848007 0.04800000042
21.0880013 0.05200000107
21.0912008 0.05200000107
21.0944014 0.03600000218
21.0976009 0.04000000283
21.1008015 0.03600000218
21.104001 0.04800000042
21.1072006 0.04400000349
21.1104012 0.04000000283
21.1136007 0.03200000152
21.1168013 0.03600000218
21.1200008 0.04000000283
21.1232014 0.04000000283
21.1264009 0.04000000283
21.1296015 0.03600000218
21.1328011 0.03600000218
21.1360006 0.04000000283
21.1392012 0.03600000218
21.1424007 0.04000000283
21.1456013 0.03600000218
21.1488008 0.04800000042
21.1520014 0.04000000283
21.155201 0.04000000283
21.1584005 0.04400000349
21.1616011 0.03200000152
21.1648006 0.02800000086
21.1680012 0.03600000218
21.1712008 0.04000000283
21.1744013 0.03200000152
21.1776009 0.02800000086
21.1808014 0.02800000086
21.184001 0.04000000283
21.1872005 0.03200000152
21.1904011 0.02800000086
21.1936007 0.02400000021
21.1968012 0.0160000008
21.2000008 0.02800000086
21.2032013 0.0200000014
21.2064009 0.02400000021
21.2096014 0.0120000001
21.212801 0.00800000038
21.2160006 0.0120000001
21.2192011 0.00800000038
21.2224007 0.00400000019
21.2256012 0.00800000038
21.2288008 0.00800000038
21.2320013 0.00400000019
21.2352009 -0.00400000019
21.2384014 -0.00400000019
21.241601 -0.0120000001
21.2448006 -0.0160000008
21.2480011 -0.0160000008
21.2512007 -0.0200000014
21.2544012 -0.0120000001
21.2576008 -0.02400000021
21.2608013 -0.03600000218
21.2640009 -0.04400000349
21.2672014 -0.03200000152
21.270401 -0.03200000152
21.2736006 -0.04000000283
21.2768011 -0.03600000218
21.2800007 -0.04400000349
21.2832012 -0.03600000218
21.2864008 -0.03200000152
21.2896013 -0.04000000283
21.2928009 -0.04000000283
21.2960014 -0.04000000283
21.299201 -0.04000000283
21.3024006 -0.04400000349
21.3056011 -0.03600000218
21.3088007 -0.03200000152
21.3120012 -0.04000000283
21.3152008 -0.05200000107
21.3184013 -0.03200000152
21.3216009 -0.05200000107
21.3248014 -0.02400000021
21.328001 -0.03200000152
21.3312006 -0.02400000021
21.3344011 -0.02800000086
21.3376007 -0.0200000014
21.3408012 -0.02800000086
21.3440008 -0.0200000014
21.3472013 -0.03600000218
21.3504009 -0.02400000021
21.3536015 -0.02400000021
21.356801 -0.0160000008
21.3600006 -0.02800000086
21.3632011 -0.0200000014
21.3664007 -0.0200000014
21.3696012 -0.0160000008
21.3728008 -0.02400000021
21.3760014 -0.02800000086
21.3792009 -0.02400000021
21.3824015 -0.0200000014
21.385601 -0.0200000014
21.3888006 -0.0200000014
21.3920012 0
21.3952007 -0.0160000008
21.3984013 -0.0200000014
21.4016008 -0.0200000014
21.4048014 -0.0160000008
21.4080009 -0.02400000021
21.4112015 -0.0200000014
21.4144011 -0.02800000086
21.4176006 -0.03200000152
21.4208012 -0.0160000008
21.4240007 -0.0200000014
21.4272013 -0.02400000021
21.4304008 -0.0200000014
21.4336014 -0.0120000001
21.436801 -0.0200000014
21.4400015 -0.02800000086
21.4432011 -0.0200000014
21.4464006 -0.0200000014
21.4496012 -0.0200000014
21.4528008 -0.0200000014
21.4560013 -0.0160000008
21.4592009 -0.02800000086
21.4624014 -0.00800000038
21.465601 -0.0120000001
21.4688005 -0.00800000038
21.4720011 0
21.4752007 0.00800000038
21.4784012 0.0160000008
21.4816008 0.0160000008
21.4848013 0.02400000021
21.4880009 0.02400000021
21.4912014 0.02800000086
21.494401 0.04000000283
21.4976006 0.04800000042
21.5008011 0.060000002384
21.5040007 0.056000001729
21.5072012 0.05200000107
21.5104008 0.068000003695
21.5136013 0.072000004351
21.5168009 0.076000005007
21.5200014 0.096000000834
21.523201 0.096000000834
21.5264006 0.092000007629
21.5296011 0.096000000834
21.5328007 0.096000000834
21.5360012 0.1000000015
21.5392008 0.1160000041
21.5424013 0.1000000015
21.5456009 0.1160000041
21.5488014 0.1040000021
21.552001 0.1040000021
21.5552006 0.1000000015
21.5584011 0.1040000021
21.5616007 0.1040000021
21.5648012 0.1120000035
21.5680008 0.096000000834
21.5712013 0.080000005662
21.5744009 0.084000006318
21.5776014 0.076000005007
21.580801 0.072000004351
21.5840006 0.076000005007
21.5872011 0.05200000107
21.5904007 0.04800000042
21.5936012 0.04400000349
21.5968008 0.02800000086
21.6000013 0.02800000086
21.6032009 0.0200000014
21.6064014 0.0120000001
21.609601 0.00400000019
21.6128006 0.00400000019
21.6160011 -0.00800000038
21.6192007 -0.0160000008
21.6224012 -0.0200000014
21.6256008 -0.02800000086
21.6288013 -0.03200000152
21.6320009 -0.04000000283
21.6352015 -0.076000005007
21.638401 -0.060000002384
21.6416006 -0.04800000042
21.6448011 -0.056000001729
21.6480007 -0.060000002384
21.6512012 -0.06400000304
21.6544008 -0.05200000107
21.6576014 -0.04800000042
21.6608009 -0.060000002384
21.6640015 -0.05200000107
21.667201 -0.060000002384
21.6704006 -0.06400000304
21.6736012 -0.060000002384
21.6768007 -0.056000001729
21.6800013 -0.060000002384
21.6832008 -0.056000001729
21.6864014 -0.076000005007
21.6896009 -0.04800000042
21.6928015 -0.04800000042
21.6960011 -0.04400000349
21.6992006 -0.04000000283
21.7024012 -0.04000000283
21.7056007 -0.03200000152
21.7088013 -0.03200000152
21.7120008 -0.03600000218
21.7152014 -0.03200000152
21.718401 -0.04000000283
21.7216015 -0.03200000152
21.7248011 -0.02400000021
21.7280006 -0.00800000038
21.7312012 -0.02800000086
21.7344007 -0.0160000008
21.7376013 -0.0120000001
21.7408009 -0.02800000086
21.7440014 -0.0120000001
21.747201 -0.0160000008
21.7504015 -0.0160000008
21.7536011 -0.0160000008
21.7568007 -0.00800000038
21.7600012 -0.0160000008
21.7632008 -0.0120000001
21.7664013 -0.00400000019
21.7696009 -0.0120000001
21.7728014 -0.0160000008
21.776001 -0.0120000001
21.7792015 0
21.7824011 0
21.7856007 0.00800000038
21.7888012 0.0120000001
21.7920008 0.00400000019
21.7952013 0.00400000019
21.7984009 0.0120000001
21.8016014 0.0160000008
21.804801 0.0200000014
21.8080006 0.02400000021
21.8112011 0.02800000086
21.8144007 0.02400000021
21.8176012 0.02800000086
21.8208008 0.04000000283
21.8240013 0.04000000283
21.8272009 0.04000000283
21.8304014 0.03600000218
21.833601 0.03600000218
21.8368006 0.02400000021
21.8400011 0.03600000218
21.8432007 0.04400000349
21.8464012 0.04400000349
21.8496008 0.04800000042
21.8528013 0.056000001729
21.8560009 0.072000004351
21.8592014 0.04400000349
21.862401 0.04800000042
21.8656006 0.04800000042
21.8688011 0.05200000107
21.8720007 0.056000001729
21.8752012 0.056000001729
21.8784008 0.05200000107
21.8816013 0.05200000107
21.8848009 0.056000001729
21.8880014 0.05200000107
21.891201 0.04400000349
21.8944006 0.03600000218
21.8976011 0.072000004351
21.9008007 0.05200000107
21.9040012 0.02800000086
21.9072008 0.072000004351
21.9104013 0.03600000218
21.9136009 0.02800000086
21.9168015 0.04000000283
21.920001 0.0160000008
21.9232006 0.00800000038
21.9264011 0.0120000001
21.9296007 0.00800000038
21.9328012 0.00400000019
21.9360008 -0.00800000038
21.9392014 -0.0120000001
21.9424009 -0.0120000001
21.9456015 -0.0120000001
21.948801 -0.0160000008
21.9520006 -0.02400000021
21.9552011 -0.0120000001
21.9584007 -0.02400000021
21.9616013 -0.02800000086
21.9648008 -0.02400000021
21.9680014 -0.06400000304
21.9712009 -0.03600000218
21.9744015 -0.03200000152
21.9776011 -0.03200000152
21.9808006 -0.05200000107
21.9840012 -0.04400000349
21.9872007 -0.04400000349
21.9904013 -0.04400000349
21.9936008 -0.04800000042
21.9968014 -0.04000000283
22.000000954 -0.04800000042
22.003201485 -0.04400000349
22.006401062 -0.04400000349
22.009600639 -0.1000000015
22.01280117 -0.04800000042
22.016000748 -0.04400000349
22.019201279 -0.04800000042
22.022400856 -0.04400000349
22.025601387 -0.04800000042
22.028800964 -0.04000000283
22.032001495 -0.04400000349
22.035201073 -0.04400000349
22.03840065 -0.03600000218
22.041601181 -0.03600000218
22.044800758 -0.03200000152
22.048001289 -0.04000000283
22.051200867 -0.04800000042
22.054401398 -0.03600000218
22.057600975 -0.02800000086
22.060801506 -0.056000001729
22.064001083 -0.04000000283
22.067200661 -0.03600000218
22.070401192 -0.04000000283
22.073600769 -0.03600000218
22.0768013 -0.03600000218
22.080000877 -0.02800000086
22.083201408 -0.02800000086
22.086400986 -0.03200000152
22.089601517 -0.03200000152
22.092801094 -0.02800000086
22.096000671 -0.04000000283
22.099201202 -0.02800000086
22.10240078 -0.03600000218
22.105601311 -0.03200000152
22.108800888 -0.0160000008
22.112001419 -0.02800000086
22.115200996 -0.02400000021
22.118400574 -0.02400000021
22.121601105 -0.0120000001
22.124800682 -0.0160000008
22.128001213 -0.0120000001
22.13120079 -0.0200000014
22.134401321 -0.0160000008
22.137600899 -0.00800000038
22.14080143 -0.00400000019
22.144001007 -0.00400000019
22.147200584 0
22.150401115 -0.00400000019
22.153600693 -0.0120000001
22.156801224 -0.00800000038
22.160000801 -0.00800000038
22.163201332 -0.00800000038
22.166400909 0
22.16960144 -0.00400000019
22.172801018 -0.0160000008
22.176000595 -0.0120000001
22.179201126 -0.00400000019
22.182400703 -0.00400000019
22.185601234 -0.00400000019
22.188800812 0
22.192001343 0
22.19520092 -0.00400000019
22.198401451 0.0160000008
22.201601028 0.00400000019
22.204800606 0.00400000019
22.208001137 0.0120000001
22.211200714 0.0160000008
22.214401245 0.00400000019
22.217600822 0.0120000001
22.220801353 0.0120000001
22.224000931 0.00800000038
22.227201462 0.00800000038
22.230401039 0.0160000008
22.233600616 0.00400000019
22.236801147 0.0160000008
22.240000725 0.0160000008
22.243201256 0.03200000152
22.246400833 0.02400000021
22.249601364 0.02800000086
22.252800941 0.02800000086
22.256001472 0.03600000218
22.25920105 0.03600000218
22.262400627 0.04000000283
22.265601158 0.04800000042
22.268800735 0.04800000042
22.272001266 0.05200000107
22.275200844 0.04800000042
22.278401375 0.068000003695
22.281600952 0.076000005007
22.284801483 0.084000006318
22.28800106 0.080000005662
22.291200638 0.088000006974
22.294401169 0.1040000021
22.297600746 0.1120000035
22.300801277 0.1080000028
22.304000854 0.1120000035
22.307201385 0.1120000035
22.310400963 0.1280000061
22.313601494 0.1319999993
22.316801071 0.1319999993
22.320000648 0.1440000087
22.32320118 0.1440000087
22.326400757 0.1480000019
22.329601288 0.15200001001
22.332800865 0.1360000074
22.336001396 0.15200001001
22.339200974 0.15200001001
22.342401505 0.1480000019
22.345601082 0.1400000006
22.348800659 0.1440000087
22.35200119 0.1400000006
22.355200768 0.1319999993
22.358401299 0.1280000061
22.361600876 0.1280000061
22.364801407 0.1120000035
22.368000984 0.1160000041
22.371201515 0.1040000021
22.374401093 0.096000000834
22.37760067 0.080000005662
22.380801201 0.084000006318
22.384000778 0.06400000304
22.387201309 0.060000002384
22.390400887 0.060000002384
22.393601418 0.04000000283
22.396800995 0.04000000283
22.400001526 0.02400000021
22.403201103 0.0120000001
22.406400681 0.00800000038
22.409601212 -0.00800000038
22.412800789 -0.0200000014
22.41600132 -0.0200000014
22.419200897 -0.03600000218
22.422401428 -0.04000000283
22.425601006 -0.04800000042
22.428801537 -0.04800000042
22.432001114 -0.056000001729
22.435200691 -0.068000003695
22.438401222 -0.076000005007
22.4416008 -0.080000005662
22.444801331 -0.088000006974
22.448000908 -0.084000006318
22.451201439 -0.096000000834
22.454401016 -0.092000007629
22.457600594 -0.1080000028
22.460801125 -0.096000000834
22.464000702 -0.1080000028
22.467201233 -0.096000000834
22.47040081 -0.1080000028
22.473601341 -0.1120000035
22.476800919 -0.1040000021
22.48000145 -0.1040000021
22.483201027 -0.1120000035
22.486400604 -0.1040000021
22.489601135 -0.1080000028
22.492800713 -0.1080000028
22.496001244 -0.1080000028
22.499200821 -0.1080000028
22.502401352 -0.1040000021
22.505600929 -0.096000000834
22.50880146 -0.1040000021
22.512001038 -0.096000000834
22.515200615 -0.1040000021
22.518401146 -0.1000000015
22.521600723 -0.084000006318
22.524801254 -0.096000000834
22.528000832 -0.088000006974
22.531201363 -0.084000006318
22.53440094 -0.084000006318
22.537601471 -0.080000005662
22.540801048 -0.072000004351
22.544000626 -0.068000003695
22.547201157 -0.06400000304
22.550400734 -0.056000001729
22.553601265 -0.056000001729
22.556800842 -0.04800000042
22.560001373 -0.056000001729
22.563200951 -0.04400000349
22.566401482 -0.03600000218
22.569601059 -0.02800000086
22.572800636 -0.02800000086
22.576001167 -0.02400000021
22.579200745 -0.0200000014
22.582401276 -0.0200000014
22.585600853 -0.0160000008
22.588801384 -0.0120000001
22.592000961 -0.0120000001
22.595201492 -0.00400000019
22.59840107 -0.0200000014
22.601600647 0.00800000038
22.604801178 0.00800000038
22.608000755 0.00800000038
22.611201286 0.0120000001
22.614400864 0.02400000021
22.617601395 0.00800000038
22.620800972 0.00800000038
22.624001503 0.0160000008
22.62720108 0.0200000014
22.630400658 0.02400000021
22.633601189 0.0200000014
22.636800766 0.02400000021
22.640001297 0.04000000283
22.643200874 0.03200000152
22.646401405 0.02400000021
22.649600983 0.0200000014
22.652801514 0.03600000218
22.656001091 0.0120000001
22.659200668 0.02400000021
22.662401199 0.02400000021
22.665600777 0.02800000086
22.668801308 0.02400000021
22.672000885 0.02400000021
22.675201416 0.0200000014
22.678400993 0.02800000086
22.681601524 0.0120000001
22.684801102 0.0160000008
22.688000679 0.02400000021
22.69120121 0.0200000014
22.694400787 0.02800000086
22.697601318 0.02400000021
22.700800896 0.0160000008
22.704001427 0.0200000014
22.707201004 0.0160000008
22.710401535 0.0160000008
22.713601112 0.0120000001
22.71680069 0.00800000038
22.720001221 0.0120000001
22.723200798 0.0160000008
22.726401329 0.0120000001
22.729600906 0.0120000001
22.732801437 0.0160000008
22.736001015 0.0160000008
22.739201546 0.00400000019
22.742401123 0.00800000038
22.7456007 0.00800000038
22.748801231 0.0120000001
22.752000809 0.00400000019
22.75520134 0.0120000001
22.758400917 0.00800000038
22.761601448 0.0120000001
22.764801025 -0.00800000038
22.768001556 0.00800000038
22.771201134 0
22.774400711 0.0120000001
22.777601242 0.00800000038
22.780800819 0
22.78400135 -0.00400000019
22.787200928 0
22.790401459 -0.00400000019
22.793601036 -0.02800000086
22.796800613 0
22.800001144 0
22.803200722 -0.00800000038
22.806401253 -0.00400000019
22.80960083 -0.0120000001
22.812801361 -0.0120000001
22.816000938 -0.0160000008
22.819201469 -0.02800000086
22.822401047 -0.02400000021
22.825600624 -0.0160000008
22.828801155 -0.0200000014
22.832000732 -0.0200000014
22.835201263 -0.0120000001
22.838400841 -0.0200000014
22.841601372 -0.0160000008
22.844800949 -0.03600000218
22.84800148 -0.0200000014
22.851201057 -0.0200000014
22.854400635 0
22.857601166 -0.0160000008
22.860800743 -0.0120000001
22.864001274 -0.0120000001
22.867200851 -0.0160000008
22.870401382 -0.0200000014
22.87360096 -0.0160000008
22.876801491 -0.0120000001
22.880001068 -0.0160000008
22.883200645 -0.0160000008
22.886401176 -0.0160000008
22.889600754 -0.0120000001
22.892801285 -0.0160000008
22.896000862 -0.03600000218
22.899201393 -0.00400000019
22.90240097 -0.00400000019
22.905601501 -0.00800000038
22.908801079 -0.00800000038
22.912000656 0
22.915201187 0
22.918400764 0.0120000001
22.921601295 0.00800000038
22.924800873 0.0200000014
22.928001404 0.0120000001
22.931200981 0.0200000014
22.934401512 0.0160000008
22.937601089 0.02400000021
22.940800667 0.0120000001
22.944001198 0.03600000218
22.947200775 0.0200000014
22.950401306 0.02400000021
22.953600883 0.0200000014
22.956801414 0.0160000008
22.960000992 0.03600000218
22.963201523 0.02400000021
22.9664011 0.0120000001
22.969600677 0.0200000014
22.972801208 0.0120000001
22.976000786 0.00400000019
22.979201317 0.00400000019
22.982400894 0.00800000038
22.985601425 0.00800000038
22.988801003 0.00400000019
22.992001534 -0.00800000038
22.995201111 -0.00400000019
22.998400688 0
23.001601219 -0.00800000038
23.004800797 -0.0120000001
23.008001328 -0.0120000001
23.011200905 -0.00800000038
23.014401436 -0.00800000038
23.017601013 -0.0120000001
23.020801544 -0.0120000001
23.024001122 -0.00800000038
23.027200699 -0.00800000038
23.03040123 -0.0200000014
23.033600807 -0.0120000001
23.036801338 -0.03600000218
23.040000916 -0.03200000152
23.043201447 -0.04000000283
23.046401024 -0.04400000349
23.049601555 -0.05200000107
23.052801132 -0.060000002384
23.05600071 -0.076000005007
23.059201241 -0.076000005007
23.062400818 -0.072000004351
23.065601349 -0.068000003695
23.068800926 -0.072000004351
23.072001457 -0.076000005007
23.075201035 -0.072000004351
23.078401566 -0.068000003695
23.081601143 -0.068000003695
23.08480072 -0.05200000107
23.088001251 -0.04800000042
23.091200829 -0.03200000152
23.09440136 -0.03200000152
23.097600937 -0.02400000021
23.100801468 -0.0200000014
23.104001045 0
23.107200623 0.00800000038
23.110401154 0.0120000001
23.113600731 0.0200000014
23.116801262 0.04000000283
23.120000839 0.056000001729
23.12320137 0.056000001729
23.126400948 0.072000004351
23.129601479 0.076000005007
23.132801056 0.080000005662
23.136000633 0.088000006974
23.139201164 0.1000000015
23.142400742 0.1040000021
23.145601273 0.1240000054
23.14880085 0.1120000035
23.152001381 0.1120000035
23.155200958 0.1160000041
23.158401489 0.1040000021
23.161601067 0.1160000041
23.164800644 0.1160000041
23.168001175 0.1080000028
23.171200752 0.1120000035
23.174401283 0.1000000015
23.177600861 0.096000000834
23.180801392 0.096000000834
23.184000969 0.084000006318
23.1872015 0.080000005662
23.190401077 0.080000005662
23.193600655 0.068000003695
23.196801186 0.068000003695
23.200000763 0.04800000042
23.203201294 0.04400000349
23.206400871 0.04400000349
23.209601402 0.03200000152
23.21280098 0.02800000086
23.216001511 0.02400000021
23.219201088 0.00800000038
23.222400665 0.00400000019
23.225601196 0
23.228800774 -0.00400000019
23.232001305 -0.0120000001
23.235200882 -0.0200000014
23.238401413 -0.0120000001
23.24160099 -0.03200000152
23.244801521 -0.02800000086
23.248001099 -0.03600000218
23.251200676 -0.04800000042
23.254401207 -0.056000001729
23.257600784 -0.056000001729
23.260801315 -0.068000003695
23.264000893 -0.068000003695
23.267201424 -0.072000004351
23.270401001 -0.06400000304
23.273601532 -0.072000004351
23.276801109 -0.076000005007
23.280000687 -0.072000004351
23.283201218 -0.076000005007
23.286400795 -0.080000005662
23.289601326 -0.084000006318
23.292800903 -0.080000005662
23.296001434 -0.080000005662
23.299201012 -0.080000005662
23.302401543 -0.080000005662
23.30560112 -0.080000005662
23.308800697 -0.068000003695
23.312001228 -0.092000007629
23.315200806 -0.084000006318
23.318401337 -0.080000005662
23.321600914 -0.088000006974
23.324801445 -0.084000006318
23.328001022 -0.084000006318
23.331201553 -0.088000006974
23.334401131 -0.084000006318
23.337600708 -0.080000005662
23.340801239 -0.076000005007
23.344000816 -0.06400000304
23.347201347 -0.068000003695
23.350400925 -0.06400000304
23.353601456 -0.04800000042
23.356801033 -0.04800000042
23.360001564 -0.04800000042
23.363201141 -0.04400000349
23.366400719 -0.04400000349
23.36960125 -0.03600000218
23.372800827 -0.02800000086
23.376001358 -0.03200000152
23.379200935 -0.0160000008
23.382401466 -0.02400000021
23.385601044 -0.02400000021
23.388801575 -0.0160000008
23.392001152 -0.00400000019
23.395200729 0
23.39840126 -0.0120000001
23.401600838 0.04800000042
23.404801369 0.00800000038
23.408000946 0.00800000038
23.411201477 0.02400000021
23.414401054 0.0200000014
23.417601585 0.02800000086
23.420801163 0.02800000086
23.42400074 0.02800000086
23.427201271 0.03600000218
23.430400848 0.03200000152
23.433601379 0.03600000218
23.436800957 0.04400000349
23.440001488 0.04000000283
23.443201065 0.04000000283
23.446400642 0.04400000349
23.449601173 0.04400000349
23.452800751 0.04400000349
23.456001282 0.04800000042
23.459200859 0.04400000349
23.46240139 0.04400000349
23.465600967 0.04000000283
23.468801498 0.03200000152
23.472001076 0.03600000218
23.475200653 0.02800000086
23.478401184 0.03200000152
23.481600761 0.03200000152
23.484801292 0.04000000283
23.48800087 0.02400000021
23.491201401 0.03600000218
23.494400978 0.02400000021
23.497601509 0.02400000021
23.500801086 0.0200000014
23.504000664 0.02400000021
23.507201195 0.0120000001
23.510400772 0.0120000001
23.513601303 0.00800000038
23.51680088 0.00800000038
23.520001411 0.0160000008
23.523200989 0.00400000019
23.52640152 0.00400000019
23.529601097 0
23.532800674 0.00400000019
23.536001205 0.00800000038
23.539200783 0.00800000038
23.542401314 0
23.545600891 -0.00800000038
23.548801422 0
23.552000999 -0.0160000008
23.55520153 0
23.558401108 -0.0160000008
23.561600685 0.00400000019
23.564801216 -0.00800000038
23.568000793 0.00400000019
23.571201324 -0.0120000001
23.574400902 0.00400000019
23.577601433 -0.00400000019
23.58080101 -0.00800000038
23.584001541 -0.00800000038
23.587201118 -0.0120000001
23.590400696 0
23.593601227 -0.00800000038
23.596800804 -0.00400000019
23.600001335 0.00400000019
23.603200912 -0.00400000019
23.606401443 0
23.609601021 -0.00400000019
23.612801552 -0.00400000019
23.616001129 -0.0120000001
23.619200706 0.00800000038
23.622401237 0
23.625600815 -0.00400000019
23.628801346 0.00800000038
23.632000923 -0.00400000019
23.635201454 -0.00800000038
23.638401031 -0.00400000019
23.641601562 0.00400000019
23.64480114 0.00400000019
23.648000717 -0.00400000019
23.651201248 -0.00400000019
23.654400826 -0.00400000019
23.657601357 0
23.660800934 -0.00400000019
23.664001465 -0.00400000019
23.667201042 -0.00400000019
23.670401573 -0.0160000008
23.673601151 -0.00800000038
23.676800728 -0.00800000038
23.680001259 -0.0120000001
23.683200836 -0.00400000019
23.686401367 -0.00400000019
23.689600945 -0.00800000038
23.692801476 -0.0160000008
23.696001053 -0.02400000021
23.699201584 -0.0120000001
23.702401161 -0.0120000001
23.705600739 0
23.70880127 -0.0120000001
23.712000847 -0.0120000001
23.715201378 -0.00800000038
23.718400955 0.00800000038
23.721601486 -0.00400000019
23.724801064 0
23.728001595 -0.00800000038
23.731201172 0
23.734400749 -0.0120000001
23.73760128 -0.00400000019
23.740800858 0
23.744001389 0.00400000019
23.747200966 0.00400000019
23.750401497 0.00400000019
23.753601074 0.0120000001
23.756801605 0.00400000019
23.760001183 0.00400000019
23.76320076 0.00400000019
23.766401291 0.0160000008
23.769600868 0.00800000038
23.772801399 0.00400000019
23.776000977 0.02400000021
23.779201508 0.0120000001
23.782401085 0.00400000019
23.785600662 0.0160000008
23.788801193 0.00400000019
23.792000771 -0.00800000038
23.795201302 -0.00800000038
23.798400879 0
23.80160141 0.0120000001
23.804800987 0
23.808001518 0.0120000001
23.811201096 0
23.814400673 -0.00800000038
23.817601204 -0.0120000001
23.820800781 0
23.824001312 -0.0160000008
23.82720089 -0.00800000038
23.830401421 -0.0160000008
23.833600998 -0.0120000001
23.836801529 -0.0160000008
23.840001106 -0.00800000038
23.843200684 -0.0160000008
23.846401215 -0.0120000001
23.849600792 -0.0120000001
23.852801323 -0.0120000001
23.8560009 -0.0200000014
23.859201431 -0.0200000014
23.862401009 -0.0120000001
23.86560154 -0.00800000038
23.868801117 -0.0200000014
23.872000694 -0.00800000038
23.875201225 -0.0160000008
23.878400803 -0.00400000019
23.881601334 0
23.884800911 -0.00400000019
23.888001442 -0.00400000019
23.891201019 -0.00800000038
23.89440155 -0.00400000019
23.897601128 0.00400000019
23.900800705 0.00400000019
23.904001236 0.00800000038
23.907200813 0.0200000014
23.910401344 0.0200000014
23.913600922 0.02400000021
23.916801453 0.03200000152
23.92000103 0.04400000349
23.923201561 0.05200000107
23.926401138 0.060000002384
23.929600716 0.068000003695
23.932801247 0.080000005662
23.936000824 0.080000005662
23.939201355 0.092000007629
23.942400932 0.1040000021
23.945601463 0.1040000021
23.948801041 0.1080000028
23.952001572 0.1200000048
23.955201149 0.1200000048
23.958400726 0.1240000054
23.961601257 0.1360000074
23.964800835 0.1440000087
23.968001366 0.1360000074
23.971200943 0.1400000006
23.974401474 0.1360000074
23.977601051 0.1319999993
23.980801582 0.1360000074
23.98400116 0.1319999993
23.987200737 0.1319999993
23.990401268 0.1240000054
23.993600845 0.1280000061
23.996801376 0.096000000834
24.000000954 0.1000000015
24.003201008 0.1000000015
24.006401062 0.092000007629
24.009601116 0.080000005662
24.01280117 0.076000005007
24.016001225 0.04400000349
24.019201279 0.05200000107
24.022401333 0.04000000283
24.02560091 0.02400000021
24.028800964 0.0200000014
24.032001019 0.0120000001
24.035201073 0
24.038401127 0
24.041601181 -0.02400000021
24.044801235 -0.02800000086
24.048001289 -0.04000000283
24.051201344 -0.05200000107
24.054400921 -0.056000001729
24.057600975 -0.080000005662
24.060801029 -0.072000004351
24.064001083 -0.084000006318
24.067201138 -0.084000006318
24.070401192 -0.1000000015
24.073601246 -0.1040000021
24.0768013 -0.1040000021
24.080001354 -0.1080000028
24.083200932 -0.1120000035
24.086400986 -0.1240000054
24.08960104 -0.1240000054
24.092801094 -0.1280000061
24.096001148 -0.1120000035
24.099201202 -0.1319999993
24.102401257 -0.1440000087
24.105601311 -0.1400000006
24.108801365 -0.1440000087
24.112000942 -0.1440000087
24.115200996 -0.1319999993
24.118401051 -0.1360000074
24.121601105 -0.1319999993
24.124801159 -0.1400000006
24.128001213 -0.1360000074
24.131201267 -0.1319999993
24.134401321 -0.1360000074
24.137601376 -0.1360000074
24.140800953 -0.1319999993
24.144001007 -0.1319999993
24.147201061 -0.1280000061
24.150401115 -0.1319999993
24.15360117 -0.1240000054
24.156801224 -0.1120000035
24.160001278 -0.1240000054
24.163201332 -0.1120000035
24.166400909 -0.1120000035
24.169600964 -0.1040000021
24.172801018 -0.1040000021
24.176001072 -0.092000007629
24.179201126 -0.092000007629
24.18240118 -0.092000007629
24.185601234 -0.080000005662
24.188801289 -0.092000007629
24.192001343 -0.076000005007
24.19520092 -0.084000006318
24.198400974 -0.068000003695
24.201601028 -0.06400000304
24.204801083 -0.060000002384
24.208001137 -0.04800000042
24.211201191 -0.04800000042
24.214401245 -0.060000002384
24.217601299 -0.04000000283
24.220801353 -0.03200000152
24.224000931 -0.03200000152
24.227200985 -0.02400000021
24.230401039 -0.02400000021
24.233601093 -0.0160000008
24.236801147 -0.0200000014
24.240001202 -0.0160000008
24.243201256 -0.00400000019
24.24640131 0
24.249601364 0
24.252800941 0
24.256000996 0
24.25920105 0.0120000001
24.262401104 0.0160000008
24.265601158 0.0200000014
24.268801212 0.0120000001
24.272001266 0.00800000038
24.275201321 0.0200000014
24.278401375 0.02400000021
24.281600952 0.0200000014
24.284801006 0.03600000218
24.28800106 0.03600000218
24.291201115 0.02400000021
24.294401169 0.02400000021
24.297601223 0.03600000218
24.300801277 0.02800000086
24.304001331 0.03600000218
24.307201385 0.03600000218
24.310400963 0.03200000152
24.313601017 0.03600000218
24.316801071 0.04000000283
24.320001125 0.03600000218
24.32320118 0.04000000283
24.326401234 0.03600000218
24.329601288 0.04000000283
24.332801342 0.04000000283
24.336000919 0.04800000042
24.339200974 0.02400000021
24.342401028 0.03200000152
24.345601082 0.03600000218
24.348801136 0.04000000283
24.35200119 0.03200000152
24.355201244 0.02800000086
24.358401299 0.03200000152
24.361601353 0.02400000021
24.36480093 0.0200000014
24.368000984 0.00400000019
24.371201038 0.0200000014
24.374401093 0.00800000038
24.377601147 0.0160000008
24.380801201 0
24.384001255 0.00400000019
24.387201309 0.00400000019
24.390401363 0.00400000019
24.393600941 -0.0200000014
24.396800995 -0.0120000001
24.400001049 0.00400000019
24.403201103 -0.00400000019
24.406401157 -0.00800000038
24.409601212 0.00400000019
24.412801266 -0.00400000019
24.41600132 -0.0120000001
24.419201374 -0.00800000038
24.422400951 -0.00400000019
24.425601006 -0.0120000001
24.42880106 0
24.432001114 -0.0200000014
24.435201168 -0.00400000019
24.438401222 -0.00800000038
24.441601276 0
24.444801331 0
24.448001385 -0.00400000019
24.451200962 -0.00400000019
24.454401016 0.00400000019
24.45760107 -0.00400000019
24.460801125 -0.00400000019
24.464001179 -0.00400000019
24.467201233 0.00400000019
24.470401287 -0.00400000019
24.473601341 0
24.476801395 0
24.480000973 0.00800000038
24.483201027 0
24.486401081 0.00400000019
24.489601135 0
24.492801189 -0.00400000019
24.496001244 0
24.499201298 -0.00400000019
24.502401352 0.00400000019
24.505600929 -0.00800000038
24.508800983 -0.00400000019
24.512001038 -0.00400000019
24.515201092 -0.0160000008
24.518401146 0.00400000019
24.5216012 -0.00800000038
24.524801254 -0.00400000019
24.528001308 0.00800000038
24.531201363 0.0160000008
24.53440094 0.02800000086
24.537600994 0.0200000014
24.540801048 0.02400000021
24.544001102 0.02800000086
24.547201157 0.03600000218
24.550401211 0.03600000218
24.553601265 0.03600000218
24.556801319 0.04400000349
24.560001373 0.02800000086
24.563200951 0.04400000349
24.566401005 0.04800000042
24.569601059 0.04800000042
24.572801113 0.04400000349
24.576001167 0.03200000152
24.579201221 0.03600000218
24.582401276 0.04800000042
24.58560133 0.04400000349
24.588801384 0.02800000086
24.592000961 0.04000000283
24.595201015 0.04400000349
24.59840107 0.03200000152
24.601601124 0.03600000218
24.604801178 0.02800000086
24.608001232 0.0200000014
24.61120129 0.0120000001
24.61440134 0.0200000014
24.61760139 0.0120000001
24.62080097 -0.00400000019
24.62400103 0
24.62720108 -0.00400000019
24.63040113 0
24.63360119 -0.00400000019
24.63680124 -0.0120000001
24.6400013 -0.02400000021
24.64320135 0
24.64640141 -0.00400000019
24.64960098 -0.00400000019
24.65280104 0
24.65600109 -0.00800000038
24.65920115 0.00400000019
24.6624012 -0.00800000038
24.66560125 -0.00400000019
24.66880131 0
24.67200136 0
24.67520094 0
24.67840099 -0.00400000019
24.68160105 -0.00800000038
24.6848011 -0.0200000014
24.68800116 -0.0120000001
24.69120121 0
24.69440126 0
24.69760132 -0.0160000008
24.70080137 -0.0120000001
24.70400095 -0.00800000038
24.707201 -0.0120000001
24.71040106 -0.00800000038
24.71360111 -0.00800000038
24.71680117 -0.0120000001
24.72000122 -0.0160000008
24.72320127 -0.0120000001
24.72640133 -0.0200000014
24.72960138 -0.0160000008
24.73280096 -0.0120000001
24.73600101 -0.0160000008
24.73920107 -0.02400000021
24.74240112 -0.0120000001
24.74560118 -0.0120000001
24.74880123 -0.00400000019
24.75200129 -0.0120000001
24.75520134 -0.0120000001
24.75840139 -0.0120000001
24.76160097 -0.00400000019
24.76480103 0.00400000019
24.76800108 0
24.77120113 0.00400000019
24.77440119 0.00800000038
24.77760124 0.0200000014
24.7808013 0.02800000086
24.78400135 0.04000000283
24.7872014 0.04800000042
24.79040098 0.056000001729
24.79360104 0.076000005007
24.79680109 0.068000003695
24.80000114 0.092000007629
24.8032012 0.092000007629
24.80640125 0.1000000015
24.80960131 0.1120000035
24.81280136 0.1160000041
24.81600142 0.1440000087
24.81920099 0.1440000087
24.82240105 0.15200001001
24.8256011 0.16400000453
24.82880116 0.17200000584
24.83200121 0.17600001395
24.83520126 0.18800000846
24.83840132 0.19600000978
24.84160137 0.20400001109
24.84480095 0.20400001109
24.848001 0.20000000298
24.85120106 0.20400001109
24.85440111 0.20400001109
24.85760117 0.20000000298
24.86080122 0.20400001109
24.86400127 0.18800000846
24.86720133 0.18400001526
24.87040138 0.18400001526
24.87360096 0.17200000584
24.87680101 0.15200001001
24.88000107 0.15200001001
24.88320112 0.1280000061
24.88640118 0.1120000035
24.88960123 0.1000000015
24.89280128 0.084000006318
24.89600134 0.072000004351
24.89920139 0.05200000107
24.90240097 0.02800000086
24.90560102 0.00800000038
24.90880108 -0.0160000008
24.91200113 -0.02400000021
24.91520119 -0.04800000042
24.91840124 -0.06400000304
24.9216013 -0.088000006974
24.92480135 -0.1000000015
24.9280014 -0.1120000035
24.93120098 -0.1400000006
24.93440104 -0.15600000322
24.93760109 -0.1480000019
24.94080114 -0.1480000019
24.9440012 -0.17200000584
24.94720125 -0.17200000584
24.95040131 -0.17200000584
24.95360136 -0.17600001395
24.95680141 -0.17200000584
24.96000099 -0.17600001395
24.96320105 -0.16400000453
24.9664011 -0.17200000584
24.96960115 -0.18000000715
24.97280121 -0.17200000584
24.97600126 -0.16000001132
24.97920132 -0.15200001001
24.98240137 -0.15200001001
24.98560143 -0.15200001001
24.988801 -0.1400000006
24.99200106 -0.1440000087
24.99520111 -0.1319999993
24.99840117 -0.1240000054
25.00160122 -0.1160000041
25.00480127 -0.1040000021
25.00800133 -0.1040000021
25.01120138 -0.1000000015
25.01440096 -0.092000007629
25.01760101 -0.084000006318
25.02080107 -0.080000005662
25.02400112 -0.076000005007
25.02720118 -0.072000004351
25.03040123 -0.072000004351
25.03360128 -0.068000003695
25.03680134 -0.056000001729
25.04000139 -0.060000002384
25.04320097 -0.056000001729
25.04640102 -0.04800000042
25.04960108 -0.056000001729
25.05280113 -0.05200000107
25.05600119 -0.05200000107
25.05920124 -0.04000000283
25.06240129 -0.02800000086
25.06560135 -0.02400000021
25.0688014 -0.02800000086
25.07200098 -0.0200000014
25.07520103 -0.0160000008
25.07840109 -0.00800000038
25.08160114 0.00400000019
25.0848012 0.00400000019
25.08800125 0.00800000038
25.09120131 0.0160000008
25.09440136 0.03200000152
25.09760141 0.03600000218
25.10080099 0.04800000042
25.10400105 0.056000001729
25.1072011 0.060000002384
25.11040115 0.076000005007
25.11360121 0.084000006318
25.11680126 0.092000007629
25.12000132 0.096000000834
25.12320137 0.1120000035
25.12640142 0.1200000048
25.129601 0.1200000048
25.13280106 0.1319999993
25.13600111 0.1400000006
25.13920116 0.18000000715
25.14240122 0.1400000006
25.14560127 0.1440000087
25.14880133 0.1480000019
25.15200138 0.1480000019
25.15520096 0.1360000074
25.15840101 0.1360000074
25.16160107 0.1120000035
25.16480112 0.1200000048
25.16800117 0.1080000028
25.17120123 0.096000000834
25.17440128 0.084000006318
25.17760134 0.06400000304
25.18080139 0.05200000107
25.18400097 0.03200000152
25.18720102 0.0120000001
25.19040108 -0.0120000001
25.19360113 -0.02800000086
25.19680119 -0.03600000218
25.20000124 -0.056000001729
25.20320129 -0.072000004351
25.20640135 -0.05200000107
25.2096014 -0.076000005007
25.21280098 -0.080000005662
25.21600103 -0.076000005007
25.21920109 -0.080000005662
25.22240114 -0.092000007629
25.2256012 -0.092000007629
25.22880125 -0.088000006974
25.2320013 -0.084000006318
25.23520136 -0.088000006974
25.23840141 -0.084000006318
25.24160099 -0.088000006974
25.24480104 -0.084000006318
25.2480011 -0.088000006974
25.25120115 -0.080000005662
25.25440121 -0.092000007629
25.25760126 -0.056000001729
25.26080132 -0.084000006318
25.26400137 -0.088000006974
25.26720142 -0.080000005662
25.270401 -0.080000005662
25.27360106 -0.080000005662
25.27680111 -0.060000002384
25.28000116 -0.076000005007
25.28320122 -0.072000004351
25.28640127 -0.084000006318
25.28960133 -0.080000005662
25.29280138 -0.076000005007
25.29600143 -0.1000000015
25.29920101 -0.084000006318
25.30240107 -0.068000003695
25.30560112 -0.076000005007
25.30880117 -0.068000003695
25.31200123 -0.060000002384
25.31520128 -0.04000000283
25.31840134 -0.0200000014
25.32160139 -0.0160000008
25.32480097 0.03200000152
25.32800102 0.00800000038
25.33120108 0.02800000086
25.33440113 0.03200000152
25.33760118 0.04000000283
25.34080124 0.056000001729
25.34400129 0.06400000304
25.34720135 0.076000005007
25.3504014 0.084000006318
25.35360098 0.092000007629
25.35680103 0.096000000834
25.36000109 0.1080000028
25.36320114 0.1040000021
25.3664012 0.1000000015
25.36960125 0.1160000041
25.3728013 0.1160000041
25.37600136 0.1160000041
25.37920141 0.1200000048
25.38240099 0.1240000054
25.38560104 0.1280000061
25.3888011 0.1280000061
25.39200115 0.1240000054
25.39520121 0.1319999993
25.39840126 0.1400000006
25.40160131 0.1280000061
25.40480137 0.1319999993
25.40800142 0.1319999993
25.411201 0.1240000054
25.41440105 0.1240000054
25.41760111 0.1240000054
25.42080116 0.1200000048
25.42400122 0.1160000041
25.42720127 0.1040000021
25.43040133 0.096000000834
25.43360138 0.088000006974
25.43680143 0.084000006318
25.44000101 0.06400000304
25.44320107 0.060000002384
25.44640112 0.056000001729
25.44960117 0.03200000152
25.45280123 0.02400000021
25.45600128 0.0120000001
25.45920134 0.0120000001
25.46240139 -0.00800000038
25.46560144 -0.03600000218
25.46880102 -0.03600000218
25.47200108 -0.05200000107
25.47520113 -0.04400000349
25.47840118 -0.06400000304
25.48160124 -0.088000006974
25.48480129 -0.092000007629
25.48800135 -0.092000007629
25.4912014 -0.1000000015
25.49440098 -0.1080000028
25.49760103 -0.1200000048
25.50080109 -0.1240000054
25.50400114 -0.1240000054
25.50720119 -0.1400000006
25.51040125 -0.1360000074
25.5136013 -0.15600000322
25.51680136 -0.1440000087
25.52000141 -0.15600000322
25.52320099 -0.1400000006
25.52640104 -0.1480000019
25.5296011 -0.1440000087
25.53280115 -0.15200001001
25.53600121 -0.16000001132
25.53920126 -0.15600000322
25.54240131 -0.1360000074
25.54560137 -0.1440000087
25.54880142 -0.1360000074
25.552001 -0.1240000054
25.55520105 -0.1319999993
25.55840111 -0.1319999993
25.56160116 -0.1280000061
25.56480122 -0.1160000041
25.56800127 -0.1080000028
25.57120132 -0.1080000028
25.57440138 -0.096000000834
25.57760143 -0.084000006318
25.58080101 -0.080000005662
25.58400106 -0.072000004351
25.58720112 -0.068000003695
25.59040117 -0.06400000304
25.59360123 -0.056000001729
25.59680128 -0.04800000042
25.60000134 -0.03600000218
25.60320139 -0.04000000283
25.60640144 -0.03600000218
25.60960102 -0.0200000014
25.61280107 -0.0160000008
25.61600113 -0.00800000038
25.61920118 -0.0120000001
25.62240124 0.00800000038
25.62560129 0.0120000001
25.62880135 0.0160000008
25.6320014 0.02800000086
25.63520145 0.04000000283
25.63840103 0.04400000349
25.64160109 0.04400000349
25.64480114 0.04800000042
25.64800119 0.060000002384
25.65120125 0.05200000107
25.6544013 0.06400000304
25.65760136 0.072000004351
25.66080141 0.080000005662
25.66400099 0.084000006318
25.66720104 0.092000007629
25.6704011 0.092000007629
25.67360115 0.1040000021
25.6768012 0.1120000035
25.68000126 0.1040000021
25.68320131 0.1240000054
25.68640137 0.1280000061
25.68960142 0.1360000074
25.692801 0.1440000087
25.69600105 0.1400000006
25.69920111 0.16000001132
25.70240116 0.16000001132
25.70560122 0.16800001264
25.70880127 0.16800001264
25.71200132 0.16800001264
25.71520138 0.17200000584
25.71840143 0.18000000715
25.72160101 0.18000000715
25.72480106 0.18400001526
25.72800112 0.17600001395
25.73120117 0.17200000584
25.73440123 0.16800001264
25.73760128 0.16800001264
25.74080133 0.16000001132
25.74400139 0.15600000322
25.74720144 0.1480000019
25.75040102 0.1360000074
25.75360107 0.1319999993
25.75680113 0.1319999993
25.76000118 0.1160000041
25.76320124 0.1040000021
25.76640129 0.088000006974
25.76960135 0.080000005662
25.7728014 0.06400000304
25.77600145 0.060000002384
25.77920103 0.04000000283
25.78240108 0.0120000001
25.78560114 0.02800000086
25.78880119 0.0120000001
25.79200125 -0.00800000038
25.7952013 -0.0200000014
25.79840136 -0.02800000086
25.80160141 -0.03600000218
25.80480099 -0.04400000349
25.80800104 -0.060000002384
25.8112011 -0.072000004351
25.81440115 -0.084000006318
25.8176012 -0.088000006974
25.82080126 -0.096000000834
25.82400131 -0.1040000021
25.82720137 -0.1120000035
25.83040142 -0.1080000028
25.833601 -0.1200000048
25.83680105 -0.1280000061
25.84000111 -0.1360000074
25.84320116 -0.1360000074
25.84640121 -0.1440000087
25.84960127 -0.1400000006
25.85280132 -0.1480000019
25.85600138 -0.1480000019
25.85920143 -0.1480000019
25.86240101 -0.15200001001
25.86560106 -0.1440000087
25.86880112 -0.1440000087
25.87200117 -0.1440000087
25.87520123 -0.15200001001
25.87840128 -0.1400000006
25.88160133 -0.1440000087
25.88480139 -0.1240000054
25.88800144 -0.1240000054
25.89120102 -0.1280000061
25.89440107 -0.1160000041
25.89760113 -0.1280000061
25.90080118 -0.1120000035
25.90400124 -0.1040000021
25.90720129 -0.096000000834
25.91040134 -0.096000000834
25.9136014 -0.096000000834
25.91680145 -0.080000005662
25.92000103 -0.084000006318
25.92320108 -0.084000006318
25.92640114 -0.076000005007
25.92960119 -0.068000003695
25.93280125 -0.05200000107
25.9360013 -0.04400000349
25.93920135 -0.04400000349
25.94240141 -0.04000000283
25.94560146 -0.02800000086
25.94880104 -0.02400000021
25.95200109 -0.0200000014
25.95520115 -0.0160000008
25.9584012 -0.00400000019
25.96160126 0
25.96480131 0.0120000001
25.96800137 0.0200000014
25.97120142 0.02400000021
25.974401 0.02400000021
25.97760105 0.03200000152
25.98080111 0.04000000283
25.98400116 0.05200000107
25.98720121 0.060000002384
25.99040127 0.06400000304
25.99360132 0.068000003695
25.99680138 0.06400000304
26.00000143 0.084000006318
26.00320101 0.084000006318
26.00640106 0.092000007629
26.00960112 0.096000000834
26.01280117 0.1120000035
26.01600122 0.1080000028
26.01920128 0.1160000041
26.02240133 0.1160000041
26.02560139 0.1240000054
26.02880144 0.1240000054
26.03200102 0.1280000061
26.03520107 0.1360000074
26.03840113 0.1280000061
26.04160118 0.1240000054
26.04480124 0.1240000054
26.04800129 0.1240000054
26.05120134 0.1200000048
26.0544014 0.1160000041
26.05760145 0.1120000035
26.06080103 0.1080000028
26.06400108 0.1000000015
26.06720114 0.1000000015
26.07040119 0.1040000021
26.07360125 0.092000007629
26.0768013 0.088000006974
26.08000135 0.076000005007
26.08320141 0.068000003695
26.08640146 0.076000005007
26.08960104 0.072000004351
26.09280109 0.072000004351
26.09600115 0.068000003695
26.0992012 0.05200000107
26.10240126 0.04000000283
26.10560131 0.04000000283
26.10880136 0.04000000283
26.11200142 0.02800000086
26.11520147 0.02800000086
26.11840105 0.0200000014
26.1216011 0.0120000001
26.12480116 0.00800000038
26.12800121 0
26.13120127 -0.00400000019
26.13440132 -0.00800000038
26.13760138 -0.0120000001
26.14080143 -0.0160000008
26.14400101 -0.02400000021
26.14720106 -0.02400000021
26.15040112 -0.0200000014
26.15360117 -0.03200000152
26.15680122 -0.03200000152
26.16000128 -0.02800000086
26.16320133 -0.04800000042
26.16640139 -0.04400000349
26.16960144 -0.04400000349
26.17280102 -0.0160000008
26.17600107 -0.060000002384
26.17920113 -0.060000002384
26.18240118 -0.060000002384
26.18560123 -0.056000001729
26.18880129 -0.060000002384
26.19200134 -0.06400000304
26.1952014 -0.068000003695
26.19840145 -0.076000005007
26.20160103 -0.060000002384
26.20480108 -0.06400000304
26.20800114 -0.06400000304
26.21120119 -0.06400000304
26.21440125 -0.056000001729
26.2176013 -0.056000001729
26.22080135 -0.060000002384
26.22400141 -0.056000001729
26.22720146 -0.056000001729
26.23040104 -0.056000001729
26.23360109 -0.04400000349
26.23680115 -0.04400000349
26.2400012 -0.03200000152
26.24320126 -0.03200000152
26.24640131 -0.0200000014
26.24960136 -0.0160000008
26.25280142 -0.03200000152
26.25600147 -0.0200000014
26.25920105 -0.0200000014
26.2624011 -0.0160000008
26.26560116 -0.0120000001
26.26880121 0
26.27200127 -0.0120000001
26.27520132 -0.0120000001
26.27840137 -0.00800000038
26.28160143 -0.00800000038
26.28480148 -0.00800000038
26.28800106 0
26.29120111 -0.00800000038
26.29440117 0
26.29760122 0.00800000038
26.30080128 0
26.30400133 0
26.30720139 0.00400000019
26.31040144 0.00400000019
26.31360102 0
26.31680107 0.0160000008
26.32000113 0.00400000019
26.32320118 0.00800000038
26.32640123 0.0120000001
26.32960129 0.00800000038
26.33280134 0.00400000019
26.3360014 0
26.33920145 0.0120000001
26.34240103 0.00400000019
26.34560108 -0.00800000038
26.34880114 -0.00400000019
26.35200119 -0.0120000001
26.35520124 -0.0160000008
26.3584013 -0.02400000021
26.36160135 -0.02400000021
26.36480141 -0.0200000014
26.36800146 -0.02800000086
26.37120104 -0.03600000218
26.37440109 -0.04000000283
26.37760115 -0.04000000283
26.3808012 -0.04800000042
26.38400126 -0.05200000107
26.38720131 -0.05200000107
26.39040136 -0.056000001729
26.39360142 -0.056000001729
26.39680147 -0.06400000304
26.40000105 -0.072000004351
26.4032011 -0.072000004351
26.40640116 -0.072000004351
26.40960121 -0.088000006974
26.41280127 -0.076000005007
26.41600132 -0.068000003695
26.41920137 -0.088000006974
26.42240143 -0.076000005007
26.42560148 -0.072000004351
26.42880106 -0.076000005007
26.43200111 -0.076000005007
26.43520117 -0.06400000304
26.43840122 -0.06400000304
26.44160128 -0.068000003695
26.44480133 -0.056000001729
26.44800138 -0.06400000304
26.45120144 -0.068000003695
26.45440149 -0.060000002384
26.45760107 -0.056000001729
26.46080112 -0.056000001729
26.46400118 -0.04800000042
26.46720123 -0.04400000349
26.47040129 -0.04400000349
26.47360134 -0.04400000349
26.4768014 -0.03200000152
26.48000145 -0.02800000086
26.48320103 -0.02400000021
26.48640108 -0.02800000086
26.48960114 -0.0200000014
26.49280119 -0.0120000001
26.49600124 -0.0120000001
26.4992013 0
26.50240135 0.00400000019
26.50560141 0.0160000008
26.50880146 0.0200000014
26.51200104 0.02800000086
26.51520109 0.03600000218
26.51840115 0.05200000107
26.5216012 0.05200000107
26.52480125 0.068000003695
26.52800131 0.072000004351
26.53120136 0.076000005007
26.53440142 0.084000006318
26.53760147 0.096000000834
26.54080105 0.1040000021
26.5440011 0.1080000028
26.54720116 0.1160000041
26.55040121 0.1160000041
26.55360126 0.1200000048
26.55680132 0.1240000054
26.56000137 0.1280000061
26.56320143 0.1360000074
26.56640148 0.1480000019
26.56960106 0.1360000074
26.57280111 0.1360000074
26.57600117 0.1360000074
26.57920122 0.1240000054
26.58240128 0.1400000006
26.58560133 0.1319999993
26.58880138 0.1280000061
26.59200144 0.1200000048
26.59520149 0.1160000041
26.59840107 0.1120000035
26.60160112 0.092000007629
26.60480118 0.1000000015
26.60800123 0.092000007629
26.61120129 0.088000006974
26.61440134 0.072000004351
26.61760139 0.056000001729
26.62080145 0.05200000107
26.6240015 0.05200000107
26.62720108 0.04400000349
26.63040113 0.03200000152
26.63360119 0.02800000086
26.63680124 0.0160000008
26.6400013 0.0160000008
26.64320135 0.0160000008
26.64640141 0.00400000019
26.64960146 0.00400000019
26.65280104 0.00400000019
26.65600109 -0.0120000001
26.65920115 -0.00400000019
26.6624012 -0.0160000008
26.66560125 -0.02400000021
26.66880131 -0.0160000008
26.67200136 -0.02800000086
26.67520142 -0.02800000086
26.67840147 -0.03200000152
26.68160105 -0.03600000218
26.6848011 -0.03600000218
26.68800116 -0.04000000283
26.69120121 -0.056000001729
26.69440126 -0.068000003695
26.69760132 -0.05200000107
26.70080137 -0.060000002384
26.70400143 -0.056000001729
26.70720148 -0.056000001729
26.71040106 -0.06400000304
26.71360111 -0.056000001729
26.71680117 -0.060000002384
26.72000122 -0.04800000042
26.72320127 -0.04400000349
26.72640133 -0.05200000107
26.72960138 -0.03600000218
26.73280144 -0.04800000042
26.73600149 -0.04800000042
26.73920107 -0.04400000349
26.74240112 -0.04400000349
26.74560118 -0.02400000021
26.74880123 -0.03200000152
26.75200129 -0.03200000152
26.75520134 -0.03600000218
26.75840139 -0.0200000014
26.76160145 -0.0200000014
26.7648015 -0.02400000021
26.76800108 -0.0160000008
26.77120113 -0.0120000001
26.77440119 -0.00400000019
26.77760124 0.0120000001
26.7808013 -0.00800000038
26.78400135 0.00400000019
26.7872014 0.00800000038
26.79040146 0.00800000038
26.79360104 0.0160000008
26.79680109 0.0200000014
26.80000114 0.00400000019
26.8032012 0
26.80640125 0.00400000019
26.80960131 0.00800000038
26.81280136 0.00800000038
26.81600142 0.0160000008
26.81920147 0.0120000001
26.82240105 0.0120000001
26.8256011 0.0120000001
26.82880116 0.0120000001
26.83200121 0.00800000038
26.83520126 0.0200000014
26.83840132 0.02800000086
26.84160137 0.0200000014
26.84480143 0.0200000014
26.84800148 0.02800000086
26.85120106 0.02800000086
26.85440111 0.02800000086
26.85760117 0.02800000086
26.86080122 0.03200000152
26.86400127 0.04800000042
26.86720133 0.03200000152
26.87040138 0.04000000283
26.87360144 0.04000000283
26.87680149 0.04000000283
26.88000107 0.04400000349
26.88320112 0.056000001729
26.88640118 0.04400000349
26.88960123 0.03600000218
26.89280128 0.06400000304
26.89600134 0.02800000086
26.89920139 0.04400000349
26.90240145 0.03600000218
26.9056015 0.04400000349
26.90880108 0.03600000218
26.91200113 0.03200000152
26.91520119 0.03200000152
26.91840124 0.03200000152
26.9216013 0.03200000152
26.92480135 0.02800000086
26.9280014 0.02800000086
26.93120146 0.03200000152
26.93440151 0.0160000008
26.93760109 0.0160000008
26.94080114 0.0120000001
26.9440012 0.00400000019
26.94720125 0
26.95040131 0
26.95360136 -0.00400000019
26.95680141 -0.00800000038
26.96000147 -0.0120000001
26.96320105 -0.0160000008
26.9664011 -0.0160000008
26.96960115 -0.02400000021
26.97280121 -0.0160000008
26.97600126 -0.0200000014
26.97920132 -0.02400000021
26.98240137 -0.04400000349
26.98560143 -0.03200000152
26.98880148 -0.02800000086
26.99200106 -0.03600000218
26.99520111 -0.04000000283
26.99840117 -0.04000000283
27.00160122 -0.03600000218
27.00480127 -0.05200000107
27.00800133 -0.04400000349
27.01120138 -0.04400000349
27.01440144 -0.04400000349
27.01760149 -0.05200000107
27.02080107 -0.05200000107
27.02400112 -0.04800000042
27.02720118 -0.04800000042
27.03040123 -0.05200000107
27.03360128 -0.04400000349
27.03680134 -0.04400000349
27.04000139 -0.04400000349
27.04320145 -0.04000000283
27.0464015 -0.04000000283
27.04960108 -0.04400000349
27.05280113 -0.04400000349
27.05600119 -0.04800000042
27.05920124 -0.03600000218
27.06240129 -0.03600000218
27.06560135 -0.04000000283
27.0688014 -0.03600000218
27.07200146 -0.05200000107
27.07520151 -0.02800000086
27.07840109 -0.02400000021
27.08160114 -0.02800000086
27.0848012 -0.03200000152
27.08800125 -0.03200000152
27.09120131 -0.02800000086
27.09440136 -0.02800000086
27.09760141 -0.0120000001
27.10080147 -0.02400000021
27.10400152 -0.0200000014
27.1072011 -0.02800000086
27.11040115 -0.02400000021
27.11360121 -0.0200000014
27.11680126 -0.0200000014
27.12000132 -0.03200000152
27.12320137 -0.02800000086
27.12640142 -0.02400000021
27.12960148 -0.02800000086
27.13280106 -0.03200000152
27.13600111 -0.03200000152
27.13920116 -0.04000000283
27.14240122 -0.02400000021
27.14560127 -0.0160000008
27.14880133 -0.02400000021
27.15200138 -0.0160000008
27.15520144 -0.0120000001
27.15840149 -0.0160000008
27.16160107 -0.00800000038
27.16480112 -0.00800000038
27.16800117 -0.0120000001
27.17120123 -0.0200000014
27.17440128 -0.00800000038
27.17760134 -0.0160000008
27.18080139 0
27.18400145 -0.00800000038
27.1872015 -0.0120000001
27.19040108 -0.00400000019
27.19360113 -0.00400000019
27.19680119 -0.0160000008
27.20000124 -0.0200000014
27.20320129 -0.00800000038
27.20640135 -0.0120000001
27.2096014 -0.0200000014
27.21280146 -0.0120000001
27.21600151 -0.02400000021
27.21920109 -0.03200000152
27.22240114 -0.0200000014
27.2256012 -0.02400000021
27.22880125 -0.02800000086
27.2320013 -0.02400000021
27.23520136 -0.02400000021
27.23840141 -0.02800000086
27.24160147 -0.03600000218
27.24480152 -0.02800000086
27.2480011 -0.02800000086
27.25120115 -0.02800000086
27.25440121 -0.02400000021
27.25760126 -0.02800000086
27.26080132 -0.0160000008
27.26400137 -0.02800000086
27.26720142 -0.0120000001
27.27040148 -0.0200000014
27.27360153 -0.0160000008
27.27680111 -0.0200000014
27.28000116 -0.00800000038
27.28320122 -0.00400000019
27.28640127 -0.00800000038
27.28960133 -0.00400000019
27.29280138 0.00800000038
27.29600143 0.00800000038
27.29920149 0.00800000038
27.30240107 0.0160000008
27.30560112 0.02400000021
27.30880117 0.02400000021
27.31200123 0.0160000008
27.31520128 0.0200000014
27.31840134 0.02800000086
27.32160139 0.02800000086
27.32480145 0.02800000086
27.3280015 0.03200000152
27.33120108 0.03200000152
27.33440113 0.03600000218
27.33760118 0.02800000086
27.34080124 0.04400000349
27.34400129 0.04400000349
27.34720135 0.060000002384
27.3504014 0.056000001729
27.35360146 0.06400000304
27.35680151 0.068000003695
27.36000109 0.068000003695
27.36320114 0.076000005007
27.3664012 0.084000006318
27.36960125 0.092000007629
27.3728013 0.084000006318
27.37600136 0.080000005662
27.37920141 0.1080000028
27.38240147 0.1040000021
27.38560152 0.1120000035
27.3888011 0.1240000054
27.39200115 0.1200000048
27.39520121 0.1120000035
27.39840126 0.1319999993
27.40160131 0.1360000074
27.40480137 0.1319999993
27.40800142 0.1319999993
27.41120148 0.1440000087
27.41440153 0.1280000061
27.41760111 0.1200000048
27.42080116 0.1440000087
27.42400122 0.1200000048
27.42720127 0.1000000015
27.43040133 0.1160000041
27.43360138 0.1120000035
27.43680143 0.1040000021
27.44000149 0.092000007629
27.44320107 0.1040000021
27.44640112 0.096000000834
27.44960117 0.084000006318
27.45280123 0.076000005007
27.45600128 0.072000004351
27.45920134 0.068000003695
27.46240139 0.05200000107
27.46560144 0.04000000283
27.4688015 0.03200000152
27.47200108 0.02800000086
27.47520113 0.02400000021
27.47840118 0.0120000001
27.48160124 0.00800000038
27.48480129 0.00400000019
27.48800135 -0.00400000019
27.4912014 -0.00400000019
27.49440145 -0.0120000001
27.49760151 -0.0120000001
27.50080109 -0.03600000218
27.50400114 -0.02800000086
27.50720119 -0.02400000021
27.51040125 -0.03600000218
27.5136013 -0.04000000283
27.51680136 -0.04000000283
27.52000141 -0.04000000283
27.52320147 -0.04400000349
27.52640152 -0.056000001729
27.5296011 -0.04800000042
27.53280115 -0.056000001729
27.53600121 -0.060000002384
27.53920126 -0.05200000107
27.54240131 -0.05200000107
27.54560137 -0.060000002384
27.54880142 -0.056000001729
27.55200148 -0.06400000304
27.55520153 -0.068000003695
27.55840111 -0.06400000304
27.56160116 -0.056000001729
27.56480122 -0.056000001729
27.56800127 -0.056000001729
27.57120132 -0.056000001729
27.57440138 -0.06400000304
27.57760143 -0.056000001729
27.58080149 -0.06400000304
27.58400154 -0.03600000218
27.58720112 -0.060000002384
27.59040117 -0.06400000304
27.59360123 -0.05200000107
27.59680128 -0.060000002384
27.60000134 -0.056000001729
27.60320139 -0.05200000107
27.60640144 -0.05200000107
27.6096015 -0.060000002384
27.61280107 -0.056000001729
27.61600113 -0.04800000042
27.61920118 -0.05200000107
27.62240124 -0.060000002384
27.62560129 -0.05200000107
27.62880135 -0.04400000349
27.6320014 -0.04400000349
27.63520145 -0.04000000283
27.63840151 -0.060000002384
27.64160109 -0.04000000283
27.64480114 -0.04000000283
27.64800119 -0.03200000152
27.65120125 -0.03600000218
27.6544013 -0.03600000218
27.65760136 -0.02800000086
27.66080141 -0.02800000086
27.66400146 -0.03600000218
27.66720152 -0.0120000001
27.6704011 -0.0200000014
27.67360115 -0.0200000014
27.6768012 0
27.68000126 -0.0200000014
27.68320131 -0.0160000008
27.68640137 -0.0120000001
27.68960142 -0.00400000019
27.69280148 0.00400000019
27.69600153 -0.0120000001
27.69920111 0
27.70240116 0.00400000019
27.70560122 0.00800000038
27.70880127 0.0120000001
27.71200132 0.0120000001
27.71520138 0.02400000021
27.71840143 0.03200000152
27.72160149 0.03200000152
27.72480154 0.02400000021
27.72800112 0.02800000086
27.73120117 0.03200000152
27.73440123 0.03200000152
27.73760128 0.02800000086
27.74080133 0.03600000218
27.74400139 0.03200000152
27.74720144 0.02800000086
27.7504015 0.03200000152
27.75360155 0.02800000086
27.75680113 0.03200000152
27.76000118 0.03200000152
27.76320124 0.03200000152
27.76640129 0.02400000021
27.76960135 0.0200000014
27.7728014 0.0200000014
27.77600145 0.02400000021
27.77920151 0.0120000001
27.78240108 0.0160000008
27.78560114 0.0200000014
27.78880119 0.00800000038
27.79200125 0.00800000038
27.7952013 0.00400000019
27.79840136 0.00800000038
27.80160141 -0.00400000019
27.80480146 -0.00400000019
27.80800152 -0.0160000008
27.8112011 -0.0200000014
27.81440115 -0.0200000014
27.8176012 -0.03200000152
27.82080126 -0.02400000021
27.82400131 -0.0120000001
27.82720137 -0.04000000283
27.83040142 -0.03600000218
27.83360147 -0.04400000349
27.83680153 -0.056000001729
27.84000111 -0.04400000349
27.84320116 -0.02800000086
27.84640121 -0.04800000042
27.84960127 -0.04400000349
27.85280132 -0.04800000042
27.85600138 -0.04800000042
27.85920143 -0.060000002384
27.86240149 -0.04800000042
27.86560154 -0.04800000042
27.86880112 -0.05200000107
27.87200117 -0.05200000107
27.87520123 -0.05200000107
27.87840128 -0.04800000042
27.88160133 -0.056000001729
27.88480139 -0.04400000349
27.88800144 -0.04400000349
27.8912015 -0.04800000042
27.89440155 -0.04400000349
27.89760113 -0.03200000152
27.90080118 -0.04800000042
27.90400124 -0.04400000349
27.90720129 -0.04800000042
27.91040134 -0.03200000152
27.9136014 -0.04400000349
27.91680145 -0.04400000349
27.92000151 -0.04000000283
27.92320156 -0.04000000283
27.92640114 -0.03600000218
27.92960119 -0.03600000218
27.93280125 -0.03200000152
27.9360013 -0.03600000218
27.93920135 -0.02800000086
27.94240141 -0.03600000218
27.94560146 -0.02400000021
27.94880152 -0.02800000086
27.95200109 -0.0200000014
27.95520115 -0.02400000021
27.9584012 -0.0160000008
27.96160126 -0.0160000008
27.96480131 -0.0120000001
27.96800137 0
27.97120142 -0.0160000008
27.97440147 -0.00400000019
27.97760153 -0.0120000001
27.98080111 -0.0200000014
27.98400116 0
27.98720121 0.00800000038
27.99040127 0.00800000038
27.99360132 0.00400000019
27.99680138 0.00800000038
28.00000143 0.0120000001
28.00320125 0.00400000019
28.0064013 0.00800000038
28.00960135 0.00400000019
28.01280141 0.00800000038
28.01600122 0.00400000019
28.01920128 0.00400000019
28.02240133 0.0120000001
28.02560139 0.0120000001
28.02880144 0.0160000008
28.03200126 0.0160000008
28.03520131 0.0120000001
28.03840137 0.00800000038
28.04160142 0.0160000008
28.04480124 0.0160000008
28.04800129 0.0200000014
28.05120134 0.02400000021
28.0544014 0.0200000014
28.05760145 0.00800000038
28.06080127 0.00800000038
28.06400132 0.0200000014
28.06720138 0.0200000014
28.07040143 0.03600000218
28.07360125 0.0200000014
28.0768013 0.03200000152
28.08000135 0.0200000014
28.08320141 0.02800000086
28.08640122 0.0200000014
28.08960128 0.0160000008
28.09280133 0.0160000008
28.09600139 0.02400000021
28.09920144 -0.00800000038
28.10240126 0.0200000014
28.10560131 0.02400000021
28.10880136 0.0160000008
28.11200142 0.02400000021
28.11520123 0.0200000014
28.11840129 0.0200000014
28.12160134 0.0200000014
28.1248014 0.0160000008
28.12800145 0.0200000014
28.13120127 0.0160000008
28.13440132 0.0160000008
28.13760138 0.0120000001
28.14080143 0.02800000086
28.14400125 0.02800000086
28.1472013 0.0120000001
28.15040135 0.0120000001
28.15360141 0.0160000008
28.15680122 0.02800000086
28.16000128 0.0120000001
28.16320133 0.0120000001
28.16640139 0.00800000038
28.16960144 0.0120000001
28.17280126 0.0120000001
28.17600131 0.0120000001
28.17920136 0.0120000001
28.18240142 0.0160000008
28.18560123 0.0200000014
28.18880129 0.0160000008
28.19200134 0.0200000014
28.1952014 0.02800000086
28.19840145 0.0200000014
28.20160127 0.03200000152
28.20480132 0.03600000218
28.20800138 0.04000000283
28.21120143 0.05200000107
28.21440125 0.05200000107
28.2176013 0.04800000042
28.22080135 0.060000002384
28.22400141 0.068000003695
28.22720122 0.06400000304
28.23040128 0.060000002384
28.23360133 0.072000004351
28.23680139 0.072000004351
28.24000144 0.076000005007
28.24320126 0.076000005007
28.24640131 0.084000006318
28.24960136 0.084000006318
28.25280142 0.084000006318
28.25600123 0.080000005662
28.25920129 0.06400000304
28.26240134 0.072000004351
28.2656014 0.076000005007
28.26880145 0.068000003695
28.27200127 0.068000003695
28.27520132 0.068000003695
28.27840137 0.06400000304
28.28160143 0.05200000107
28.28480124 0.05200000107
28.2880013 0.04400000349
28.29120135 0.04400000349
28.29440141 0.04400000349
28.29760146 0.03200000152
28.30080128 0.03200000152
28.30400133 0.0160000008
28.30720139 0.00400000019
28.31040144 0.00400000019
28.31360126 0.00400000019
28.31680131 -0.0160000008
28.32000136 -0.00400000019
28.32320142 -0.0160000008
28.32640123 -0.02400000021
28.32960129 -0.02800000086
28.33280134 -0.02400000021
28.3360014 -0.03200000152
28.33920145 -0.03600000218
28.34240127 -0.04400000349
28.34560132 -0.03600000218
28.34880137 -0.04800000042
28.35200143 -0.05200000107
28.35520124 -0.05200000107
28.3584013 -0.072000004351
28.36160135 -0.04800000042
28.36480141 -0.060000002384
28.36800146 -0.060000002384
28.37120128 -0.072000004351
28.37440133 -0.04000000283
28.37760139 -0.060000002384
28.38080144 -0.06400000304
28.38400126 -0.06400000304
28.38720131 -0.06400000304
28.39040136 -0.072000004351
28.39360142 -0.068000003695
28.39680123 -0.056000001729
28.40000129 -0.060000002384
28.40320134 -0.068000003695
28.4064014 -0.068000003695
28.40960145 -0.068000003695
28.41280127 -0.060000002384
28.41600132 -0.06400000304
28.41920137 -0.06400000304
28.42240143 -0.056000001729
28.42560124 -0.060000002384
28.4288013 -0.060000002384
28.43200135 -0.060000002384
28.43520141 -0.06400000304
28.43840146 -0.05200000107
28.44160128 -0.060000002384
28.44480133 -0.05200000107
28.44800138 -0.04800000042
28.45120144 -0.04000000283
28.45440125 -0.05200000107
28.45760131 -0.05200000107
28.46080136 -0.04800000042
28.46400142 -0.068000003695
28.46720123 -0.04400000349
28.47040129 -0.05200000107
28.47360134 -0.04800000042
28.4768014 -0.04000000283
28.48000145 -0.02800000086
28.48320127 -0.02400000021
28.48640132 -0.02400000021
28.48960137 -0.02400000021
28.49280143 -0.02400000021
28.49600124 -0.02400000021
28.4992013 -0.0200000014
28.50240135 -0.00800000038
28.50560141 -0.0160000008
28.50880146 -0.0120000001
28.51200128 -0.0160000008
28.51520133 0
28.51840138 0.00800000038
28.52160144 0.00400000019
28.52480125 -0.0120000001
28.52800131 0.00800000038
28.53120136 0.00400000019
28.53440142 0.00800000038
28.53760147 0.00400000019
28.54080129 0.0120000001
28.54400134 0.0120000001
28.5472014 0.0200000014
28.55040145 0.0200000014
28.55360126 0.02400000021
28.55680132 0.0160000008
28.56000137 0.02400000021
28.56320143 0.0200000014
28.56640124 0.0200000014
28.5696013 0.03200000152
28.57280135 0.0160000008
28.57600141 0.02400000021
28.57920146 0.0200000014
28.58240128 0.03200000152
28.58560133 0.0200000014
28.58880138 0.02400000021
28.59200144 0.0200000014
28.59520125 0.02400000021
28.59840131 0.0160000008
28.60160136 0.02800000086
28.60480142 0.0200000014
28.60800147 0.0200000014
28.61120129 0.0200000014
28.61440134 0.0120000001
28.61760139 0.0120000001
28.62080145 0.0120000001
28.62400126 0.0160000008
28.62720132 0.00800000038
28.63040137 0.00800000038
28.63360143 0.00800000038
28.63680124 0
28.6400013 0.0120000001
28.64320135 -0.00800000038
28.64640141 0
28.64960146 -0.00400000019
28.65280128 -0.0120000001
28.65600133 -0.00400000019
28.65920138 -0.00400000019
28.66240144 -0.0120000001
28.66560125 -0.0120000001
28.66880131 -0.00400000019
28.67200136 -0.00800000038
28.67520142 -0.0120000001
28.67840147 -0.00800000038
28.68160129 -0.00400000019
28.68480134 -0.00400000019
28.68800139 0.00800000038
28.69120145 -0.00800000038
28.69440126 -0.00400000019
28.69760132 0.0120000001
28.70080137 -0.0160000008
28.70400143 0
28.70720148 0
28.7104013 0
28.71360135 0.00400000019
28.7168014 0.00400000019
28.72000146 0
28.72320127 0.0200000014
28.72640133 0.00800000038
28.72960138 0.00800000038
28.73280144 0.00400000019
28.73600125 0.00800000038
28.73920131 0.00800000038
28.74240136 0.00800000038
28.74560142 0.00400000019
28.74880147 0.00800000038
28.75200129 0.0120000001
28.75520134 0.00800000038
28.75840139 0
28.76160145 0.0120000001
28.76480126 0.0120000001
28.76800132 0.00800000038
28.77120137 0.0120000001
28.77440143 0.00800000038
28.77760148 0.0120000001
28.7808013 0.02400000021
28.78400135 0.00800000038
28.7872014 0.0200000014
28.79040146 0.03200000152
28.79360127 0.0160000008
28.79680133 0.0160000008
28.80000138 0.00800000038
28.80320144 0.0200000014
28.80640125 0.0160000008
28.80960131 0.0200000014
28.81280136 0.0160000008
28.81600142 0.0200000014
28.81920147 0.0200000014
28.82240129 0.0160000008
28.82560134 0.0160000008
28.82880139 0.0160000008
28.83200145 0.0120000001
28.83520126 0.00400000019
28.83840132 0.0200000014
28.84160137 0.0120000001
28.84480143 0.0200000014
28.84800148 0.02400000021
28.8512013 0.0120000001
28.85440135 0.0120000001
28.8576014 0.0160000008
28.86080146 0.02400000021
28.86400127 0.02800000086
28.86720133 0.00800000038
28.87040138 0.0120000001
28.87360144 0.02800000086
28.87680149 0.0120000001
28.88000131 0.0160000008
28.88320136 0.0200000014
28.88640141 0.04000000283
28.88960147 0.02400000021
28.89280128 0.0200000014
28.89600134 0.04000000283
28.89920139 0.02400000021
28.90240145 0.02800000086
28.90560126 0.02400000021
28.90880132 0.02400000021
28.91200137 0.02800000086
28.91520143 0.0200000014
28.91840148 0.02400000021
28.9216013 0.0160000008
28.92480135 0.0200000014
28.9280014 0.02400000021
28.93120146 0.0160000008
28.93440127 0.00800000038
28.93760133 0.00800000038
28.94080138 0.00800000038
28.94400144 0
28.94720149 -0.00400000019
28.95040131 0
28.95360136 0.00400000019
28.95680141 -0.00400000019
28.96000147 -0.0120000001
28.96320128 -0.0120000001
28.96640134 -0.00800000038
28.96960139 -0.0120000001
28.97280145 -0.04400000349
28.97600126 -0.0120000001
28.97920132 -0.02400000021
28.98240137 -0.0200000014
28.98560143 -0.0160000008
28.98880148 -0.0200000014
28.9920013 -0.0160000008
28.99520135 -0.0160000008
28.9984014 -0.02400000021
29.00160146 -0.02400000021
29.00480127 -0.0160000008
29.00800133 -0.0160000008
29.01120138 -0.00400000019
29.01440144 -0.00400000019
29.01760149 -0.00400000019
29.02080131 0
29.02400136 0.00400000019
29.02720141 0.00800000038
29.03040147 -0.00400000019
29.03360128 0.0120000001
29.03680134 0.0120000001
29.04000139 0.00800000038
29.04320145 0.0160000008
29.04640126 0.0200000014
29.04960132 0.0160000008
29.05280137 0.02800000086
29.05600142 0.02400000021
29.05920148 0.03600000218
29.06240129 0.04000000283
29.06560135 0.03600000218
29.0688014 0.04400000349
29.07200146 0.04800000042
29.07520127 0.068000003695
29.07840133 0.056000001729
29.08160138 0.072000004351
29.08480144 0.072000004351
29.08800149 0.084000006318
29.09120131 0.072000004351
29.09440136 0.076000005007
29.09760141 0.072000004351
29.10080147 0.080000005662
29.10400128 0.080000005662
29.10720134 0.088000006974
29.11040139 0.088000006974
29.11360145 0.088000006974
29.1168015 0.088000006974
29.12000132 0.088000006974
29.12320137 0.084000006318
29.12640142 0.088000006974
29.12960148 0.088000006974
29.13280129 0.088000006974
29.13600135 0.072000004351
29.1392014 0.060000002384
29.14240146 0.076000005007
29.14560127 0.068000003695
29.14880133 0.068000003695
29.15200138 0.056000001729
29.15520144 0.05200000107
29.15840149 0.05200000107
29.16160131 0.04000000283
29.16480136 0.02400000021
29.16800141 0.03200000152
29.17120147 0.00800000038
29.17440128 0.00400000019
29.17760134 -0.00400000019
29.18080139 -0.0120000001
29.18400145 0
29.1872015 -0.0120000001
29.19040132 -0.03200000152
29.19360137 -0.03600000218
29.19680142 -0.056000001729
29.20000148 -0.04400000349
29.20320129 -0.05200000107
29.20640135 -0.068000003695
29.2096014 -0.068000003695
29.21280146 -0.076000005007
29.21600127 -0.060000002384
29.21920133 -0.080000005662
29.22240138 -0.068000003695
29.22560143 -0.084000006318
29.22880149 -0.076000005007
29.2320013 -0.088000006974
29.23520136 -0.080000005662
29.23840141 -0.088000006974
29.24160147 -0.076000005007
29.24480128 -0.088000006974
29.24800134 -0.084000006318
29.25120139 -0.084000006318
29.25440145 -0.084000006318
29.2576015 -0.080000005662
29.26080132 -0.076000005007
29.26400137 -0.080000005662
29.26720142 -0.076000005007
29.27040148 -0.072000004351
29.27360129 -0.068000003695
29.27680135 -0.080000005662
29.2800014 -0.056000001729
29.2832015 -0.06400000304
29.2864013 -0.060000002384
29.2896013 -0.060000002384
29.2928014 -0.056000001729
29.2960014 -0.05200000107
29.2992015 -0.04000000283
29.3024013 -0.056000001729
29.3056014 -0.04800000042
29.3088014 -0.04000000283
29.3120015 -0.03600000218
29.3152013 -0.03600000218
29.3184013 -0.03200000152
29.3216014 -0.00800000038
29.3248014 -0.02400000021
29.3280015 -0.0200000014
29.3312013 -0.0200000014
29.3344014 -0.0200000014
29.3376014 -0.00800000038
29.3408015 0.00800000038
29.3440013 -0.0120000001
29.3472013 0
29.3504014 -0.00800000038
29.3536015 0
29.3568015 0.0120000001
29.3600013 0.00400000019
29.3632014 0.0160000008
29.3664014 0.0120000001
29.3696015 0.02400000021
29.3728013 0.02800000086
29.3760014 0.03600000218
29.3792014 0.02800000086
29.3824015 0.03600000218
29.3856013 0.03600000218
29.3888013 0.04000000283
29.3920014 0.04800000042
29.3952014 0.04800000042
29.3984015 0.04000000283
29.4016013 0.04000000283
29.4048014 0.05200000107
29.4080014 0.05200000107
29.4112015 0.04800000042
29.4144013 0.04800000042
29.4176013 0.03600000218
29.4208014 0.056000001729
29.4240015 0.05200000107
29.4272015 0.03600000218
29.4304013 0.092000007629
29.4336014 0.04800000042
29.4368014 0.03600000218
29.4400015 0.04000000283
29.4432013 0.04800000042
29.4464014 0.04000000283
29.4496014 0.03600000218
29.4528015 0.03200000152
29.4560013 0.03200000152
29.4592013 0.02400000021
29.4624014 0.03600000218
29.4656014 0.02800000086
29.4688015 0.02400000021
29.4720013 0.02400000021
29.4752014 0.00800000038
29.4784014 0.00800000038
29.4816015 0.00400000019
29.4848013 0.00400000019
29.4880013 0
29.4912014 0.00800000038
29.4944015 0.00400000019
29.4976015 -0.0160000008
29.5008013 -0.0120000001
29.5040014 -0.00400000019
29.5072014 -0.0200000014
29.5104015 -0.0120000001
29.5136013 -0.0200000014
29.5168014 -0.03200000152
29.5200014 -0.02400000021
29.5232015 -0.02800000086
29.5264015 -0.03200000152
29.5296013 -0.02800000086
29.5328014 -0.03600000218
29.5360014 -0.03600000218
29.5392015 -0.02800000086
29.5424013 -0.04000000283
29.5456014 -0.03200000152
29.5488014 -0.03600000218
29.5520015 -0.068000003695
29.5552013 -0.03600000218
29.5584013 -0.02800000086
29.5616014 -0.03600000218
29.5648015 -0.03200000152
29.5680015 -0.03200000152
29.5712013 -0.03600000218
29.5744014 -0.02800000086
29.5776014 -0.0200000014
29.5808015 -0.03200000152
29.5840013 -0.03200000152
29.5872014 -0.0200000014
29.5904014 -0.0200000014
29.5936015 -0.02800000086
29.5968015 -0.02400000021
29.6000013 -0.0160000008
29.6032014 0.02800000086
29.6064014 -0.00800000038
29.6096015 -0.0120000001
29.6128013 -0.0120000001
29.6160014 -0.0200000014
29.6192014 -0.00800000038
29.6224015 0
29.6256013 -0.00400000019
29.6288013 0
29.6320014 0
29.6352015 0.00800000038
29.6384015 0
29.6416013 0.02400000021
29.6448014 0.0200000014
29.6480014 0.0200000014
29.6512015 0.00800000038
29.6544013 0.0120000001
29.6576014 0.03200000152
29.6608014 0.0200000014
29.6640015 0.0200000014
29.6672015 0.0160000008
29.6704013 0.02400000021
29.6736014 0.02400000021
29.6768014 0.04000000283
29.6800015 0.03200000152
29.6832013 0.03200000152
29.6864014 0.03200000152
29.6896014 0.03600000218
29.6928015 0.03600000218
29.6960015 0.04000000283
29.6992013 0.03600000218
29.7024014 0.03600000218
29.7056015 0.02400000021
29.7088015 0.03600000218
29.7120013 0.02800000086
29.7152014 0.02800000086
29.7184014 0.02800000086
29.7216015 0.05200000107
29.7248013 0.02800000086
29.7280014 0.0200000014
29.7312014 0.02800000086
29.7344015 0.0160000008
29.7376015 0.0160000008
29.7408013 0.0160000008
29.7440014 0.0120000001
29.7472014 0.0120000001
29.7504015 0.0120000001
29.7536013 0.0160000008
29.7568014 0
29.7600014 0
29.7632015 0.00400000019
29.7664015 0
29.7696013 -0.00400000019
29.7728014 -0.00800000038
29.7760015 -0.00400000019
29.7792015 -0.00800000038
29.7824013 -0.00800000038
29.7856014 -0.00400000019
29.7888014 -0.00400000019
29.7920015 -0.00400000019
29.7952013 -0.00400000019
29.7984014 -0.0160000008
29.8016014 -0.0120000001
29.8048015 -0.00400000019
29.8080015 -0.0120000001
29.8112013 0.00400000019
29.8144014 0
29.8176014 0
29.8208015 0.00400000019
29.8240013 0
29.8272014 -0.02800000086
29.8304014 0.00400000019
29.8336015 0
29.8368015 -0.00800000038
29.8400013 -0.00800000038
29.8432014 0.00400000019
29.8464015 0.00400000019
29.8496015 0
29.8528013 0
29.8560014 0.00400000019
29.8592014 0.00800000038
29.8624015 0.00800000038
29.8656013 0.0120000001
29.8688014 0.00800000038
29.8720014 0.0160000008
29.8752015 0.02800000086
29.8784015 0.03200000152
29.8816013 0.03200000152
29.8848014 0.02400000021
29.8880014 0.02800000086
29.8912015 0.0200000014
29.8944013 0.02400000021
29.8976014 0.03200000152
29.9008014 0.02800000086
29.9040015 0.04000000283
29.9072015 0.03600000218
29.9104013 0.04000000283
29.9136014 0.03600000218
29.9168015 0.05200000107
29.9200015 0.056000001729
29.9232013 0.056000001729
29.9264014 0.056000001729
29.9296014 0.068000003695
29.9328015 0.068000003695
29.9360015 0.06400000304
29.9392014 0.03600000218
29.9424014 0.06400000304
29.9456015 0.060000002384
29.9488015 0.056000001729
29.9520013 0.06400000304
29.9552014 0.060000002384
29.9584014 0.04800000042
29.9616015 0.04800000042
29.9648013 0.05200000107
29.9680014 0.056000001729
29.9712014 0.04400000349
29.9744015 0.03200000152
29.9776015 0.02800000086
29.9808013 0.02800000086
29.9840014 0.03200000152
29.9872015 0.0200000014
29.9904015 0.0120000001
29.9936013 0.00800000038
29.9968014 0.00400000019
30.0000014 -0.0120000001
30.0032015 0
30.0064014 -0.00800000038
30.0096015 -0.0120000001
30.0128014 -0.00800000038
30.0160015 -0.0120000001
30.0192014 -0.0200000014
30.0224015 -0.0200000014
30.0256014 -0.02800000086
30.0288014 -0.02800000086
30.0320014 -0.0200000014
30.0352014 -0.03200000152
30.0384015 -0.02800000086
30.0416014 -0.03200000152
30.0448015 -0.04400000349
30.0480014 -0.04000000283
30.0512015 -0.04800000042
30.0544014 -0.04800000042
30.0576015 -0.04800000042
30.0608014 -0.05200000107
30.0640014 -0.04800000042
30.0672014 -0.04400000349
30.0704014 -0.04800000042
30.0736015 -0.05200000107
30.0768014 -0.05200000107
30.0800015 -0.0200000014
30.0832014 -0.04400000349
30.0864015 -0.04400000349
30.0896014 -0.04800000042
30.0928015 -0.04000000283
30.0960014 -0.04800000042
30.0992014 -0.03600000218
30.1024014 -0.04800000042
30.1056014 -0.04000000283
30.1088015 -0.04400000349
30.1120014 -0.03600000218
30.1152015 -0.03600000218
30.1184014 -0.04400000349
30.1216015 -0.03200000152
30.1248014 -0.02800000086
30.1280015 -0.02800000086
30.1312014 -0.0120000001
30.1344014 -0.03600000218
30.1376014 -0.0160000008
30.1408014 -0.02800000086
30.1440015 -0.02400000021
30.1472014 -0.0200000014
30.1504015 -0.0200000014
30.1536014 -0.0120000001
30.1568015 -0.0200000014
30.1600014 -0.0160000008
30.1632015 -0.0160000008
30.1664014 -0.0120000001
30.1696014 -0.0120000001
30.1728014 -0.00800000038
30.1760014 -0.00400000019
30.1792015 -0.00400000019
30.1824014 0
30.1856015 0.00400000019
30.1888014 0.0120000001
30.1920015 0.00800000038
30.1952014 0.00800000038
30.1984015 0.02400000021
30.2016014 0.0200000014
30.2048014 0.02800000086
30.2080014 0.02800000086
30.2112014 0.00800000038
30.2144015 0.03200000152
30.2176014 0.02400000021
30.2208015 0.03200000152
30.2240014 0.02800000086
30.2272015 0.03200000152
30.2304014 0.04000000283
30.2336015 0.03600000218
30.2368014 0.03600000218
30.2400014 0.04000000283
30.2432015 0.04800000042
30.2464014 0.03600000218
30.2496015 0.03600000218
30.2528014 0.04000000283
30.2560015 0.04000000283
30.2592014 0.04000000283
30.2624015 0.02800000086
30.2656014 0.02800000086
30.2688015 0.02800000086
30.2720014 0.02400000021
30.2752014 0.0160000008
30.2784015 0.02400000021
30.2816014 0.0160000008
30.2848015 0.0200000014
30.2880014 0.0120000001
30.2912015 0.00800000038
30.2944014 0.00800000038
30.2976015 -0.00400000019
30.3008014 0.00800000038
30.3040015 0.00400000019
30.3072014 0
30.3104014 -0.00800000038
30.3136015 -0.00800000038
30.3168014 0
30.3200015 -0.0160000008
30.3232014 -0.0160000008
30.3264015 -0.0200000014
30.3296014 -0.02400000021
30.3328015 -0.0120000001
30.3360014 -0.0200000014
30.3392015 -0.02800000086
30.3424014 -0.02800000086
30.3456014 -0.02800000086
30.3488015 -0.02400000021
30.3520014 -0.03600000218
30.3552015 -0.02400000021
30.3584014 -0.02400000021
30.3616015 -0.04000000283
30.3648014 -0.03200000152
30.3680015 -0.02800000086
30.3712014 -0.04800000042
30.3744015 -0.02800000086
30.3776014 -0.02800000086
30.3808014 -0.02800000086
30.3840015 -0.0200000014
30.3872014 -0.0200000014
30.3904015 -0.02400000021
30.3936014 -0.04800000042
30.3968015 -0.02800000086
30.4000014 -0.0160000008
30.4032015 -0.02400000021
30.4064014 -0.02400000021
30.4096014 -0.0200000014
30.4128015 -0.0160000008
30.4160014 -0.00800000038
30.4192015 -0.0120000001
30.4224014 0.00800000038
30.4256015 -0.0120000001
30.4288014 -0.00800000038
30.4320015 -0.00800000038
30.4352014 -0.00800000038
30.4384015 0
30.4416014 0.00800000038
30.4448014 0.00400000019
30.4480015 0
30.4512014 0.00400000019
30.4544015 0.04000000283
30.4576014 0.0120000001
30.4608015 0.00800000038
30.4640014 0.00800000038
30.4672015 0
30.4704014 0.00400000019
30.4736015 0.00800000038
30.4768014 0
30.4800014 0.00400000019
30.4832015 0.00400000019
30.4864014 0.0160000008
30.4896015 0.0160000008
30.4928014 0.0120000001
30.4960015 0.00800000038
30.4992014 0.0160000008
30.5024015 0.0120000001
30.5056014 0.0160000008
30.5088015 0.00400000019
30.5120014 0.0120000001
30.5152014 0.00800000038
30.5184015 0
30.5216014 0.0200000014
30.5248015 0.00800000038
30.5280014 0.00800000038
30.5312015 -0.00400000019
30.5344014 0.00400000019
30.5376015 0
30.5408014 0.00400000019
30.5440015 -0.0200000014
30.5472014 0
30.5504014 -0.00800000038
30.5536015 0
30.5568014 -0.0120000001
30.5600015 -0.00400000019
30.5632014 -0.00800000038
30.5664015 -0.00800000038
30.5696014 -0.0200000014
30.5728015 -0.00800000038
30.5760014 -0.0120000001
30.5792015 -0.0160000008
30.5824014 0
30.5856014 -0.0200000014
30.5888015 -0.0120000001
30.5920014 -0.00800000038
30.5952015 -0.00800000038
30.5984014 -0.00400000019
30.6016015 0
30.6048014 -0.00400000019
30.6080015 0.00400000019
30.6112014 0.00400000019
30.6144015 0.00800000038
30.6176014 0.00400000019
30.6208014 0.0120000001
30.6240015 0.0200000014
30.6272014 0.02400000021
30.6304015 0.0160000008
30.6336014 0.0120000001
30.6368015 0.0160000008
30.6400014 0.02400000021
30.6432015 0.0120000001
30.6464014 0.0200000014
30.6496015 0.02400000021
30.6528015 0.0200000014
30.6560014 0.02400000021
30.6592015 0.02400000021
30.6624014 0.02800000086
30.6656015 0.03200000152
30.6688014 0.03600000218
30.6720015 0.04400000349
30.6752014 0.03600000218
30.6784015 0.04800000042
30.6816014 0.03600000218
30.6848015 0.04400000349
30.6880015 0.05200000107
30.6912014 0.056000001729
30.6944015 0.04800000042
30.6976014 0.056000001729
30.7008015 0.05200000107
30.7040014 0.072000004351
30.7072015 0.06400000304
30.7104014 0.068000003695
30.7136015 0.068000003695
30.7168014 0.06400000304
30.7200015 0.072000004351
30.7232015 0.072000004351
30.7264014 0.068000003695
30.7296015 0.068000003695
30.7328014 0.06400000304
30.7360015 0.060000002384
30.7392014 0.05200000107
30.7424015 0.056000001729
30.7456014 0.05200000107
30.7488015 0.056000001729
30.7520014 0.04400000349
30.7552015 0.04400000349
30.7584015 0.04800000042
30.7616014 0.04400000349
30.7648015 0.03600000218
30.7680014 0.03200000152
30.7712015 0.03600000218
30.7744014 0.0160000008
30.7776015 0.0200000014
30.7808014 0.00400000019
30.7840015 0.0120000001
30.7872014 0.0120000001
30.7904015 0
30.7936015 0.00400000019
30.7968014 -0.0120000001
30.8000015 -0.0120000001
30.8032014 -0.0120000001
30.8064015 -0.02400000021
30.8096014 -0.0200000014
30.8128015 -0.02800000086
30.8160014 -0.0200000014
30.8192015 -0.03200000152
30.8224015 -0.03200000152
30.8256015 -0.03600000218
30.8288015 -0.04800000042
30.8320014 -0.04800000042
30.8352015 -0.056000001729
30.8384014 -0.068000003695
30.8416015 -0.060000002384
30.8448014 -0.056000001729
30.8480015 -0.060000002384
30.8512014 -0.060000002384
30.8544015 -0.068000003695
30.8576015 -0.05200000107
30.8608015 -0.056000001729
30.8640015 -0.068000003695
30.8672014 -0.06400000304
30.8704015 -0.06400000304
30.8736014 -0.068000003695
30.8768015 -0.056000001729
30.8800014 -0.04800000042
30.8832015 -0.06400000304
30.8864014 -0.056000001729
30.8896015 -0.05200000107
30.8928015 -0.056000001729
30.8960015 -0.056000001729
30.8992015 -0.04800000042
30.9024014 -0.056000001729
30.9056015 -0.056000001729
30.9088014 -0.05200000107
30.9120015 -0.05200000107
30.9152014 -0.05200000107
30.9184015 -0.04800000042
30.9216014 -0.04000000283
30.9248015 -0.03600000218
30.9280015 -0.03200000152
30.9312015 -0.03200000152
30.9344015 -0.02800000086
30.9376014 -0.02800000086
30.9408015 -0.0160000008
30.9440014 -0.02400000021
30.9472015 -0.0200000014
30.9504014 -0.0160000008
30.9536015 -0.0160000008
30.9568014 -0.0120000001
30.9600015 0
30.9632015 0.00800000038
30.9664015 -0.00400000019
30.9696015 0.00400000019
30.9728014 0.00400000019
30.9760015 0.00800000038
30.9792014 0.0120000001
30.9824015 0.0120000001
30.9856014 0.0160000008
30.9888015 0.0160000008
30.9920014 0.03200000152
30.9952015 0.02400000021
30.9984015 0.02400000021
31.001601457596 0.02800000086
31.00480145216 0.03200000152
31.008001446724 0.03200000152
31.011201500893 0.03200000152
31.014401495457 0.02800000086
31.017601490021 0.02400000021
31.020801484585 0.03200000152
31.024001479149 0.03600000218
31.027201473713 0.04000000283
31.030401468277 0.03600000218
31.033601462841 0.02800000086
31.036801457405 0.03200000152
31.040001451969 0.03200000152
31.043201446533 0.04800000042
31.046401500702 0.04400000349
31.049601495266 0.03600000218
31.05280148983 0.04000000283
31.056001484394 0.04400000349
31.059201478958 0.03200000152
31.062401473522 0.05200000107
31.065601468086 0.04000000283
31.06880146265 0.02800000086
31.072001457214 0.03600000218
31.075201451778 0.03200000152
31.078401446342 0.04800000042
31.081601500511 0.02400000021
31.084801495075 0.04000000283
31.088001489639 0.02400000021
31.091201484203 0.0200000014
31.094401478767 0.0160000008
31.097601473331 0.0200000014
31.100801467896 0.02400000021
31.10400146246 0.0200000014
31.107201457024 0.0160000008
31.110401451588 0.04400000349
31.113601505756 0
31.11680150032 -0.00400000019
31.120001494884 0
31.123201489449 -0.00800000038
31.126401484013 -0.00800000038
31.129601478577 -0.0160000008
31.132801473141 -0.00800000038
31.136001467705 -0.0120000001
31.139201462269 -0.00400000019
31.142401456833 -0.00400000019
31.145601451397 -0.00800000038
31.148801505566 -0.0120000001
31.15200150013 -0.0160000008
31.155201494694 -0.00800000038
31.158401489258 -0.0200000014
31.161601483822 -0.02400000021
31.164801478386 -0.0120000001
31.16800147295 -0.0160000008
31.171201467514 -0.0120000001
31.174401462078 -0.0120000001
31.177601456642 -0.02800000086
31.180801510811 -0.0200000014
31.184001505375 -0.0160000008
31.187201499939 -0.0200000014
31.190401494503 -0.02400000021
31.193601489067 -0.00800000038
31.196801483631 -0.0160000008
31.200001478195 -0.0200000014
31.203201472759 -0.0200000014
31.206401467323 -0.02400000021
31.209601461887 -0.0120000001
31.212801456451 -0.0200000014
31.21600151062 -0.0120000001
31.219201505184 -0.0160000008
31.222401499748 -0.0200000014
31.225601494312 -0.0160000008
31.228801488876 -0.0160000008
31.23200148344 -0.0160000008
31.235201478004 -0.0160000008
31.238401472569 -0.0120000001
31.241601467133 -0.0160000008
31.244801461697 -0.00800000038
31.248001456261 -0.0160000008
31.251201510429 -0.0200000014
31.254401504993 -0.0200000014
31.257601499557 -0.00800000038
31.260801494122 -0.00800000038
31.264001488686 -0.0120000001
31.26720148325 -0.00400000019
31.270401477814 -0.00400000019
31.273601472378 -0.0120000001
31.276801466942 -0.00800000038
31.280001461506 -0.0160000008
31.28320145607 0
31.286401510239 0
31.289601504803 -0.00800000038
31.292801499367 -0.00400000019
31.296001493931 -0.00800000038
31.299201488495 -0.00800000038
31.302401483059 0
31.305601477623 -0.00800000038
31.308801472187 0
31.312001466751 0.02400000021
31.315201461315 -0.00800000038
31.318401515484 -0.00800000038
31.321601510048 0.00400000019
31.324801504612 -0.00400000019
31.328001499176 -0.0120000001
31.33120149374 -0.0120000001
31.334401488304 -0.0120000001
31.337601482868 -0.0200000014
31.340801477432 -0.0160000008
31.344001471996 -0.02400000021
31.34720146656 -0.0200000014
31.350401461124 -0.02400000021
31.353601515293 -0.0160000008
31.356801509857 -0.02400000021
31.360001504421 -0.02800000086
31.363201498985 -0.03200000152
31.366401493549 -0.0200000014
31.369601488113 -0.02800000086
31.372801482677 -0.02800000086
31.376001477242 -0.02400000021
31.379201471806 -0.03600000218
31.38240146637 -0.02800000086
31.385601520538 -0.02400000021
31.388801515102 -0.03200000152
31.392001509666 -0.03200000152
31.39520150423 -0.02800000086
31.398401498795 -0.0200000014
31.401601493359 -0.02800000086
31.404801487923 -0.0200000014
31.408001482487 -0.0200000014
31.411201477051 -0.0200000014
31.414401471615 -0.0160000008
31.417601466179 -0.0160000008
31.420801520348 -0.0160000008
31.424001514912 -0.0120000001
31.427201509476 -0.0200000014
31.43040150404 -0.0120000001
31.433601498604 -0.00400000019
31.436801493168 -0.0120000001
31.440001487732 -0.00400000019
31.443201482296 -0.00800000038
31.44640147686 0.00800000038
31.449601471424 0
31.452801465988 0.00400000019
31.456001520157 0.00400000019
31.459201514721 0.00400000019
31.462401509285 0.0120000001
31.465601503849 0.0200000014
31.468801498413 0.02800000086
31.472001492977 0.03200000152
31.475201487541 0.03200000152
31.478401482105 0.03200000152
31.481601476669 0.04000000283
31.484801471233 0.05200000107
31.488001465797 0.04800000042
31.491201519966 0.060000002384
31.49440151453 0.05200000107
31.497601509094 0.05200000107
31.500801503658 0.060000002384
31.504001498222 0.06400000304
31.507201492786 0.060000002384
31.51040148735 0.06400000304
31.513601481915 0.06400000304
31.516801506281 0.06400000304
31.520001500845 0.060000002384
31.523201495409 0.072000004351
31.526401489973 0.068000003695
31.529601484537 0.06400000304
31.532801508904 0.068000003695
31.536001503468 0.056000001729
31.539201498032 0.068000003695
31.542401492596 0.060000002384
31.54560148716 0.04400000349
31.548801511526 0.05200000107
31.55200150609 0.05200000107
31.555201500654 0.04000000283
31.558401495218 0.03600000218
31.561601489782 0.03200000152
31.564801514149 0.0200000014
31.568001508713 0.0120000001
31.571201503277 0.00800000038
31.574401497841 0.0120000001
31.577601492405 0.00400000019
31.580801486969 0
31.584001511335 -0.00800000038
31.587201505899 -0.00800000038
31.590401500463 -0.0160000008
31.593601495028 -0.0200000014
31.59680148959 -0.0120000001
31.60000151396 -0.02800000086
31.60320150852 -0.02400000021
31.60640150309 -0.02800000086
31.60960149765 -0.02800000086
31.61280149221 -0.04400000349
31.61600148678 -0.04000000283
31.61920151114 -0.03200000152
31.62240150571 -0.03600000218
31.62560150027 -0.04400000349
31.62880149484 -0.04400000349
31.6320014894 -0.04400000349
31.63520151377 -0.05200000107
31.63840150833 -0.04400000349
31.6416015029 -0.04800000042
31.64480149746 -0.04000000283
31.64800149202 -0.04800000042
31.65120151639 -0.04800000042
31.65440151095 -0.04800000042
31.65760150552 -0.060000002384
31.66080150008 -0.04400000349
31.66400149465 -0.04800000042
31.66720151901 -0.04000000283
31.67040151358 -0.04000000283
31.67360150814 -0.03600000218
31.6768015027 -0.03600000218
31.68000149727 -0.04400000349
31.68320149183 -0.0200000014
31.6864015162 -0.02800000086
31.68960151076 -0.02400000021
31.69280150533 -0.0200000014
31.69600149989 -0.0160000008
31.69920149446 -0.00800000038
31.70240151882 -0.0200000014
31.70560151339 -0.0200000014
31.70880150795 -0.0120000001
31.71200150251 -0.0120000001
31.71520149708 -0.00400000019
31.71840149164 0.00400000019
31.72160151601 0.00800000038
31.72480151057 0.00400000019
31.72800150514 0.00800000038
31.7312014997 0.00800000038
31.73440149426 0.00400000019
31.73760151863 0.0120000001
31.7408015132 0.0120000001
31.74400150776 0.0120000001
31.74720150232 0.02400000021
31.75040151179 0.0120000001
31.75360150635 0.0200000014
31.75680151582 0.02400000021
31.76000151038 0.02400000021
31.76320150495 0.0200000014
31.76640151441 0.03200000152
31.76960150898 0.02800000086
31.77280150354 0.02400000021
31.776001513 0.02800000086
31.77920150757 0.03600000218
31.78240150213 0.03200000152
31.7856015116 0.02800000086
31.78880150616 0.03200000152
31.79200151563 0.04400000349
31.79520151019 0.04800000042
31.79840150476 0.03600000218
31.80160151422 0.04400000349
31.80480150878 0.04400000349
31.80800151825 0.04000000283
31.81120151281 0.04400000349
31.81440150738 0.04000000283
31.81760151684 0.04400000349
31.82080151141 0.04800000042
31.82400150597 0.04800000042
31.82720151544 0.04000000283
31.83040151 0.04800000042
31.83360150456 0.04000000283
31.83680151403 0.0160000008
31.84000150859 0.03600000218
31.84320151806 0.02800000086
31.84640151262 0.03600000218
31.84960150719 0.02400000021
31.8528015167 0.02800000086
31.8560015112 0.02800000086
31.8592015207 0.04000000283
31.8624015152 0.03200000152
31.8656015098 0.03200000152
31.8688015193 0.02400000021
31.8720015138 0.02400000021
31.8752015159 0.0200000014
31.8784015179 0.04000000283
31.8816015124 0.0200000014
31.8848015144 0.03600000218
31.8880015165 0.0160000008
31.891201511 0.0200000014
31.894401513 0.0200000014
31.8976015151 0.0200000014
31.900801517069 0.0200000014
31.904001519084 0.00800000038
31.907201513648 0.0120000001
31.910401515663 0.0120000001
31.913601517677 0.03200000152
31.916801512241 0.00800000038
31.920001514256 -0.00400000019
31.923201516271 0.00800000038
31.926401518285 0.00400000019
31.9296015203 -0.00400000019
31.932801514864 0
31.936001516879 -0.00400000019
31.939201518893 0
31.942401517183 0.00400000019
31.94560151547 -0.00800000038
31.94880151749 -0.00400000019
31.9520015195 0
31.95520151779 -0.0160000008
31.95840151608 -0.02400000021
31.96160151809 -0.0200000014
31.96480152011 -0.0120000001
31.9680015184 -0.02800000086
31.97120151855 -0.02400000021
31.9744015187 -0.02800000086
31.97760151885 -0.02800000086
31.980801519 -0.03200000152
31.9840015192 -0.03600000218
31.9872015193 -0.03600000218
31.990401519462 -0.04000000283
31.99360151961 -0.04400000349
31.99680151977 -0.04000000283
32.0000015199184 -0.05200000107
32.00320152007 -0.04800000042
32.00640152022 -0.04400000349
32.009601520374 -0.04800000042
32.0128015205 -0.04800000042
32.0160015207 -0.05200000107
32.0192015208 -0.04000000283
32.02240152098 -0.060000002384
32.02560152113 -0.05200000107
32.02880152129 -0.04800000042
32.03200152144 -0.03600000218
32.03520151973 -0.04800000042
32.03840152174 -0.05200000107
32.04160152376 -0.04400000349
32.04480152205 -0.03200000152
32.04800152034 -0.04400000349
32.05120152235 -0.04400000349
32.05440152436 -0.04800000042
32.057601522654 -0.02800000086
32.060801520944 -0.04400000349
32.064001522958 -0.03600000218
32.067201524973 -0.03200000152
32.070401519537 -0.02400000021
32.073601521552 -0.02400000021
32.076801523566 -0.0200000014
32.080001525581 -0.02400000021
32.083201527596 -0.02400000021
32.08640152216 -0.00400000019
32.089601524174 -0.0120000001
32.092801526189 -0.00400000019
32.096001520753 -0.0120000001
32.099201522768 -0.00400000019
32.1024015248 -0.00400000019
32.1056015268 -0.0200000014
32.1088015288 -0.00400000019
32.1120015234 0.00800000038
32.1152015254 0.00800000038
32.1184015274 0.00400000019
32.121601522 0.0120000001
32.124801524 0.0200000014
32.128001526 0.02400000021
32.1312015206 0.0200000014
32.13440153 0.04000000283
32.1376015246 0.02400000021
32.1408015192 0.03600000218
32.1440015286 0.04000000283
32.1472015232 0.04400000349
32.15040153265 0.04000000283
32.15360152721 0.05200000107
32.15680152178 0.05200000107
32.16000153124 0.060000002384
32.16320152581 0.060000002384
32.16640153527 0.056000001729
32.16960152984 0.06400000304
32.1728015244 0.060000002384
32.17600153387 0.06400000304
32.17920152843 0.072000004351
32.18240152299 0.056000001729
32.18560153246 0.084000006318
32.18880152702 0.068000003695
32.19200152159 0.06400000304
32.19520153105 0.06400000304
32.19840152562 0.05200000107
32.20160153508 0.04800000042
32.20480152965 0.056000001729
32.20800152421 0.04400000349
32.21120153368 0.04000000283
32.21440152824 0.04000000283
32.2176015377 0.04000000283
32.22080153227 0.02800000086
32.22400152683 0.03200000152
32.2272015363 0.03600000218
32.23040153086 0.03600000218
32.23360152543 0.03200000152
32.23680153489 0.03200000152
32.24000152946 0.03600000218
32.24320152402 0.03200000152
32.24640153348 0.04000000283
32.24960152805 0.04000000283
32.25280153751 0.04800000042
32.25600153208 0.03600000218
32.25920152664 0.04400000349
32.26240152121 0.04400000349
32.26560154557 0.04400000349
32.26880154014 0.05200000107
32.2720015347 0.060000002384
32.27520152926 0.060000002384
32.27840152383 0.060000002384
32.28160154819 0.060000002384
32.28480154276 0.068000003695
32.28800153732 0.060000002384
32.29120153189 0.068000003695
32.29440152645 0.068000003695
32.29760152102 0.06400000304
32.30080154538 0.060000002384
32.30400153995 0.056000001729
32.30720153451 0.060000002384
32.31040152907 0.06400000304
32.31360152364 0.060000002384
32.316801548 0.060000002384
32.32000154257 0.060000002384
32.32320153713 0.060000002384
32.3264015317 0.060000002384
32.32960152626 0.060000002384
32.33280152082 0.056000001729
32.33600154519 0.05200000107
32.33920153975 0.05200000107
32.34240153432 0.05200000107
32.34560152888 0.056000001729
32.34880152345 0.05200000107
32.35200154781 0.072000004351
32.35520154238 0.0120000001
32.35840153694 0.04400000349
32.36160153151 0.04000000283
32.36480152607 0.02800000086
32.36800155044 0.02400000021
32.371201545 0.0160000008
32.37440153956 -0.02400000021
32.37760153413 0.00800000038
32.38080152869 0.0120000001
32.38400155306 0.00400000019
32.38720154762 0
32.39040154219 -0.00800000038
32.39360153675 -0.00400000019
32.39680153131 -0.00400000019
32.40000152588 -0.0200000014
32.40320155025 -0.0120000001
32.406401544809 -0.0200000014
32.409601539373 -0.0160000008
32.412801533937 -0.02800000086
32.416001528502 -0.02400000021
32.419201552868 -0.02400000021
32.422401547432 -0.0160000008
32.425601541996 -0.03200000152
32.42880153656 -0.0200000014
32.432001531124 -0.0200000014
32.435201525688 -0.0200000014
32.438401550055 -0.0200000014
32.441601544619 -0.02800000086
32.444801539183 -0.03200000152
32.448001533747 -0.03200000152
32.451201528311 -0.02800000086
32.454401552677 -0.04800000042
32.457601547241 -0.02400000021
32.460801541805 -0.03200000152
32.464001536369 -0.04000000283
32.467201530933 -0.03600000218
32.4704015553 -0.03200000152
32.473601549864 -0.03600000218
32.476801544428 -0.04000000283
32.480001538992 -0.04000000283
32.483201533556 -0.04000000283
32.486401557922 -0.05200000107
32.489601552486 -0.03600000218
32.49280154705 -0.04800000042
32.496001541615 -0.04800000042
32.499201536179 -0.04000000283
32.502401530743 -0.03600000218
32.505601525307 -0.04400000349
32.508801519871 -0.04400000349
32.512001514435 -0.04400000349
32.515201568604 -0.03200000152
32.518401563168 -0.04800000042
32.521601557732 -0.04400000349
32.524801552296 -0.04800000042
32.52800154686 -0.04000000283
32.531201541424 -0.04400000349
32.534401535988 -0.04400000349
32.537601530552 -0.04000000283
32.540801525116 -0.03600000218
32.54400151968 -0.04000000283
32.547201573849 -0.02800000086
32.550401568413 -0.03200000152
32.553601562977 -0.03200000152
32.556801557541 -0.02400000021
32.560001552105 -0.0160000008
32.563201546669 -0.02400000021
32.566401541233 -0.0200000014
32.569601535797 -0.0200000014
32.572801530361 -0.0160000008
32.576001524925 -0.0160000008
32.579201519489 -0.00800000038
32.582401573658 0.0120000001
32.585601568222 -0.00800000038
32.588801562786 -0.0160000008
32.59200155735 0.00400000019
32.595201551914 -0.00400000019
32.598401546478 0.00400000019
32.601601541042 -0.00400000019
32.604801535606 0.00400000019
32.60800153017 0
32.611201524734 0
32.614401578903 -0.03600000218
32.617601573467 -0.00400000019
32.620801568031 0
32.624001562595 0.0120000001
32.627201557159 0
32.630401551723 -0.00400000019
32.633601546288 -0.00800000038
32.636801540852 -0.0120000001
32.640001535416 -0.00800000038
32.64320152998 -0.0120000001
32.646401524544 -0.00400000019
32.649601578712 -0.00800000038
32.652801573277 -0.0120000001
32.656001567841 -0.0160000008
32.659201562405 -0.0160000008
32.662401556969 0.00400000019
32.665601551533 -0.0120000001
32.668801546097 -0.0200000014
32.672001540661 -0.00400000019
32.675201535225 -0.0160000008
32.678401529789 -0.02800000086
32.681601524353 -0.0160000008
32.684801578522 -0.02400000021
32.688001573086 -0.02400000021
32.69120156765 -0.02800000086
32.694401562214 -0.03200000152
32.697601556778 -0.0200000014
32.700801551342 -0.0120000001
32.704001545906 -0.02400000021
32.70720154047 -0.02800000086
32.710401535034 -0.02400000021
32.713601529598 -0.02400000021
32.716801524162 -0.0200000014
32.720001578331 -0.0160000008
32.723201572895 -0.02800000086
32.726401567459 -0.02800000086
32.729601562023 -0.02800000086
32.732801556587 -0.02400000021
32.736001551151 -0.04000000283
32.739201545715 -0.03200000152
32.742401540279 -0.04800000042
32.745601534843 -0.03200000152
32.748801529408 -0.02800000086
32.752001583576 -0.03200000152
32.75520157814 -0.03200000152
32.758401572704 -0.03200000152
32.761601567268 -0.04400000349
32.764801561832 -0.02800000086
32.768001556396 -0.02400000021
32.771201550961 -0.03200000152
32.774401545525 -0.04000000283
32.777601540089 -0.03600000218
32.780801534653 -0.02800000086
32.784001529217 -0.02400000021
32.787201583385 -0.0200000014
32.79040157795 -0.03200000152
32.793601572514 -0.02800000086
32.796801567078 -0.02400000021
32.800001561642 0.0160000008
32.803201556206 -0.02800000086
32.80640155077 -0.0160000008
32.809601545334 -0.02400000021
32.812801539898 -0.0200000014
32.816001534462 -0.02800000086
32.819201588631 -0.0120000001
32.822401583195 -0.0160000008
32.825601577759 -0.00800000038
32.828801572323 -0.00400000019
32.832001566887 -0.00800000038
32.835201561451 0
32.838401556015 0
32.841601550579 -0.00800000038
32.844801545143 0.00800000038
32.848001539707 0.00400000019
32.851201534271 0.00800000038
32.85440158844 0.00800000038
32.8576015830039 0.0120000001
32.860801577568 0.00800000038
32.864001572132 0.0120000001
32.867201566696 0.0200000014
32.87040156126 0.04400000349
32.873601555824 0.0120000001
32.876801550388 0.0160000008
32.880001544952 0.00800000038
32.883201539516 0
32.886401534081 0.00800000038
32.889601588249 0
32.892801582813 0
32.896001577377 -0.00800000038
32.899201571941 -0.0120000001
32.902401566505 -0.0120000001
32.905601561069 0
32.908801555634 -0.0160000008
32.912001550198 -0.0200000014
32.915201544762 -0.0120000001
32.918401539326 -0.03200000152
32.92160153389 -0.0200000014
32.924801588058 -0.03600000218
32.928001582623 -0.02800000086
32.931201577187 -0.03200000152
32.934401571751 -0.02800000086
32.937601566315 -0.04000000283
32.940801560879 -0.04800000042
32.944001555443 -0.04400000349
32.947201550007 -0.05200000107
32.950401544571 -0.04800000042
32.953601539135 -0.05200000107
32.956801593304 -0.056000001729
32.960001587868 -0.056000001729
32.963201582432 -0.056000001729
32.966401576996 -0.06400000304
32.96960157156 -0.056000001729
32.972801566124 -0.06400000304
32.976001560688 -0.056000001729
32.979201555252 -0.072000004351
32.982401549816 -0.060000002384
32.98560154438 -0.056000001729
32.988801538944 -0.060000002384
32.992001593113 -0.056000001729
32.995201587677 -0.05200000107
32.998401582241 -0.05200000107
33.0016016 -0.056000001729
33.0048015 -0.056000001729
33.0080016 -0.056000001729
33.0112016 -0.02800000086
33.0144016 -0.04400000349
33.0176016 -0.03600000218
33.0208015 -0.02400000021
33.0240016 -0.04400000349
33.0272015 -0.03200000152
33.0304016 -0.03200000152
33.0336015 -0.02800000086
33.0368016 -0.02400000021
33.0400015 -0.0160000008
33.0432016 -0.0160000008
33.0464016 0.0200000014
33.0496016 0
33.0528016 0
33.0560015 0.0120000001
33.0592016 0.02400000021
33.0624015 0.00400000019
33.0656016 0.04000000283
33.0688015 0.04000000283
33.0720016 0.05200000107
33.0752015 0.060000002384
33.0784016 0.072000004351
33.0816016 0.076000005007
33.0848016 0.084000006318
33.0880016 0.096000000834
33.0912015 0.1080000028
33.0944016 0.1160000041
33.0976015 0.1400000006
33.1008016 0.1200000048
33.1040015 0.1360000074
33.1072016 0.1360000074
33.1104016 0.1360000074
33.1136016 0.16000001132
33.1168016 0.15600000322
33.1200016 0.16400000453
33.1232016 0.16800001264
33.1264015 0.17200000584
33.1296016 0.18000000715
33.1328015 0.16000001132
33.1360016 0.16400000453
33.1392015 0.16000001132
33.1424016 0.16400000453
33.1456016 0.16000001132
33.1488016 0.15200001001
33.1520016 0.15200001001
33.1552016 0.1480000019
33.1584016 0.1400000006
33.1616015 0.1200000048
33.1648016 0.1080000028
33.1680015 0.1240000054
33.1712016 0.1040000021
33.1744015 0.096000000834
33.1776016 0.088000006974
33.1808016 0.088000006974
33.1840016 0.068000003695
33.1872016 0.06400000304
33.1904016 0.068000003695
33.1936016 0.04400000349
33.1968015 0.04000000283
33.2000016 0.060000002384
33.2032015 0.0200000014
33.2064016 0.0120000001
33.2096015 0
33.2128016 0
33.2160016 -0.00400000019
33.2192016 -0.00400000019
33.2224016 -0.0160000008
33.2256016 -0.0120000001
33.2288016 -0.03600000218
33.2320015 -0.03200000152
33.2352016 -0.03600000218
33.2384015 -0.04400000349
33.2416016 -0.04000000283
33.2448015 -0.04400000349
33.2480016 -0.056000001729
33.2512016 -0.056000001729
33.2544016 -0.056000001729
33.2576016 -0.068000003695
33.2608016 -0.056000001729
33.2640016 -0.04400000349
33.2672015 -0.056000001729
33.2704016 -0.060000002384
33.2736015 -0.060000002384
33.2768016 -0.056000001729
33.2800016 -0.060000002384
33.2832016 -0.060000002384
33.2864016 -0.056000001729
33.2896016 -0.056000001729
33.2928016 -0.05200000107
33.2960016 -0.05200000107
33.2992016 -0.05200000107
33.3024015 -0.056000001729
33.3056016 -0.05200000107
33.3088015 -0.04800000042
33.3120016 -0.04800000042
33.3152016 -0.04400000349
33.3184016 -0.04400000349
33.3216016 -0.04800000042
33.3248016 -0.05200000107
33.3280016 -0.04000000283
33.3312016 -0.04000000283
33.3344016 -0.04400000349
33.3376015 -0.04400000349
33.3408016 -0.03200000152
33.3440015 -0.02400000021
33.3472016 -0.03200000152
33.3504016 -0.02800000086
33.3536016 -0.03200000152
33.3568016 -0.02400000021
33.3600016 -0.00800000038
33.3632016 -0.02400000021
33.3664016 -0.0160000008
33.3696016 -0.0160000008
33.3728015 -0.0200000014
33.3760016 -0.0120000001
33.3792015 -0.00400000019
33.3824016 -0.00800000038
33.3856016 0
33.3888016 -0.0120000001
33.3920016 -0.00400000019
33.3952016 0
33.3984016 -0.0120000001
33.4016016 0.03600000218
33.4048016 0
33.4080015 -0.00400000019
33.4112016 0.00400000019
33.4144015 0
33.4176016 0
33.4208016 0
33.4240016 0.0120000001
33.4272016 0.00400000019
33.4304016 0.00400000019
33.4336016 0
33.4368016 0.00400000019
33.4400016 0.00400000019
33.4432015 0
33.4464016 0.00400000019
33.4496015 0.00800000038
33.4528016 0
33.4560016 -0.00400000019
33.4592016 0
33.4624016 -0.00400000019
33.4656016 0.00400000019
33.4688016 0
33.4720016 -0.00400000019
33.4752016 0
33.4784015 -0.0160000008
33.4816016 -0.00800000038
33.4848015 0
33.4880016 0.00800000038
33.4912016 -0.00800000038
33.4944016 -0.0120000001
33.4976016 -0.00400000019
33.5008016 -0.00400000019
33.5040016 0
33.5072016 -0.0120000001
33.5104016 -0.0120000001
33.5136015 -0.00800000038
33.5168016 -0.00800000038
33.5200016 0
33.5232016 -0.0120000001
33.5264016 0
33.5296016 -0.0160000008
33.5328016 -0.00400000019
33.5360016 -0.00800000038
33.5392016 -0.00400000019
33.5424016 0
33.5456016 0
33.5488015 0
33.5520016 -0.04400000349
33.5552016 0
33.5584016 -0.00800000038
33.5616016 0
33.5648016 0
33.5680016 -0.0120000001
33.5712016 -0.00400000019
33.5744016 -0.00800000038
33.5776016 -0.00800000038
33.5808016 -0.00400000019
33.5840015 -0.0120000001
33.5872016 -0.00800000038
33.5904016 -0.0120000001
33.5936016 -0.0160000008
33.5968016 -0.00800000038
33.6000016 -0.00800000038
33.6032016 -0.00800000038
33.6064016 -0.00400000019
33.6096016 -0.00400000019
33.6128016 -0.00400000019
33.6160016 -0.0160000008
33.6192015 -0.00400000019
33.6224016 0
33.6256016 -0.00800000038
33.6288016 0
33.6320016 0
33.6352016 -0.00400000019
33.6384016 0.00400000019
33.6416016 0.00800000038
33.6448016 0.00800000038
33.6480016 0.0120000001
33.6512016 0.0120000001
33.6544015 0.0120000001
33.6576016 0.00800000038
33.6608016 0.0200000014
33.6640016 0.00800000038
33.6672016 0.0120000001
33.6704016 0.02400000021
33.6736016 0.02400000021
33.6768016 0.0200000014
33.6800016 0.0160000008
33.6832016 0.0200000014
33.6864016 0.0160000008
33.6896017 0.02400000021
33.6928016 0.04000000283
33.6960016 0.02400000021
33.6992016 0.03600000218
33.7024016 0.02400000021
33.7056016 0.0200000014
33.7088016 0.0120000001
33.7120016 0.0120000001
33.7152016 0.02400000021
33.7184016 0.02400000021
33.7216016 0.0200000014
33.7248017 0.0200000014
33.7280016 0.0160000008
33.7312016 0.0200000014
33.7344016 0.02400000021
33.7376016 0.0160000008
33.7408016 0.0160000008
33.7440016 0.02400000021
33.7472016 0.0160000008
33.7504016 0.0200000014
33.7536016 0.02400000021
33.7568016 0.02400000021
33.7600017 0.03200000152
33.7632016 0.04800000042
33.7664016 0.03200000152
33.7696016 0.0160000008
33.7728016 0.02800000086
33.7760016 0.0200000014
33.7792016 0.02400000021
33.7824016 0.0200000014
33.7856016 0.0160000008
33.7888016 0.02400000021
33.7920016 0.0200000014
33.7952017 0.0200000014
33.7984016 0.0160000008
33.8016016 0.00800000038
33.8048016 0.0200000014
33.8080016 0.0160000008
33.8112016 0.0120000001
33.8144016 0.0200000014
33.8176016 0.0200000014
33.8208016 0.0200000014
33.8240016 0.0200000014
33.8272016 0.0160000008
33.8304017 0.0200000014
33.8336016 0.0200000014
33.8368016 0.02800000086
33.8400016 0.0160000008
33.8432016 0.02800000086
33.8464016 0.03200000152
33.8496016 0.04400000349
33.8528016 0.03200000152
33.8560016 0.04400000349
33.8592016 0.056000001729
33.8624016 0.04800000042
33.8656017 0.060000002384
33.8688016 0.06400000304
33.8720016 0.072000004351
33.8752016 0.076000005007
33.8784016 0.072000004351
33.8816016 0.076000005007
33.8848016 0.060000002384
33.8880016 0.072000004351
33.8912016 0.080000005662
33.8944016 0.084000006318
33.8976016 0.068000003695
33.9008017 0.084000006318
33.9040016 0.076000005007
33.9072016 0.076000005007
33.9104016 0.072000004351
33.9136016 0.072000004351
33.9168016 0.072000004351
33.9200016 0.06400000304
33.9232016 0.072000004351
33.9264016 0.068000003695
33.9296017 0.04000000283
33.9328016 0.04400000349
33.9360017 0.04400000349
33.9392016 0.03200000152
33.9424016 0.04400000349
33.9456016 0.02800000086
33.9488016 0.02400000021
33.9520016 0.0200000014
33.9552016 0.0120000001
33.9584016 -0.00400000019
33.9616016 -0.00800000038
33.9648017 0
33.9680016 -0.0120000001
33.9712017 -0.00800000038
33.9744016 -0.0120000001
33.9776016 -0.0120000001
33.9808016 -0.0160000008
33.9840016 -0.0160000008
33.9872016 -0.02400000021
33.9904016 -0.02800000086
33.9936016 -0.03200000152
33.9968016 -0.0160000008
34.0000017 -0.0200000014
34.0032017 -0.04000000283
34.0064015 -0.03600000218
34.0096016 -0.03200000152
34.0128016 -0.02400000021
34.0160017 -0.03200000152
34.0192015 -0.02800000086
34.0224016 -0.0200000014
34.0256016 -0.03600000218
34.0288017 -0.03600000218
34.0320017 -0.0160000008
34.0352015 -0.03600000218
34.0384016 -0.03600000218
34.0416017 -0.03600000218
34.0448017 -0.04000000283
34.0480015 -0.04400000349
34.0512016 -0.04400000349
34.0544016 -0.04400000349
34.0576017 -0.04400000349
34.0608015 -0.04800000042
34.0640016 -0.04000000283
34.0672016 -0.05200000107
34.0704017 -0.04000000283
34.0736017 -0.05200000107
34.0768015 -0.05200000107
34.0800016 -0.04400000349
34.0832016 -0.05200000107
34.0864017 -0.04400000349
34.0896015 -0.04400000349
34.0928016 -0.04000000283
34.0960016 -0.03600000218
34.0992017 -0.03600000218
34.1024017 -0.0200000014
34.1056015 -0.03200000152
34.1088016 -0.04000000283
34.1120017 -0.03600000218
34.1152017 -0.02400000021
34.1184015 -0.02400000021
34.1216016 -0.0120000001
34.1248016 -0.00400000019
34.1280017 0
34.1312015 -0.00400000019
34.1344016 0.00400000019
34.1376016 0.00400000019
34.1408017 0.0160000008
34.1440017 0.0160000008
34.1472015 0.02400000021
34.1504016 0.02400000021
34.1536016 0.02800000086
34.1568017 0.03200000152
34.1600015 0.03200000152
34.1632016 0.04000000283
34.1664016 0.04800000042
34.1696017 0.056000001729
34.1728017 0.04400000349
34.1760015 0.04400000349
34.1792016 0.04400000349
34.1824017 0.04800000042
34.1856017 0.06400000304
34.1888015 0.060000002384
34.1920016 0.060000002384
34.1952016 0.05200000107
34.1984017 0.05200000107
34.2016015 0.060000002384
34.2048016 0.056000001729
34.2080016 0.056000001729
34.2112017 0.04400000349
34.2144017 0.04400000349
34.2176015 0.04400000349
34.2208016 0.02800000086
34.2240016 0.04000000283
34.2272017 0.03600000218
34.2304015 0.03200000152
34.2336016 0.04400000349
34.2368016 0.02400000021
34.2400017 0.02800000086
34.2432017 0.02800000086
34.2464015 0.03200000152
34.2496016 0.0160000008
34.2528017 0.03600000218
34.2560017 0.02400000021
34.2592015 0.0200000014
34.2624016 0.02800000086
34.2656016 0.03200000152
34.2688017 0.02400000021
34.2720017 0.0200000014
34.2752016 0.04000000283
34.2784016 0.0200000014
34.2816017 0.00800000038
34.2848017 0.00400000019
34.2880015 0.0120000001
34.2912016 0.0160000008
34.2944016 0.0160000008
34.2976017 0.00400000019
34.3008015 0.0120000001
34.3040016 0.00400000019
34.3072016 0
34.3104017 -0.00800000038
34.3136017 -0.00800000038
34.3168015 -0.0160000008
34.3200016 -0.0160000008
34.3232017 -0.0120000001
34.3264017 -0.0200000014
34.3296015 -0.00800000038
34.3328016 -0.00800000038
34.3360016 -0.02800000086
34.3392017 -0.0120000001
34.3424017 -0.0200000014
34.3456016 -0.02400000021
34.3488016 -0.0200000014
34.3520017 -0.0200000014
34.3552017 0
34.3584015 -0.03600000218
34.3616016 -0.02800000086
34.3648016 -0.02800000086
34.3680017 -0.02400000021
34.3712015 -0.03600000218
34.3744016 -0.03200000152
34.3776016 -0.03600000218
34.3808017 -0.04400000349
34.3840017 -0.060000002384
34.3872015 -0.056000001729
34.3904016 -0.06400000304
34.3936017 -0.06400000304
34.3968017 -0.06400000304
34.4000015 -0.072000004351
34.4032016 -0.076000005007
34.4064016 -0.072000004351
34.4096017 -0.072000004351
34.4128017 -0.076000005007
34.4160016 -0.076000005007
34.4192016 -0.080000005662
34.4224017 -0.060000002384
34.4256017 -0.072000004351
34.4288015 -0.068000003695
34.4320016 -0.068000003695
34.4352016 -0.068000003695
34.4384017 -0.068000003695
34.4416018 -0.056000001729
34.4448016 -0.060000002384
34.4480016 -0.060000002384
34.4512017 -0.076000005007
34.4544017 -0.056000001729
34.4576015 -0.04800000042
34.4608016 -0.056000001729
34.4640017 -0.04400000349
34.4672017 -0.04400000349
34.4704015 -0.04400000349
34.4736016 -0.0160000008
34.4768016 -0.03200000152
34.4800017 -0.02800000086
34.4832017 -0.03200000152
34.4864016 -0.0200000014
34.4896016 -0.02400000021
34.4928017 -0.0120000001
34.4960017 -0.02400000021
34.4992015 -0.0160000008
34.5024016 -0.0160000008
34.5056016 -0.0200000014
34.5088017 -0.0160000008
34.5120018 -0.0120000001
34.5152016 -0.0160000008
34.5184016 -0.0200000014
34.5216017 -0.00800000038
34.5248017 -0.00800000038
34.5280015 -0.00800000038
34.5312016 -0.00800000038
34.5344017 -0.0120000001
34.5376017 -0.00800000038
34.5408015 -0.0120000001
34.5440016 -0.0160000008
34.5472016 0.0120000001
34.5504017 0
34.5536017 0.0120000001
34.5568016 0.00800000038
34.5600016 0.0120000001
34.5632017 0.0160000008
34.5664017 0.0200000014
34.5696015 0.0200000014
34.5728016 0.02400000021
34.5760016 0.0200000014
34.5792017 0.03600000218
34.5824018 0.03600000218
34.5856016 0.03200000152
34.5888016 0.03600000218
34.5920017 0.04000000283
34.5952017 0.04400000349
34.5984015 0.02800000086
34.6016016 0.04800000042
34.6048017 0.04000000283
34.6080017 0.04800000042
34.6112018 0.04400000349
34.6144016 0.04800000042
34.6176016 0.04400000349
34.6208017 0.05200000107
34.6240017 0.04800000042
34.6272016 0.05200000107
34.6304016 0.060000002384
34.6336017 0.05200000107
34.6368017 0.06400000304
34.6400015 0.072000004351
34.6432016 0.084000006318
34.6464016 0.084000006318
34.6496017 0.088000006974
34.6528018 0.092000007629
34.6560016 0.092000007629
34.6592016 0.1000000015
34.6624017 0.1040000021
34.6656017 0.1160000041
34.6688015 0.1080000028
34.6720016 0.1040000021
34.6752017 0.1160000041
34.6784017 0.1200000048
34.6816018 0.1160000041
34.6848016 0.1240000054
34.6880016 0.1200000048
34.6912017 0.1120000035
34.6944017 0.1120000035
34.6976016 0.1080000028
34.7008016 0.1000000015
34.7040017 0.096000000834
34.7072017 0.096000000834
34.7104015 0.1000000015
34.7136016 0.080000005662
34.7168016 0.072000004351
34.7200017 0.068000003695
34.72320175 0.068000003695
34.72640157 0.060000002384
34.72960162 0.04800000042
34.73280168 0.03600000218
34.73600173 0.00400000019
34.73920155 0.02400000021
34.7424016 0.0120000001
34.74560165 0.0120000001
34.74880171 0
34.75200176 -0.00400000019
34.75520158 -0.0200000014
34.75840163 -0.00800000038
34.76160169 -0.00800000038
34.76480174 -0.02800000086
34.76800156 -0.03200000152
34.77120161 -0.03600000218
34.77440166 -0.03600000218
34.77760172 -0.04000000283
34.78080153 -0.056000001729
34.78400159 -0.04400000349
34.78720164 -0.05200000107
34.7904017 -0.056000001729
34.79360175 -0.060000002384
34.79680157 -0.06400000304
34.80000162 -0.060000002384
34.80320168 -0.04800000042
34.80640173 -0.060000002384
34.80960155 -0.068000003695
34.8128016 -0.072000004351
34.81600165 -0.068000003695
34.81920171 -0.072000004351
34.82240176 -0.060000002384
34.82560158 -0.06400000304
34.82880163 -0.068000003695
34.83200169 -0.068000003695
34.83520174 -0.068000003695
34.83840156 -0.060000002384
34.84160161 -0.072000004351
34.84480166 -0.072000004351
34.84800172 -0.056000001729
34.85120177 -0.04800000042
34.85440159 -0.06400000304
34.85760164 -0.06400000304
34.8608017 -0.05200000107
34.86400175 -0.060000002384
34.86720157 -0.05200000107
34.87040162 -0.056000001729
34.87360168 -0.060000002384
34.87680173 -0.04800000042
34.88000154 -0.056000001729
34.8832016 -0.05200000107
34.88640165 -0.05200000107
34.88960171 -0.05200000107
34.89280176 -0.04800000042
34.89600158 -0.04800000042
34.89920163 -0.02800000086
34.90240169 -0.04000000283
34.90560174 -0.03600000218
34.90880156 -0.05200000107
34.91200161 -0.04000000283
34.91520166 -0.04400000349
34.91840172 -0.03600000218
34.92160177 -0.02800000086
34.92480159 -0.03600000218
34.92800164 -0.0120000001
34.9312017 -0.0200000014
34.93440175 -0.02800000086
34.93760157 -0.02800000086
34.94080162 -0.02400000021
34.94400167 -0.0120000001
34.94720173 -0.0120000001
34.95040154 -0.00800000038
34.9536016 0
34.95680165 -0.00800000038
34.96000171 0
34.96320176 -0.0120000001
34.96640158 -0.00400000019
34.96960163 0
34.97280169 0.0160000008
34.97600174 0.00800000038
34.97920156 0.00800000038
34.98240161 0.0160000008
34.98560166 0.0200000014
34.98880172 0.00800000038
34.99200177 0.02800000086
34.99520159 0.0200000014
34.99840164 0.02400000021
35.0016017 0.02800000086
35.00480175 0.0200000014
35.00800157 0.02800000086
35.01120162 0.02800000086
35.01440167 0.02800000086
35.01760173 0.0200000014
35.02080154 0.0160000008
35.0240016 0.0200000014
35.02720165 0.0200000014
35.03040171 0.02800000086
35.03360176 0.03200000152
35.03680158 0.0120000001
35.04000163 0.0200000014
35.04320168 0.00800000038
35.04640174 0.00800000038
35.04960155 0.0120000001
35.05280161 0.00800000038
35.05600166 0.00400000019
35.05920172 0.00400000019
35.06240177 0.00400000019
35.06560159 0
35.06880164 0
35.0720017 -0.00400000019
35.07520175 -0.00800000038
35.07840157 -0.00400000019
35.08160162 -0.0120000001
35.08480167 -0.0200000014
35.08800173 -0.0120000001
35.09120178 -0.0120000001
35.0944016 -0.0160000008
35.09760165 -0.0160000008
35.10080171 -0.0120000001
35.10400176 -0.0120000001
35.10720158 -0.0200000014
35.11040163 -0.03200000152
35.11360168 -0.02400000021
35.11680174 -0.02400000021
35.12000155 -0.02800000086
35.12320161 -0.02800000086
35.12640166 -0.0200000014
35.12960172 -0.02800000086
35.13280177 -0.02800000086
35.13600159 -0.03200000152
35.13920164 -0.02400000021
35.1424017 -0.0160000008
35.14560175 -0.0200000014
35.14880157 -0.02400000021
35.15200162 -0.02400000021
35.15520167 -0.0120000001
35.15840173 -0.02400000021
35.16160178 -0.02800000086
35.1648016 -0.02800000086
35.16800165 -0.02800000086
35.17120171 -0.02400000021
35.17440176 -0.0200000014
35.17760158 -0.02400000021
35.18080163 -0.02400000021
35.18400168 -0.0200000014
35.18720174 -0.0160000008
35.19040155 -0.0200000014
35.19360161 -0.02800000086
35.19680166 -0.0160000008
35.20000172 -0.02400000021
35.20320177 -0.0200000014
35.20640159 -0.02400000021
35.20960164 -0.02400000021
35.21280169 -0.0160000008
35.21600175 -0.0200000014
35.21920156 -0.0120000001
35.22240162 -0.0120000001
35.22560167 -0.00400000019
35.22880173 -0.0200000014
35.23200178 -0.0160000008
35.2352016 -0.0120000001
35.23840165 -0.0120000001
35.24160171 -0.0120000001
35.24480176 0.00400000019
35.24800158 -0.00800000038
35.25120163 0
35.25440168 -0.00800000038
35.25760174 0
35.26080179 0
35.26400161 0.0120000001
35.26720166 0
35.27040172 0.0120000001
35.27360177 0.0160000008
35.27680159 0.0200000014
35.28000164 0.0160000008
35.28320169 0.00400000019
35.28640175 0.0160000008
35.28960156 0.0160000008
35.29280162 0.02400000021
35.29600167 0.02400000021
35.29920173 0.02400000021
35.30240178 0.02800000086
35.3056016 0.02400000021
35.30880165 0.02400000021
35.31200171 0.02400000021
35.31520176 0.03200000152
35.31840158 0.0200000014
35.32160163 0.02400000021
35.32480168 0.02800000086
35.32800174 0.02400000021
35.33120179 0.02800000086
35.33440161 0.02800000086
35.33760166 0.0200000014
35.34080172 0.02400000021
35.34400177 0.0160000008
35.34720159 0.00800000038
35.35040164 0.0160000008
35.35360169 0.03200000152
35.35680175 0.0160000008
35.36000156 0.00800000038
35.36320162 0.00800000038
35.36640167 0.00800000038
35.36960173 0.00800000038
35.37280178 -0.00400000019
35.3760016 0.0120000001
35.37920165 0.00800000038
35.3824017 0.0160000008
35.38560176 0.0160000008
35.38880157 0.00800000038
35.39200163 0.0120000001
35.39520168 0.00800000038
35.39840174 0.00800000038
35.40160179 0.00800000038
35.40480161 0.00800000038
35.40800166 0.00800000038
35.41120172 0.0120000001
35.41440177 0.0160000008
35.41760159 0.0120000001
35.42080164 0.0120000001
35.42400169 0.02800000086
35.42720175 0.02800000086
35.4304018 0.02400000021
35.43360162 0.0160000008
35.43680167 0.00800000038
35.44000173 0.0200000014
35.44320178 0.03600000218
35.4464016 0.04000000283
35.44960165 0.04400000349
35.4528017 0.05200000107
35.45600176 0.056000001729
35.45920157 0.060000002384
35.46240163 0.04800000042
35.46560168 0.06400000304
35.46880174 0.068000003695
35.47200179 0.072000004351
35.47520161 0.072000004351
35.47840166 0.084000006318
35.48160172 0.080000005662
35.48480177 0.088000006974
35.48800159 0.088000006974
35.49120164 0.096000000834
35.49440169 0.088000006974
35.49760175 0.092000007629
35.5008018 0.092000007629
35.50400162 0.092000007629
35.50720167 0.1000000015
35.51040173 0.084000006318
35.51360178 0.092000007629
35.5168016 0.084000006318
35.52000165 0.076000005007
35.5232017 0.084000006318
35.52640176 0.080000005662
35.52960157 0.072000004351
35.53280163 0.068000003695
35.53600168 0.060000002384
35.53920174 0.06400000304
35.54240179 0.05200000107
35.54560161 0.04800000042
35.54880166 0.04000000283
35.55200171 0.03600000218
35.55520177 0.02800000086
35.55840158 0.03600000218
35.56160164 0.02400000021
35.56480169 0.0200000014
35.56800175 0.0120000001
35.5712018 0.00400000019
35.57440162 0
35.57760167 -0.0120000001
35.58080173 -0.0120000001
35.58400178 -0.00800000038
35.5872016 -0.0160000008
35.59040165 -0.02400000021
35.5936017 -0.00800000038
35.59680176 -0.02400000021
35.60000157 -0.0200000014
35.60320163 -0.03200000152
35.60640168 -0.03200000152
35.60960174 -0.04000000283
35.61280179 -0.056000001729
35.61600161 -0.056000001729
35.61920166 -0.056000001729
35.62240171 -0.056000001729
35.62560177 -0.060000002384
35.62880158 -0.060000002384
35.63200164 -0.068000003695
35.63520169 -0.06400000304
35.63840175 -0.06400000304
35.6416018 -0.06400000304
35.64480162 -0.060000002384
35.64800167 -0.068000003695
35.65120173 -0.072000004351
35.65440178 -0.068000003695
35.65760159 -0.088000006974
35.66080165 -0.076000005007
35.6640017 -0.072000004351
35.66720176 -0.06400000304
35.67040181 -0.068000003695
35.67360163 -0.06400000304
35.67680168 -0.068000003695
35.68000174 -0.076000005007
35.68320179 -0.068000003695
35.68640161 -0.05200000107
35.68960166 -0.06400000304
35.69280171 -0.060000002384
35.69600177 -0.06400000304
35.69920158 -0.04400000349
35.70240164 -0.06400000304
35.70560169 -0.04000000283
35.70880175 -0.05200000107
35.7120018 -0.04400000349
35.71520162 -0.056000001729
35.71840167 -0.04800000042
35.72160172 -0.04400000349
35.72480178 -0.03600000218
35.72800159 -0.056000001729
35.73120165 -0.0200000014
35.7344017 -0.04000000283
35.73760176 -0.03200000152
35.74080181 -0.0200000014
35.74400163 -0.02800000086
35.74720168 -0.02400000021
35.75040174 -0.0200000014
35.75360179 -0.0120000001
35.75680161 -0.0200000014
35.76000166 -0.00400000019
35.76320171 0.00800000038
35.76640177 -0.00800000038
35.76960158 0
35.77280164 0
35.77600169 0.00800000038
35.77920175 0.00800000038
35.7824018 0.0120000001
35.78560162 0.0200000014
35.78880167 0.0200000014
35.79200172 0.02800000086
35.79520178 0.02800000086
35.79840159 0.0160000008
35.80160165 0.02800000086
35.8048017 0.02800000086
35.80800176 0.02800000086
35.81120181 0.04800000042
35.81440163 0.03200000152
35.81760168 0.02800000086
35.82080173 0.02800000086
35.82400179 0.03200000152
35.8272016 0.03200000152
35.83040166 0.03600000218
35.83360171 0.05200000107
35.83680177 0.03200000152
35.84000158 0.04400000349
35.84320164 0.04000000283
35.84640169 0.02800000086
35.84960175 0.02400000021
35.8528018 0.03200000152
35.85600162 0.0120000001
35.85920167 0.02400000021
35.86240172 0.0160000008
35.86560178 0.02400000021
35.86880159 0.03200000152
35.87200165 0.02400000021
35.8752017 0.0200000014
35.87840176 0.02400000021
35.88160181 0.0200000014
35.88480163 0.0200000014
35.88800168 0.0120000001
35.89120173 0.0120000001
35.89440179 0.0160000008
35.8976016 0.0120000001
35.90080166 0.00800000038
35.90400171 0.00400000019
35.90720177 0
35.91040182 0
35.91360164 0.00400000019
35.91680169 0.00800000038
35.92000175 0.03600000218
35.9232018 -0.0160000008
35.92640162 -0.00800000038
35.92960167 0.00800000038
35.93280172 -0.00400000019
35.93600178 -0.00800000038
35.93920159 -0.00800000038
35.94240165 0
35.9456017 -0.00400000019
35.94880176 -0.00800000038
35.95200181 -0.00800000038
35.95520163 -0.00800000038
35.95840168 -0.0160000008
35.96160173 0
35.96480179 -0.0120000001
35.9680016 -0.0160000008
35.97120166 -0.0120000001
35.97440171 -0.0120000001
35.97760177 -0.0120000001
35.98080182 -0.00800000038
35.98400164 -0.0200000014
35.98720169 -0.02400000021
35.99040174 0
35.9936018 -0.0160000008
35.99680161 -0.00800000038
36.00000191 -0.0120000001
36.00320148 -0.0120000001
36.00640154 -0.02800000086
36.00960159 -0.0160000008
36.01280165 -0.0200000014
36.0160017 -0.0160000008
36.01920176 -0.0160000008
36.02240181 -0.0160000008
36.02560186 -0.00800000038
36.02880192 -0.0120000001
36.0320015 -0.0120000001
36.03520155 -0.0120000001
36.0384016 0.00400000019
36.04160166 -0.00800000038
36.04480171 0.00400000019
36.04800177 0.00400000019
36.05120182 0.00400000019
36.05440187 0
36.05760193 0.00400000019
36.06080151 0.0120000001
36.06400156 0.03200000152
36.06720161 0.0120000001
36.07040167 0.0160000008
36.07360172 0.00400000019
36.07680178 0.0200000014
36.08000183 0.0160000008
36.08320189 0.0200000014
36.08640194 0.0120000001
36.08960152 0
36.09280157 0.00800000038
36.09600163 -0.00400000019
36.09920168 -0.00800000038
36.10240173 -0.00400000019
36.10560179 -0.0160000008
36.10880184 -0.0120000001
36.1120019 -0.0120000001
36.11520195 -0.0200000014
36.11840153 -0.02400000021
36.12160158 -0.0200000014
36.12480164 -0.02400000021
36.12800169 -0.02400000021
36.13120174 -0.0120000001
36.1344018 -0.0200000014
36.13760185 -0.0200000014
36.14080191 -0.0200000014
36.14400148 -0.0200000014
36.14720154 -0.02400000021
36.15040159 -0.0120000001
36.15360165 -0.03200000152
36.1568017 -0.00800000038
36.16000175 0.00400000019
36.16320181 0
36.16640186 -0.00800000038
36.16960192 0
36.17280149 0
36.17600155 0.00800000038
36.1792016 0.00800000038
36.18240166 0.0200000014
36.18560171 0.0120000001
36.18880177 0.0200000014
36.19200182 0.0200000014
36.19520187 0.02400000021
36.19840193 0.0160000008
36.20160151 0.0120000001
36.20480156 0.02800000086
36.20800161 0.02400000021
36.21120167 0.0160000008
36.21440172 0.0120000001
36.21760178 0.0120000001
36.22080183 0.0160000008
36.22400188 0.0200000014
36.22720194 0.0120000001
36.23040152 0.0160000008
36.23360157 0.0120000001
36.23680162 0.00400000019
36.24000168 -0.00800000038
36.24320173 -0.00400000019
36.24640179 0
36.24960184 0
36.2528019 -0.00800000038
36.25600195 -0.0120000001
36.25920153 -0.00400000019
36.26240158 0
36.26560163 0
36.26880169 -0.00400000019
36.27200174 -0.00400000019
36.2752018 0
36.27840185 0
36.28160191 -0.00400000019
36.28480196 0.00400000019
36.28800154 0.02400000021
36.29120159 0.0120000001
36.29440165 0.0160000008
36.2976017 0.0200000014
36.30080175 0.02400000021
36.30400181 0.0200000014
36.30720186 0.056000001729
36.31040192 0.04000000283
36.31360149 0.056000001729
36.31680155 0.04800000042
36.3200016 0.060000002384
36.32320166 0.060000002384
36.32640171 0.076000005007
36.32960176 0.076000005007
36.33280182 0.076000005007
36.33600187 0.06400000304
36.33920193 0.084000006318
36.3424015 0.092000007629
36.34560156 0.080000005662
36.34880161 0.092000007629
36.35200167 0.088000006974
36.35520172 0.092000007629
36.35840178 0.084000006318
36.36160183 0.088000006974
36.36480188 0.084000006318
36.36800194 0.084000006318
36.37120152 0.088000006974
36.37440157 0.06400000304
36.37760162 0.068000003695
36.38080168 0.072000004351
36.38400173 0.060000002384
36.38720179 0.05200000107
36.39040184 0.04800000042
36.39360189 0.03600000218
36.39680195 0.04400000349
36.40000153 0.02400000021
36.40320158 0.03200000152
36.40640163 0.0160000008
36.40960169 0.0120000001
36.41280174 0.0160000008
36.4160018 0
36.41920185 -0.0120000001
36.42240191 -0.00400000019
36.42560196 -0.0120000001
36.42880154 -0.0160000008
36.43200159 -0.03200000152
36.43520164 -0.02800000086
36.4384017 -0.04000000283
36.44160175 -0.03600000218
36.44480181 -0.04800000042
36.44800186 -0.04800000042
36.45120192 -0.04400000349
36.45440197 -0.056000001729
36.45760155 -0.056000001729
36.4608016 -0.060000002384
36.46400166 -0.060000002384
36.46720171 -0.056000001729
36.47040176 -0.06400000304
36.47360182 -0.06400000304
36.47680187 -0.060000002384
36.48000193 -0.06400000304
36.4832015 -0.060000002384
36.48640156 -0.072000004351
36.48960161 -0.06400000304
36.49280167 -0.056000001729
36.49600172 -0.06400000304
36.49920177 -0.060000002384
36.50240183 -0.060000002384
36.50560188 -0.060000002384
36.50880194 -0.05200000107
36.51200151 -0.06400000304
36.51520157 -0.04400000349
36.51840162 -0.04800000042
36.52160168 -0.06400000304
36.52480173 -0.04800000042
36.52800179 -0.04400000349
36.53120184 -0.03200000152
36.53440189 -0.04400000349
36.53760195 -0.03600000218
36.54080153 -0.04000000283
36.54400158 -0.056000001729
36.54720163 -0.04000000283
36.55040169 -0.0200000014
36.55360174 -0.02400000021
36.5568018 -0.0200000014
36.56000185 -0.0120000001
36.5632019 -0.0160000008
36.56640196 0.00800000038
36.56960154 -0.00400000019
36.57280159 0
36.57600164 0.00800000038
36.5792017 0
36.58240175 0.00400000019
36.58560181 0.0120000001
36.58880186 0.0200000014
36.59200191 0.0160000008
36.59520197 0.0120000001
36.59840155 0.0160000008
36.6016016 -0.00400000019
36.60480165 0
36.60800171 0.00800000038
36.61120176 -0.00400000019
36.61440182 0.0120000001
36.61760187 0
36.62080193 -0.00400000019
36.6240015 0.00400000019
36.62720156 -0.00400000019
36.63040161 0
36.63360167 0.00400000019
36.63680172 -0.00800000038
36.64000177 0.0120000001
36.64320183 0.00400000019
36.64640188 0.00400000019
36.64960194 0.0160000008
36.65280151 0.0160000008
36.65600157 0.0160000008
36.65920162 0.0120000001
36.66240168 0
36.66560173 0.0160000008
36.66880178 0.02400000021
36.67200184 0.0120000001
36.67520189 0.02400000021
36.67840195 0.02400000021
36.68160152 0.0160000008
36.68480158 0.02800000086
36.68800163 0.02800000086
36.69120169 0.0160000008
36.69440174 0.0200000014
36.6976018 0.02400000021
36.70080185 0.0120000001
36.7040019 0.0160000008
36.70720196 0.0120000001
36.71040154 0.00800000038
36.71360159 0.00800000038
36.71680164 0.02400000021
36.7200017 0.00800000038
36.72320175 -0.00400000019
36.72640181 -0.0160000008
36.72960186 -0.00800000038
36.73280191 -0.00800000038
36.73600197 -0.0160000008
36.73920155 -0.00400000019
36.7424016 -0.0120000001
36.74560165 -0.0200000014
36.74880171 -0.0120000001
36.75200176 -0.02400000021
36.75520182 -0.0160000008
36.75840187 -0.0200000014
36.76160192 -0.00800000038
36.76480198 -0.0200000014
36.76800156 -0.0200000014
36.77120161 -0.0160000008
36.77440166 -0.03200000152
36.77760172 -0.0200000014
36.78080177 -0.00800000038
36.78400183 -0.0200000014
36.78720188 -0.00800000038
36.79040194 -0.0160000008
36.79360151 -0.0120000001
36.79680157 -0.0120000001
36.80000162 -0.00800000038
36.80320168 -0.00800000038
36.80640173 -0.0120000001
36.80960178 -0.00400000019
36.81280184 -0.0120000001
36.81600189 0.04000000283
36.81920195 -0.00400000019
36.82240152 -0.0200000014
36.82560158 0.00800000038
36.82880163 -0.00800000038
36.83200169 0.00400000019
36.83520174 -0.00800000038
36.83840179 -0.00400000019
36.84160185 -0.0160000008
36.8448019 -0.00400000019
36.84800196 -0.00800000038
36.85120153 0.00400000019
36.85440159 -0.00400000019
36.85760164 -0.00800000038
36.8608017 -0.00400000019
36.86400175 -0.0160000008
36.86720181 -0.0120000001
36.87040186 -0.00400000019
36.87360191 -0.00400000019
36.87680197 -0.0120000001
36.88000154 -0.0160000008
36.8832016 -0.00800000038
36.88640165 -0.0160000008
36.88960171 0
36.89280176 -0.00400000019
36.89600182 -0.02800000086
36.89920187 0
36.90240192 -0.00400000019
36.90560198 -0.00800000038
36.90880156 0
36.91200161 -0.00400000019
36.91520166 0.00400000019
36.91840172 0.00800000038
36.92160177 0
36.92480183 0.0120000001
36.92800188 0.00400000019
36.93120193 0
36.93440199 0.00400000019
36.93760157 0.0120000001
36.94080162 0.0160000008
36.94400167 0.00800000038
36.94720173 -0.00400000019
36.95040178 0.0120000001
36.95360184 0.00400000019
36.95680189 0.00400000019
36.96000195 0.00400000019
36.96320152 0.00800000038
36.96640158 0.0160000008
36.96960163 0
36.97280169 -0.00400000019
36.97600174 -0.00400000019
36.97920179 -0.00800000038
36.98240185 -0.00800000038
36.9856019 0.00800000038
36.98880196 -0.00400000019
36.99200153 0
36.99520159 -0.00800000038
36.99840164 -0.0120000001
37.0016017 -0.00800000038
37.00480175 -0.0160000008
37.0080018 -0.02400000021
37.01120186 -0.02400000021
37.01440191 -0.0200000014
37.01760197 -0.02800000086
37.02080154 -0.0160000008
37.0240016 -0.02400000021
37.02720165 -0.02400000021
37.03040171 -0.02400000021
37.03360176 -0.02800000086
37.03680182 -0.02800000086
37.04000187 -0.02400000021
37.04320192 -0.02800000086
37.04640198 -0.02400000021
37.04960155 -0.03200000152
37.05280161 -0.02800000086
37.05600166 -0.02800000086
37.05920172 -0.02800000086
37.06240177 -0.02800000086
37.06560183 -0.0120000001
37.06880188 -0.03200000152
37.07200193 -0.0160000008
37.07520199 -0.02400000021
37.07840157 -0.0200000014
37.08160162 -0.02400000021
37.08480167 -0.0200000014
37.08800173 -0.0120000001
37.09120178 -0.0160000008
37.09440184 0.00800000038
37.09760189 0
37.10080194 -0.00800000038
37.104002 -0.00400000019
37.10720158 -0.00400000019
37.11040163 0.00400000019
37.11360168 0.0120000001
37.11680174 0.0200000014
37.12000179 0.00400000019
37.12320185 0.03200000152
37.1264019 0.04000000283
37.12960196 0.04800000042
37.13280153 0.04400000349
37.13600159 0.056000001729
37.13920164 0.060000002384
37.1424017 0.056000001729
37.14560175 0.080000005662
37.1488018 0.076000005007
37.15200186 0.076000005007
37.15520191 0.088000006974
37.15840197 0.088000006974
37.16160154 0.1000000015
37.1648016 0.096000000834
37.16800165 0.1040000021
37.17120171 0.1040000021
37.17440176 0.1000000015
37.17760181 0.1040000021
37.18080187 0.1080000028
37.18400192 0.1120000035
37.18720198 0.1000000015
37.19040155 0.1160000041
37.19360161 0.1080000028
37.19680166 0.1080000028
37.20000172 0.096000000834
37.20320177 0.1000000015
37.20640182 0.1000000015
37.20960188 0.096000000834
37.21280193 0.080000005662
37.21600199 0.080000005662
37.21920156 0.080000005662
37.22240162 0.080000005662
37.22560167 0.076000005007
37.22880173 0.060000002384
37.23200178 0.056000001729
37.23520184 0.04800000042
37.23840189 0.04000000283
37.24160194 0.04400000349
37.244802 0.03200000152
37.24800158 0.02800000086
37.25120163 0.0120000001
37.25440168 0.02800000086
37.25760174 0.00400000019
37.26080179 -0.00400000019
37.26400185 -0.00800000038
37.2672019 -0.0160000008
37.27040195 -0.03200000152
37.27360153 -0.02400000021
37.27680159 -0.04000000283
37.28000164 -0.04400000349
37.28320169 -0.04800000042
37.28640175 -0.068000003695
37.2896018 -0.060000002384
37.29280186 -0.060000002384
37.29600191 -0.096000000834
37.29920197 -0.06400000304
37.30240154 -0.076000005007
37.3056016 -0.076000005007
37.30880165 -0.072000004351
37.31200171 -0.068000003695
37.31520176 -0.076000005007
37.31840181 -0.072000004351
37.32160187 -0.080000005662
37.32480192 -0.072000004351
37.32800198 -0.072000004351
37.33120155 -0.076000005007
37.33440161 -0.072000004351
37.33760166 -0.068000003695
37.34080172 -0.06400000304
37.34400177 -0.06400000304
37.34720182 -0.056000001729
37.35040188 -0.060000002384
37.35360193 -0.060000002384
37.35680199 -0.05200000107
37.36000156 -0.060000002384
37.36320162 -0.04800000042
37.36640167 -0.04800000042
37.36960173 -0.05200000107
37.37280178 -0.04400000349
37.37600183 -0.084000006318
37.37920189 -0.04400000349
37.38240194 -0.03200000152
37.385602 -0.03600000218
37.38880157 -0.03600000218
37.39200163 -0.0200000014
37.39520168 -0.02800000086
37.39840174 -0.02400000021
37.40160179 -0.03200000152
37.40480185 -0.0120000001
37.4080019 -0.0200000014
37.41120195 -0.02400000021
37.41440201 -0.00800000038
37.41760159 -0.0120000001
37.42080164 -0.02400000021
37.42400169 -0.0160000008
37.42720175 0
37.4304018 0
37.43360186 -0.00800000038
37.43680191 0.00800000038
37.44000196 0
37.44320154 0.0120000001
37.4464016 0.00800000038
37.44960165 0.00400000019
37.4528017 0.00400000019
37.45600176 0.00800000038
37.45920181 0.00800000038
37.46240187 0.0120000001
37.46560192 0.0160000008
37.46880198 0
37.47200155 0.0120000001
37.47520161 0.00800000038
37.47840166 0.0120000001
37.48160172 0.00400000019
37.48480177 0.02800000086
37.48800182 0
37.49120188 0.0120000001
37.49440193 0.00800000038
37.49760199 0.00400000019
37.50080156 0.00800000038
37.50400162 0
37.50720167 0
37.51040173 0.0160000008
37.51360178 -0.00800000038
37.51680183 -0.00800000038
37.52000189 -0.00800000038
37.52320194 -0.0120000001
37.526402 -0.0160000008
37.52960157 -0.02400000021
37.53280163 -0.0160000008
37.53600168 -0.02400000021
37.53920174 -0.02400000021
37.54240179 -0.02800000086
37.54560184 -0.02800000086
37.5488019 -0.03600000218
37.55200195 -0.04400000349
37.55520201 -0.04400000349
37.55840158 -0.04400000349
37.56160164 -0.05200000107
37.56480169 -0.05200000107
37.56800175 -0.05200000107
37.5712018 -0.056000001729
37.57440186 -0.060000002384
37.57760191 -0.06400000304
37.58080196 -0.060000002384
37.58400202 -0.06400000304
37.5872016 -0.080000005662
37.59040165 -0.068000003695
37.5936017 -0.056000001729
37.59680176 -0.060000002384
37.60000181 -0.056000001729
37.60320187 -0.06400000304
37.60640192 -0.056000001729
37.60960197 -0.05200000107
37.61280155 -0.05200000107
37.61600161 -0.060000002384
37.61920166 -0.04800000042
37.62240171 -0.04400000349
37.62560177 -0.04400000349
37.62880182 -0.04000000283
37.63200188 -0.04000000283
37.63520193 -0.04000000283
37.63840199 -0.03200000152
37.64160156 -0.0200000014
37.64480162 -0.00800000038
37.64800167 -0.0200000014
37.65120173 -0.0200000014
37.65440178 -0.00800000038
37.65760183 -0.0120000001
37.66080189 -0.00800000038
37.66400194 0
37.667202 -0.0120000001
37.67040157 -0.00800000038
37.67360163 0.00800000038
37.67680168 0.00800000038
37.68000174 0.00800000038
37.68320179 0.0120000001
37.68640184 0.0160000008
37.6896019 0.0120000001
37.69280195 0.0160000008
37.69600201 0.00800000038
37.69920158 0.0120000001
37.70240164 0.02400000021
37.70560169 0.02800000086
37.70880175 0.02400000021
37.7120018 0.00800000038
37.71520185 0.02800000086
37.71840191 0.03200000152
37.72160196 0.02400000021
37.72480202 0.02800000086
37.72800159 0.02800000086
37.73120165 0.02400000021
37.7344017 0.02800000086
37.73760176 0.00400000019
37.74080181 0.0160000008
37.74400187 0.02400000021
37.74720192 0.03200000152
37.75040197 0.02400000021
37.75360203 0.02400000021
37.75680161 0.03600000218
37.76000166 0.02800000086
37.76320171 0.02800000086
37.76640177 0.0200000014
37.76960182 0.03600000218
37.77280188 0.03600000218
37.77600193 0.04000000283
37.77920198 0.04400000349
37.78240156 0.03600000218
37.78560162 0.04000000283
37.78880167 0.04400000349
37.79200172 0.060000002384
37.79520178 0.04400000349
37.79840183 0.04800000042
37.80160189 0.05200000107
37.80480194 0.0160000008
37.808002 0.02400000021
37.81120157 0.04800000042
37.81440163 0.03200000152
37.81760168 0.03600000218
37.82080173 0.03600000218
37.82400179 0.0160000008
37.82720184 0.03200000152
37.8304019 0.02400000021
37.83360195 0.02400000021
37.83680201 0.0160000008
37.84000158 0.0160000008
37.84320164 0.02400000021
37.84640169 0.0160000008
37.84960175 0.0160000008
37.8528018 0.0160000008
37.85600185 0.0160000008
37.85920191 0.0120000001
37.86240196 0.0200000014
37.86560202 0.00800000038
37.86880159 0.0160000008
37.87200165 0.00800000038
37.8752017 0.03200000152
37.87840176 0.0200000014
37.88160181 0.0200000014
37.88480186 0.02800000086
37.88800192 0.0160000008
37.89120197 0.02400000021
37.89440203 0.0120000001
37.8976016 0.0120000001
37.90080166 0.0120000001
37.90400171 0.0160000008
37.90720177 0.0160000008
37.91040182 0.0160000008
37.91360188 0.0200000014
37.91680193 0.0200000014
37.92000198 0.0200000014
37.92320204 0.0200000014
37.92640162 0.02400000021
37.92960167 0.02400000021
37.93280172 0.02800000086
37.93600178 0.02800000086
37.93920183 0.04400000349
37.94240189 0.04000000283
37.94560194 0.04800000042
37.94880199 0.04400000349
37.95200157 0.060000002384
37.95520163 0.06400000304
37.95840168 0.068000003695
37.96160173 0.068000003695
37.96480179 0.068000003695
37.96800184 0.084000006318
37.9712019 0.092000007629
37.97440195 0.088000006974
37.97760201 0.096000000834
37.98080158 0.096000000834
37.98400164 0.1000000015
37.98720169 0.1040000021
37.99040174 0.1120000035
37.9936018 0.1120000035
37.99680185 0.1160000041
38.00000191 0.1160000041
38.00320196 0.1120000035
38.00640202 0.1160000041
38.00960159 0.1120000035
38.01280165 0.1120000035
38.0160017 0.1040000021
38.01920176 0.1000000015
38.02240181 0.088000006974
38.02560186 0.096000000834
38.02880192 0.088000006974
38.03200197 0.084000006318
38.03520203 0.068000003695
38.0384016 0.068000003695
38.04160166 0.060000002384
38.04480171 0.04400000349
38.04800177 0.04400000349
38.05120182 0.03600000218
38.05440187 0.02400000021
38.05760193 0.0200000014
38.06080198 0.00400000019
38.06400204 0
38.06720161 -0.0120000001
38.07040167 -0.0200000014
38.07360172 -0.00400000019
38.07680178 -0.03200000152
38.08000183 -0.03600000218
38.08320189 -0.03600000218
38.08640194 -0.05200000107
38.08960199 -0.056000001729
38.09280205 -0.068000003695
38.09600163 -0.072000004351
38.09920168 -0.05200000107
38.10240173 -0.088000006974
38.10560179 -0.1000000015
38.10880184 -0.096000000834
38.1120019 -0.1000000015
38.11520195 -0.1040000021
38.118402 -0.1040000021
38.12160158 -0.1120000035
38.12480164 -0.1240000054
38.12800169 -0.1080000028
38.13120174 -0.1120000035
38.1344018 -0.1160000041
38.13760185 -0.1160000041
38.14080191 -0.1080000028
38.14400196 -0.1120000035
38.14720201 -0.1120000035
38.15040159 -0.1120000035
38.15360165 -0.1080000028
38.1568017 -0.1200000048
38.16000175 -0.1000000015
38.16320181 -0.1000000015
38.16640186 -0.1040000021
38.16960192 -0.096000000834
38.17280197 -0.1000000015
38.17600203 -0.088000006974
38.1792016 -0.084000006318
38.18240166 -0.060000002384
38.18560171 -0.076000005007
38.18880177 -0.072000004351
38.19200182 -0.068000003695
38.19520187 -0.056000001729
38.19840193 -0.068000003695
38.20160198 -0.056000001729
38.20480204 -0.04000000283
38.20800161 -0.04800000042
38.21120167 -0.04800000042
38.21440172 -0.04400000349
38.21760178 -0.04800000042
38.22080183 -0.03600000218
38.22400188 -0.03600000218
38.22720194 -0.03600000218
38.23040199 -0.02800000086
38.23360205 -0.02800000086
38.23680162 -0.02400000021
38.24000168 -0.0120000001
38.24320173 -0.0120000001
38.24640179 -0.00400000019
38.24960184 0
38.2528019 -0.00800000038
38.25600195 0
38.259202 -0.00400000019
38.26240158 -0.02800000086
38.26560163 0.00400000019
38.26880169 -0.00400000019
38.27200174 0.0160000008
38.2752018 0.00800000038
38.27840185 0.0120000001
38.28160191 0.0120000001
38.28480196 0.0200000014
38.28800201 0.0160000008
38.29120159 0.0200000014
38.29440165 0.0200000014
38.2976017 0.02400000021
38.30080175 0.0200000014
38.30400181 0.02400000021
38.30720186 0.02800000086
38.31040192 0.0160000008
38.31360197 0.0200000014
38.31680202 0.02400000021
38.3200016 0.03600000218
38.32320166 0.0200000014
38.32640171 0.02800000086
38.32960176 0.0200000014
38.33280182 0.02800000086
38.33600187 0.0200000014
38.33920193 0.0200000014
38.34240198 0.0160000008
38.34560204 0.02400000021
38.34880161 0.0200000014
38.35200167 0.02400000021
38.35520172 0.0160000008
38.35840178 0.0160000008
38.36160183 0.00800000038
38.36480188 0.00800000038
38.36800194 0.0120000001
38.37120199 0.0160000008
38.37440205 0.00800000038
38.37760162 0.00400000019
38.38080168 0.00400000019
38.38400173 -0.00800000038
38.38720179 0
38.39040184 0
38.39360189 -0.00400000019
38.39680195 -0.00400000019
38.400002 -0.0160000008
38.40320206 -0.0120000001
38.40640163 -0.0120000001
38.40960169 -0.00800000038
38.41280174 -0.0120000001
38.4160018 -0.00800000038
38.41920185 -0.0160000008
38.42240191 -0.02800000086
38.42560196 -0.0160000008
38.42880201 -0.0160000008
38.43200159 0
38.43520164 -0.0160000008
38.4384017 -0.0160000008
38.44160175 -0.00400000019
38.44480181 0.00800000038
38.44800186 -0.00800000038
38.45120192 -0.0120000001
38.45440197 -0.00400000019
38.45760202 0.00400000019
38.4608016 0
38.46400166 0.00800000038
38.46720171 0.00800000038
38.47040176 0.0120000001
38.47360182 0.0120000001
38.47680187 0.0160000008
38.48000193 0.0160000008
38.48320198 0.00800000038
38.48640203 0.0200000014
38.48960161 0.02400000021
38.49280167 0.0200000014
38.49600172 0.02400000021
38.49920177 0.03200000152
38.50240183 0.02400000021
38.50560188 0.03200000152
38.50880194 0.03200000152
38.51200199 0.02800000086
38.51520205 0.02800000086
38.51840162 0.03200000152
38.52160168 0.02400000021
38.52480173 0.03200000152
38.52800179 0.02400000021
38.53120184 0.03200000152
38.53440189 0.02800000086
38.53760195 0.02800000086
38.540802 0.03200000152
38.54400206 0.03600000218
38.54720163 0.02800000086
38.55040169 0.03200000152
38.55360174 0.03200000152
38.5568018 0.060000002384
38.56000185 0.02800000086
38.5632019 0.03200000152
38.56640196 0.02800000086
38.56960201 0.03200000152
38.57280207 0.02400000021
38.57600164 0.02400000021
38.5792017 0.0200000014
38.58240175 0.02400000021
38.58560181 0.00400000019
38.58880186 0.0200000014
38.59200191 0.02800000086
38.59520197 0.00400000019
38.59840202 0.0160000008
38.6016016 0.00800000038
38.60480165 0.0160000008
38.60800171 0.0200000014
38.61120176 0.0200000014
38.61440182 0.00800000038
38.61760187 0.00400000019
38.62080193 0.00800000038
38.62400198 0.00400000019
38.62720203 0.0120000001
38.63040161 0.0120000001
38.63360167 0.00800000038
38.63680172 0.00400000019
38.64000177 -0.00800000038
38.64320183 0.00400000019
38.64640188 0.00800000038
38.64960194 -0.00400000019
38.65280199 0.00800000038
38.65600204 0.00400000019
38.65920162 0
38.66240168 0
38.66560173 0
38.66880178 -0.00400000019
38.67200184 0
38.67520189 -0.00400000019
38.67840195 -0.00800000038
38.681602 -0.00400000019
38.68480206 -0.0120000001
38.68800163 0.00400000019
38.69120169 -0.0160000008
38.69440174 -0.00800000038
38.6976018 -0.0200000014
38.70080185 -0.00800000038
38.7040019 -0.0200000014
38.70720196 -0.0160000008
38.71040201 -0.0160000008
38.71360207 -0.0160000008
38.71680164 -0.0200000014
38.7200017 -0.0200000014
38.72320175 -0.02400000021
38.72640181 -0.0160000008
38.72960186 -0.0160000008
38.73280191 -0.0200000014
38.73600197 -0.0160000008
38.73920202 -0.0200000014
38.74240208 -0.0160000008
38.74560165 -0.00800000038
38.74880171 -0.0120000001
38.75200176 -0.00800000038
38.75520182 0.00800000038
38.75840187 0.00400000019
38.76160192 -0.00400000019
38.76480198 0.00800000038
38.76800203 0.0120000001
38.77120161 0.0160000008
38.77440166 0.02800000086
38.77760172 0.03600000218
38.78080177 0.02800000086
38.78400183 0.04400000349
38.78720188 0.04000000283
38.79040194 0.05200000107
38.79360199 0.04800000042
38.79680204 0.00800000038
38.80000162 0.056000001729
38.80320168 0.04800000042
38.80640173 0.060000002384
38.80960178 0.060000002384
38.81280184 0.068000003695
38.81600189 0.060000002384
38.81920195 0.060000002384
38.822402 0.06400000304
38.82560205 0.06400000304
38.82880163 0.060000002384
38.83200169 0.06400000304
38.83520174 0.056000001729
38.83840179 0.05200000107
38.84160185 0.056000001729
38.8448019 0.060000002384
38.84800196 0.04000000283
38.85120201 0.04000000283
38.85440207 0.03600000218
38.85760164 0.02800000086
38.8608017 0.02800000086
38.86400175 0.03600000218
38.86720181 0.0200000014
38.87040186 0.0120000001
38.87360191 0.00800000038
38.87680197 0.00800000038
38.88000202 -0.00400000019
38.88320208 0.00400000019
38.88640165 -0.00800000038
38.88960171 -0.0160000008
38.89280176 -0.02400000021
38.89600182 -0.02800000086
38.89920187 -0.03200000152
38.90240192 -0.04000000283
38.90560198 -0.04800000042
38.90880203 -0.04400000349
38.91200161 -0.04400000349
38.91520166 -0.060000002384
38.91840172 -0.05200000107
38.92160177 -0.04800000042
38.92480183 -0.06400000304
38.92800188 -0.06400000304
38.93120193 -0.068000003695
38.93440199 -0.072000004351
38.93760204 -0.068000003695
38.94080162 -0.076000005007
38.94400167 -0.072000004351
38.94720173 -0.068000003695
38.95040178 -0.076000005007
38.95360184 -0.080000005662
38.95680189 -0.068000003695
38.96000195 -0.072000004351
38.963202 -0.080000005662
38.96640205 -0.072000004351
38.96960163 -0.06400000304
38.97280169 -0.06400000304
38.97600174 -0.06400000304
38.97920179 -0.06400000304
38.98240185 -0.05200000107
38.9856019 -0.060000002384
38.98880196 -0.05200000107
38.99200201 -0.04400000349
38.99520206 -0.04000000283
38.99840164 -0.03600000218
39.0016017 -0.03600000218
39.00480175 -0.03200000152
39.0080018 -0.0200000014
39.01120186 -0.0160000008
39.01440191 -0.0160000008
39.01760197 -0.0120000001
39.02080202 -0.0120000001
39.02400208 0.00800000038
39.02720165 0.00400000019
39.03040171 0.00400000019
39.03360176 0.0160000008
39.03680182 0.0120000001
39.04000187 0.0200000014
39.04320192 0.0160000008
39.04640198 0.03600000218
39.04960203 0.02800000086
39.05280209 0.04000000283
39.05600166 0.03600000218
39.05920172 0.04000000283
39.06240177 0.03600000218
39.06560183 0.04400000349
39.06880188 0.04400000349
39.07200193 0.056000001729
39.07520199 0.060000002384
39.07840204 0.1080000028
39.08160162 0.056000001729
39.08480167 0.06400000304
39.08800173 0.072000004351
39.09120178 0.06400000304
39.09440184 0.068000003695
39.09760189 0.068000003695
39.10080194 0.068000003695
39.104002 0.076000005007
39.10720205 0.06400000304
39.11040163 0.06400000304
39.11360168 0.068000003695
39.11680174 0.06400000304
39.12000179 0.06400000304
39.12320185 0.060000002384
39.1264019 0.06400000304
39.12960196 0.06400000304
39.13280201 0.060000002384
39.13600206 0.056000001729
39.13920164 0.05200000107
39.1424017 0.04400000349
39.14560175 0.04800000042
39.1488018 0.03200000152
39.15200186 0.04800000042
39.15520191 0.04800000042
39.15840197 0.04400000349
39.16160202 0.04000000283
39.16480207 0.03200000152
39.16800165 0.04800000042
39.17120171 0.03200000152
39.17440176 0.02800000086
39.17760181 0.02800000086
39.18080187 0.02400000021
39.18400192 0.0120000001
39.18720198 0.02400000021
39.19040203 0.0160000008
39.19360209 0.0120000001
39.19680166 0.00800000038
39.20000172 0.00800000038
39.20320177 0.00400000019
39.20640182 -0.00800000038
39.20960188 0
39.21280193 -0.00400000019
39.21600199 -0.00800000038
39.21920204 0
39.2224021 -0.0200000014
39.22560167 -0.0120000001
39.22880173 -0.0160000008
39.23200178 -0.00800000038
39.23520184 -0.0160000008
39.23840189 -0.0160000008
39.24160194 -0.02800000086
39.244802 -0.03200000152
39.24800205 -0.0200000014
39.25120163 -0.03600000218
39.25440168 -0.03200000152
39.25760174 -0.03600000218
39.26080179 -0.03200000152
39.26400185 -0.03600000218
39.2672019 -0.04800000042
39.27040195 -0.03600000218
39.27360201 -0.03200000152
39.27680206 -0.04400000349
39.28000164 -0.05200000107
39.28320169 -0.04800000042
39.28640175 -0.04400000349
39.2896018 -0.04800000042
39.29280186 -0.03600000218
39.29600191 -0.04000000283
39.29920197 -0.04000000283
39.30240202 -0.04400000349
39.30560207 -0.06400000304
39.30880165 -0.04400000349
39.31200171 -0.03600000218
39.31520176 -0.03200000152
39.31840181 -0.03200000152
39.32160187 -0.03600000218
39.32480192 -0.03200000152
39.32800198 -0.02400000021
39.33120203 -0.03200000152
39.33440208 -0.0160000008
39.33760166 -0.0160000008
39.34080172 -0.0200000014
39.34400177 -0.0120000001
39.34720182 -0.00400000019
39.35040188 -0.00400000019
39.35360193 0.00400000019
39.35680199 0.00800000038
39.36000204 0
39.3632021 0.00400000019
39.36640167 0.00800000038
39.36960173 0.00400000019
39.37280178 0.0120000001
39.37600183 0.00800000038
39.37920189 0.0120000001
39.38240194 0.02400000021
39.385602 0.0160000008
39.38880205 0.00400000019
39.392002106 0.0120000001
39.395201683 0.0200000014
39.398401737 0.0120000001
39.401601791 0.02400000021
39.404801846 0.00800000038
39.4080019 0.00400000019
39.411201954 0.02400000021
39.414402008 0.0120000001
39.417602062 0.03200000152
39.42080164 -0.00400000019
39.424001694 0.0120000001
39.427201748 0.00800000038
39.430401802 0.0120000001
39.433601856 0.00400000019
39.43680191 0.00800000038
39.440001965 0.00400000019
39.443202019 0.00400000019
39.446402073 0.00400000019
39.44960165 0
39.452801704 0.00400000019
39.456001759 -0.00400000019
39.459201813 0.00400000019
39.462401867 0.0120000001
39.465601921 0
39.468801975 -0.00400000019
39.472002029 0
39.475202084 -0.0120000001
39.478401661 0.0120000001
39.481601715 0
39.484801769 0
39.488001823 0.00400000019
39.491201878 -0.00400000019
39.494401932 0
39.497601986 0
39.50080204 0.0120000001
39.504002094 0
39.507201672 -0.00400000019
39.510401726 0
39.51360178 0.00800000038
39.516801834 0.00400000019
39.520001888 0
39.523201942 0.0120000001
39.526401997 0.00800000038
39.529602051 0.00800000038
39.532802105 0.00400000019
39.536001682 0.00800000038
39.539201736 0.00800000038
39.542401791 0.0120000001
39.545601845 0.0200000014
39.548801899 0.0200000014
39.552001953 0.03200000152
39.555202007 0.03200000152
39.558402061 0.03600000218
39.561602116 0.04800000042
39.564801693 0.04400000349
39.568001747 0.05200000107
39.571201801 0.04800000042
39.574401855 0.060000002384
39.57760191 0.060000002384
39.580801964 0.072000004351
39.584002018 0.076000005007
39.587202072 0.072000004351
39.590401649 0.084000006318
39.593601704 0.084000006318
39.596801758 0.084000006318
39.600001812 0.088000006974
39.603201866 0.084000006318
39.60640192 0.092000007629
39.609601974 0.084000006318
39.612802029 0.084000006318
39.616002083 0.084000006318
39.61920166 0.080000005662
39.622401714 0.080000005662
39.625601768 0.072000004351
39.628801823 0.084000006318
39.632001877 0.068000003695
39.635201931 0.06400000304
39.638401985 0.056000001729
39.641602039 0.04800000042
39.644802094 0.04400000349
39.648001671 0.04800000042
39.651201725 0.03600000218
39.654401779 0.0200000014
39.657601833 0.0160000008
39.660801888 0.0120000001
39.664001942 0.00800000038
39.667201996 0
39.67040205 -0.0120000001
39.673602104 -0.0160000008
39.676801682 -0.02400000021
39.680001736 -0.0200000014
39.68320179 -0.0160000008
39.686401844 -0.03200000152
39.689601898 -0.02800000086
39.692801952 -0.03200000152
39.696002007 -0.04400000349
39.699202061 -0.04800000042
39.702402115 -0.060000002384
39.705601692 -0.056000001729
39.708801746 -0.068000003695
39.712001801 -0.06400000304
39.715201855 -0.072000004351
39.718401909 -0.076000005007
39.721601963 -0.080000005662
39.724802017 -0.080000005662
39.728002071 -0.080000005662
39.731202126 -0.084000006318
39.734401703 -0.076000005007
39.737601757 -0.076000005007
39.740801811 -0.080000005662
39.744001865 -0.068000003695
39.74720192 -0.072000004351
39.750401974 -0.068000003695
39.753602028 -0.06400000304
39.756802082 -0.060000002384
39.760001659 -0.060000002384
39.763201714 -0.076000005007
39.766401768 -0.05200000107
39.769601822 -0.05200000107
39.772801876 -0.05200000107
39.77600193 -0.04000000283
39.779201984 -0.03600000218
39.782402039 -0.03600000218
39.785602093 -0.03200000152
39.78880167 -0.02400000021
39.792001724 -0.02400000021
39.795201778 -0.0160000008
39.798401833 -0.0200000014
39.801601887 -0.0120000001
39.804801941 -0.0160000008
39.808001995 -0.0120000001
39.811202049 -0.0160000008
39.814402103 -0.00400000019
39.817601681 -0.00400000019
39.820801735 -0.00400000019
39.824001789 -0.00400000019
39.827201843 0.00800000038
39.830401897 0.0200000014
39.833601952 0.0120000001
39.836802006 0.00800000038
39.84000206 0.02400000021
39.843202114 0.0200000014
39.846401691 0.03600000218
39.849601746 0.03600000218
39.8528018 0.04000000283
39.856001854 0.04400000349
39.859201908 0.03600000218
39.862401962 0.04800000042
39.865602016 0.04800000042
39.868802071 0.04800000042
39.872002125 0.04400000349
39.875201702 0.04800000042
39.878401756 0.060000002384
39.88160181 0.04800000042
39.884801865 0.05200000107
39.888001919 0.03600000218
39.891201973 0.04400000349
39.894402027 0.03200000152
39.897602081 0.03200000152
39.900801659 0.03200000152
39.904001713 0.02400000021
39.907201767 0.0160000008
39.910401821 0.0160000008
39.913601875 0.0120000001
39.916801929 0.00800000038
39.920001984 0.00800000038
39.923202038 0.0120000001
39.926402092 -0.00400000019
39.929601669 -0.00400000019
39.932801723 0.00800000038
39.936001778 -0.0120000001
39.939201832 -0.0120000001
39.942401886 -0.0200000014
39.94560194 -0.0200000014
39.948801994 -0.0200000014
39.952002048 -0.02800000086
39.955202103 -0.02400000021
39.95840168 -0.03200000152
39.961601734 -0.02800000086
39.964801788 -0.02800000086
39.968001842 -0.02400000021
39.971201897 -0.03200000152
39.974401951 -0.03200000152
39.977602005 -0.03600000218
39.980802059 -0.04000000283
39.984002113 -0.03600000218
39.987201691 -0.03200000152
39.990401745 -0.03600000218
39.993601799 -0.04400000349
39.996801853 -0.04000000283
40.000001907 -0.04400000349
40.003201485 -0.03600000218
40.006402016 -0.04800000042
40.009601593 -0.04800000042
40.012802124 -0.03200000152
40.016001701 -0.03600000218
40.019202232 -0.04000000283
40.02240181 -0.04000000283
40.025602341 -0.04000000283
40.028801918 -0.03600000218
40.032001495 -0.02800000086
40.035202026 -0.04400000349
40.038401604 -0.03600000218
40.041602135 -0.04800000042
40.044801712 -0.04400000349
40.048002243 -0.03600000218
40.05120182 -0.04000000283
40.054402351 -0.04400000349
40.057601929 -0.03200000152
40.060801506 -0.04400000349
40.064002037 -0.03200000152
40.067201614 -0.04000000283
40.070402145 -0.03200000152
40.073601723 -0.03600000218
40.076802254 -0.03200000152
40.080001831 -0.03200000152
40.083202362 -0.03600000218
40.086401939 -0.0200000014
40.089601517 -0.0200000014
40.092802048 -0.0120000001
40.096001625 0
40.099202156 -0.0160000008
40.102401733 -0.0120000001
40.105602264 -0.0120000001
40.108801842 0
40.112002373 -0.0160000008
40.11520195 -0.00400000019
40.118401527 0.03600000218
40.121602058 0.0120000001
40.124801636 0
40.128002167 0.00800000038
40.131201744 0.00800000038
40.134402275 0.0160000008
40.137601852 0.00800000038
40.140802383 0.00800000038
40.144001961 0.0120000001
40.147201538 0.0160000008
40.150402069 0.0200000014
40.153601646 0.0120000001
40.156802177 0.0160000008
40.160001755 0.0160000008
40.163202286 0.0160000008
40.166401863 0.0120000001
40.16960144 0.0120000001
40.172801971 0.0160000008
40.176001549 0.00400000019
40.17920208 0.0160000008
40.182401657 0.0200000014
40.185602188 0.00400000019
40.188801765 0.00800000038
40.192002296 0.00800000038
40.195201874 0.00800000038
40.198401451 0.00400000019
40.201601982 0.00400000019
40.204801559 -0.00800000038
40.20800209 -0.0200000014
40.211201668 -0.00400000019
40.214402199 0
40.217601776 0
40.220802307 0
40.224001884 0
40.227201462 0.00400000019
40.230401993 0
40.23360157 -0.00400000019
40.236802101 -0.00800000038
40.240001678 0
40.243202209 -0.00400000019
40.246401787 0.0120000001
40.249602318 0
40.252801895 -0.00400000019
40.256001472 0
40.259202003 0
40.262401581 0
40.265602112 0.00400000019
40.268801689 0
40.27200222 0.00400000019
40.275201797 -0.00400000019
40.278402328 0.00400000019
40.281601906 0.00800000038
40.284801483 0.00800000038
40.288002014 0
40.291201591 0.00400000019
40.294402122 0.00800000038
40.2976017 0.00800000038
40.300802231 0.00800000038
40.304001808 0.00400000019
40.307202339 0.02800000086
40.310401917 0.0160000008
40.313601494 0.0160000008
40.316802025 0.056000001729
40.320001602 0.0200000014
40.323202133 0.02400000021
40.326401711 0.04000000283
40.329602242 0.03200000152
40.332801819 0.02800000086
40.33600235 0.03600000218
40.339201927 0.04000000283
40.342401505 0.04800000042
40.345602036 0.04000000283
40.348801613 0.04000000283
40.352002144 0.04400000349
40.355201721 0.05200000107
40.358402252 0.04800000042
40.36160183 0.060000002384
40.364802361 0.056000001729
40.368001938 0.056000001729
40.371201515 0.05200000107
40.374402046 0.04400000349
40.377601624 0.04800000042
40.380802155 0.04800000042
40.384001732 0.04000000283
40.387202263 0.060000002384
40.39040184 0.04800000042
40.393602371 0.04000000283
40.396801949 0.03600000218
40.400001526 0.03600000218
40.403202057 0.03200000152
40.406401634 0.03600000218
40.409602165 0.02800000086
40.412801743 0.02400000021
40.416002274 0.02400000021
40.419201851 0.0120000001
40.422402382 0.0120000001
40.425601959 0.0160000008
40.428801537 0.00800000038
40.432002068 0.0120000001
40.435201645 0
40.438402176 0
40.441601753 -0.00400000019
40.444802284 0
40.448001862 -0.00800000038
40.451202393 -0.0120000001
40.45440197 -0.0160000008
40.457601547 -0.0200000014
40.460802078 -0.0200000014
40.464001656 -0.02400000021
40.467202187 -0.0160000008
40.470401764 -0.03200000152
40.473602295 -0.03200000152
40.476801872 -0.03600000218
40.48000145 -0.03600000218
40.483201981 -0.056000001729
40.486401558 -0.03200000152
40.489602089 -0.05200000107
40.492801666 -0.04800000042
40.496002197 -0.04000000283
40.499201775 -0.04400000349
40.502402306 -0.04400000349
40.505601883 -0.04800000042
40.50880146 -0.04400000349
40.512001991 -0.04800000042
40.515201569 -0.04400000349
40.5184021 -0.04400000349
40.521601677 -0.04800000042
40.524802208 -0.04400000349
40.528001785 -0.056000001729
40.531202316 -0.04400000349
40.534401894 -0.04000000283
40.537601471 -0.04000000283
40.540802002 -0.03600000218
40.544001579 -0.03600000218
40.54720211 -0.03200000152
40.550401688 -0.03600000218
40.553602219 -0.02800000086
40.556801796 -0.03200000152
40.560002327 -0.03200000152
40.563201904 -0.02400000021
40.566401482 -0.02400000021
40.569602013 -0.02400000021
40.57280159 -0.0160000008
40.576002121 -0.0120000001
40.579201698 -0.0160000008
40.582402229 -0.00800000038
40.585601807 -0.00800000038
40.588802338 0.00400000019
40.592001915 0
40.595201492 0.0120000001
40.598402023 0.0120000001
40.601601601 0.00800000038
40.604802132 0.0200000014
40.608001709 0.02400000021
40.61120224 0.03600000218
40.614401817 0.04400000349
40.617602348 0.04000000283
40.620801926 0.04800000042
40.624001503 0.04000000283
40.627202034 0.060000002384
40.630401611 0.060000002384
40.633602142 0.06400000304
40.63680172 0.060000002384
40.640002251 0.076000005007
40.643201828 0.080000005662
40.646402359 0.072000004351
40.649601936 0.080000005662
40.652801514 0.072000004351
40.656002045 0.080000005662
40.659201622 0.060000002384
40.662402153 0.076000005007
40.66560173 0.06400000304
40.668802261 0.068000003695
40.672001839 0.076000005007
40.67520237 0.068000003695
40.678401947 0.068000003695
40.681601524 0.076000005007
40.684802055 0.056000001729
40.688001633 0.060000002384
40.691202164 0.05200000107
40.694401741 0.03600000218
40.697602272 0.04400000349
40.700801849 0.03600000218
40.70400238 0.02400000021
40.707201958 0.02400000021
40.710401535 0.0120000001
40.713602066 0.0120000001
40.716801643 0.00800000038
40.720002174 0
40.723201752 -0.0200000014
40.726402283 -0.0120000001
40.72960186 -0.0160000008
40.732802391 -0.02400000021
40.736001968 -0.02400000021
40.739201546 -0.02800000086
40.742402077 -0.03200000152
40.745601654 -0.056000001729
40.748802185 -0.060000002384
40.752001762 -0.04800000042
40.755202293 -0.05200000107
40.758401871 -0.06400000304
40.761602402 -0.056000001729
40.764801979 -0.060000002384
40.768001556 -0.072000004351
40.771202087 -0.076000005007
40.774401665 -0.080000005662
40.777602196 -0.088000006974
40.780801773 -0.092000007629
40.784002304 -0.084000006318
40.787201881 -0.080000005662
40.790402412 -0.092000007629
40.79360199 -0.092000007629
40.796801567 -0.096000000834
40.800002098 -0.1000000015
40.803201675 -0.1040000021
40.806402206 -0.1040000021
40.809601784 -0.1000000015
40.812802315 -0.096000000834
40.816001892 -0.096000000834
40.819201469 -0.088000006974
40.822402 -0.1080000028
40.825601578 -0.096000000834
40.828802109 -0.1000000015
40.832001686 -0.088000006974
40.835202217 -0.084000006318
40.838401794 -0.092000007629
40.841602325 -0.084000006318
40.844801903 -0.076000005007
40.84800148 -0.088000006974
40.851202011 -0.076000005007
40.854401588 -0.088000006974
40.857602119 -0.080000005662
40.860801697 -0.076000005007
40.864002228 -0.072000004351
40.867201805 -0.060000002384
40.870402336 -0.080000005662
40.873601913 -0.068000003695
40.876801491 -0.068000003695
40.880002022 -0.068000003695
40.883201599 -0.072000004351
40.88640213 -0.060000002384
40.889601707 -0.056000001729
40.892802238 -0.06400000304
40.896001816 -0.060000002384
40.899202347 -0.06400000304
40.902401924 -0.06400000304
40.905601501 -0.060000002384
40.908802032 -0.056000001729
40.91200161 -0.04800000042
40.915202141 -0.056000001729
40.918401718 -0.05200000107
40.921602249 -0.05200000107
40.924801826 -0.056000001729
40.928002357 -0.056000001729
40.931201935 -0.05200000107
40.934401512 -0.05200000107
40.937602043 -0.05200000107
40.94080162 -0.06400000304
40.944002151 -0.060000002384
40.947201729 -0.06400000304
40.95040226 -0.05200000107
40.953601837 -0.060000002384
40.956802368 -0.05200000107
40.960001945 -0.068000003695
40.963201523 -0.068000003695
40.966402054 -0.076000005007
40.969601631 -0.076000005007
40.972802162 -0.06400000304
40.97600174 -0.072000004351
40.979202271 -0.060000002384
40.982401848 -0.076000005007
40.985602379 -0.080000005662
40.988801956 -0.068000003695
40.992001534 -0.068000003695
40.995202065 -0.076000005007
40.998401642 -0.076000005007
41.001602173 -0.072000004351
41.00480175 -0.072000004351
41.008002281 -0.06400000304
41.011201859 -0.06400000304
41.01440239 -0.060000002384
41.017601967 -0.056000001729
41.020801544 -0.04000000283
41.024002075 -0.0200000014
41.027201653 -0.0160000008
41.030402184 0
41.033601761 0.00400000019
41.036802292 0.0160000008
41.040001869 0.02400000021
41.0432024 0.04800000042
41.046401978 0.060000002384
41.049601555 0.056000001729
41.052802086 0.076000005007
41.056001663 0.080000005662
41.059202194 0.088000006974
41.062401772 0.088000006974
41.065602303 0.1080000028
41.06880188 0.1000000015
41.072002411 0.1160000041
41.075201988 0.1160000041
41.078401566 0.1240000054
41.081602097 0.1280000061
41.084801674 0.1440000087
41.088002205 0.1360000074
41.091201782 0.1480000019
41.094402313 0.1440000087
41.097601891 0.1440000087
41.100802422 0.1480000019
41.104001999 0.1440000087
41.107201576 0.17600001395
41.110402107 0.15600000322
41.113601685 0.15200001001
41.116802216 0.1400000006
41.120001793 0.15200001001
41.123202324 0.16000001132
41.126401901 0.18400001526
41.129601479 0.16400000453
41.13280201 0.16400000453
41.136001587 0.16000001132
41.139202118 0.16400000453
41.142401695 0.16800001264
41.145602226 0.16800001264
41.148801804 0.16400000453
41.152002335 0.15200001001
41.155201912 0.15200001001
41.158401489 0.1440000087
41.16160202 0.1240000054
41.164801598 0.1319999993
41.168002129 0.1319999993
41.171201706 0.1200000048
41.174402237 0.1120000035
41.177601814 0.1080000028
41.180802345 0.096000000834
41.184001923 0.1000000015
41.1872015 0.080000005662
41.190402031 0.076000005007
41.193601608 0.060000002384
41.196802139 0.0160000008
41.200001717 0.02800000086
41.203202248 0.02800000086
41.206401825 0.0160000008
41.209602356 0.0200000014
41.212801933 0
41.216001511 -0.02400000021
41.219202042 -0.0200000014
41.222401619 -0.03200000152
41.22560215 -0.060000002384
41.228801727 -0.04000000283
41.232002258 -0.04400000349
41.235201836 -0.04000000283
41.238402367 -0.056000001729
41.241601944 -0.060000002384
41.244801521 -0.06400000304
41.248002052 -0.060000002384
41.25120163 -0.06400000304
41.254402161 -0.06400000304
41.257601738 -0.068000003695
41.260802269 -0.072000004351
41.264001846 -0.06400000304
41.267202377 -0.060000002384
41.270401955 -0.072000004351
41.273601532 -0.076000005007
41.276802063 -0.080000005662
41.28000164 -0.076000005007
41.283202171 -0.072000004351
41.286401749 -0.096000000834
41.28960228 -0.072000004351
41.292801857 -0.068000003695
41.296002388 -0.060000002384
41.299201965 -0.060000002384
41.302401543 -0.03600000218
41.305602074 -0.05200000107
41.308801651 0.00400000019
41.312002182 0.00400000019
41.315201759 0.0120000001
41.31840229 0.03200000152
41.321601868 0.02800000086
41.324802399 0.04800000042
41.328001976 0.060000002384
41.331201553 0.056000001729
41.334402084 0.1000000015
41.337601662 0.072000004351
41.340802193 0.084000006318
41.34400177 0.084000006318
41.347202301 0.084000006318
41.350401878 0.096000000834
41.353602409 0.076000005007
41.356801987 0.092000007629
41.360001564 0.088000006974
41.363202095 0.092000007629
41.366401672 0.088000006974
41.369602203 0.088000006974
41.372801781 0.068000003695
41.376002312 0.068000003695
41.379201889 0.060000002384
41.38240242 0.056000001729
41.385601997 0.04800000042
41.388801575 0.03600000218
41.392002106 0.03200000152
41.395201683 0.0160000008
41.398402214 0
41.401601791 -0.00800000038
41.404802322 -0.03200000152
41.4080019 -0.03600000218
41.411202431 -0.056000001729
41.414402008 -0.072000004351
41.417601585 -0.088000006974
41.420802116 -0.1000000015
41.424001694 -0.1160000041
41.427202225 -0.1400000006
41.430401802 -0.1360000074
41.433602333 -0.1360000074
41.43680191 -0.17200000584
41.440002441 -0.16400000453
41.443202019 -0.16800001264
41.446401596 -0.16400000453
41.449602127 -0.17200000584
41.452801704 -0.16400000453
41.456002235 -0.16400000453
41.459201813 -0.15600000322
41.462402344 -0.16000001132
41.465601921 -0.15200001001
41.468801498 -0.1400000006
41.472002029 -0.1400000006
41.475201607 -0.1319999993
41.478402138 -0.1360000074
41.481601715 -0.1280000061
41.484802246 -0.1319999993
41.488001823 -0.1240000054
41.491202354 -0.1160000041
41.494401932 -0.1040000021
41.497601509 -0.1080000028
41.50080204 -0.1000000015
41.504001617 -0.088000006974
41.507202148 -0.092000007629
41.510401726 -0.080000005662
41.513602257 -0.076000005007
41.516801834 -0.060000002384
41.520002365 -0.06400000304
41.523201942 -0.056000001729
41.52640152 -0.04800000042
41.529602051 -0.03200000152
41.532801628 -0.03600000218
41.536002159 -0.02800000086
41.539201736 -0.0160000008
41.542402267 -0.0200000014
41.545601845 -0.0160000008
41.548802376 -0.0120000001
41.552001953 0
41.55520153 0
41.558402061 0.00800000038
41.561601639 0
41.56480217 -0.00400000019
41.568001747 0.00400000019
41.571202278 0.00800000038
41.574401855 0.0160000008
41.577602386 0.0120000001
41.580801964 0.0120000001
41.584001541 0.0160000008
41.587202072 -0.00400000019
41.590401649 0.00400000019
41.59360218 0.00800000038
41.596801758 0
41.600002289 0
41.603201866 -0.00400000019
41.606402397 -0.00400000019
41.609601974 -0.00800000038
41.612801552 -0.00800000038
41.616002083 -0.00800000038
41.61920166 -0.0160000008
41.622402191 -0.00800000038
41.625601768 -0.0160000008
41.628802299 -0.0200000014
41.632001877 -0.02400000021
41.635202408 -0.03200000152
41.638401985 -0.03600000218
41.641601563 -0.03200000152
41.644802094 -0.03600000218
41.648001671 -0.03200000152
41.651202202 -0.03600000218
41.654401779 -0.04000000283
41.65760231 -0.03200000152
41.660801888 -0.03200000152
41.664002419 -0.03200000152
41.667201996 -0.02800000086
41.670401573 -0.02800000086
41.673602104 -0.02800000086
41.676801682 -0.0200000014
41.680002213 -0.0200000014
41.68320179 -0.02400000021
41.686402321 -0.0200000014
41.689601898 -0.0120000001
41.692802429 0
41.696002007 0.0160000008
41.699201584 0.0200000014
41.702402115 0.03200000152
41.705601692 0.04400000349
41.708802223 0.04800000042
41.712001801 0.06400000304
41.715202332 0.060000002384
41.718401909 0.06400000304
41.72160244 0.068000003695
41.724802017 0.072000004351
41.728001595 0.080000005662
41.731202126 0.04400000349
41.734401703 0.060000002384
41.737602234 0.06400000304
41.740801811 0.060000002384
41.744002342 0.06400000304
41.74720192 0.06400000304
41.750402451 0.060000002384
41.753602028 0.06400000304
41.756801605 0.072000004351
41.760002136 0.060000002384
41.763201714 0.06400000304
41.766402245 0.056000001729
41.769601822 0.072000004351
41.772802353 0.060000002384
41.77600193 0.06400000304
41.779201508 0.06400000304
41.782402039 0.080000005662
41.785601616 0.076000005007
41.788802147 0.088000006974
41.792001724 0.092000007629
41.795202255 0.1000000015
41.798401833 0.1120000035
41.801602364 0.1160000041
41.804801941 0.1360000074
41.808001518 0.1360000074
41.811202049 0.1440000087
41.814401627 0.16000001132
41.817602158 0.16800001264
41.820801735 0.17600001395
41.824002266 0.17200000584
41.827201843 0.17600001395
41.830402374 0.18400001526
41.833601952 0.19200000167
41.836801529 0.20800000429
41.84000206 0.20000000298
41.843201637 0.18000000715
41.846402168 0.19600000978
41.849601746 0.18400001526
41.852802277 0.19200000167
41.856001854 0.19200000167
41.859202385 0.18800000846
41.862401962 0.19200000167
41.86560154 0.19200000167
41.868802071 0.18800000846
41.872001648 0.17600001395
41.875202179 0.18000000715
41.878401756 0.17600001395
41.881602287 0.17200000584
41.884801865 0.18000000715
41.888002396 0.16400000453
41.891201973 0.16400000453
41.89440155 0.17600001395
41.897602081 0.16400000453
41.900801659 0.16000001132
41.90400219 0.1400000006
41.907201767 0.1440000087
41.910402298 0.1400000006
41.913601875 0.1360000074
41.916802406 0.1160000041
41.920001984 0.1080000028
41.923201561 0.096000000834
41.926402092 0.088000006974
41.929601669 0.080000005662
41.9328022 0.076000005007
41.936001778 0.06400000304
41.939202309 0.056000001729
41.942401886 0.04400000349
41.945602417 0.03600000218
41.948801994 0.03600000218
41.952001572 0.0200000014
41.955202103 0.03200000152
41.95840168 0.0120000001
41.961602211 -0.00400000019
41.964801788 -0.0160000008
41.968002319 -0.0120000001
41.971201897 -0.02800000086
41.974402428 -0.03600000218
41.977602005 -0.04400000349
41.980801582 -0.05200000107
41.984002113 -0.05200000107
41.987201691 -0.060000002384
41.990402222 -0.076000005007
41.993601799 -0.084000006318
41.99680233 -0.080000005662
42.0000019 -0.088000006974
42.0032024 -0.092000007629
42.006402 -0.092000007629
42.0096016 -0.1040000021
42.0128021 -0.1160000041
42.0160017 -0.1280000061
42.0192022 -0.1280000061
42.0224018 -0.1400000006
42.0256023 -0.15200001001
42.0288019 -0.17200000584
42.0320024 -0.16800001264
42.035202 -0.18400001526
42.0384016 -0.18800000846
42.0416021 -0.19200000167
42.0448017 -0.2120000124
42.0480022 -0.20000000298
42.0512018 -0.20800000429
42.0544024 -0.2160000056
42.0576019 -0.2160000056
42.0608025 -0.2160000056
42.064002 -0.2160000056
42.0672016 -0.23600001633
42.0704021 -0.19600000978
42.0736017 -0.2120000124
42.0768023 -0.2120000124
42.0800018 -0.19200000167
42.0832024 -0.17600001395
42.0864019 -0.18000000715
42.0896025 -0.18000000715
42.092802 -0.17200000584
42.0960016 -0.16800001264
42.0992022 -0.16800001264
42.1024017 -0.16000001132
42.1056023 -0.1400000006
42.1088018 -0.1440000087
42.1120024 -0.1319999993
42.115202 -0.1319999993
42.1184015 -0.1160000041
42.1216021 -0.1080000028
42.1248016 -0.1040000021
42.1280022 -0.088000006974
42.1312017 -0.088000006974
42.1344023 -0.088000006974
42.1376019 -0.080000005662
42.1408024 -0.068000003695
42.144002 -0.05200000107
42.1472015 -0.056000001729
42.1504021 -0.04000000283
42.1536016 -0.03600000218
42.1568022 -0.03200000152
42.1600018 -0.02800000086
42.1632023 -0.02800000086
42.1664019 -0.02400000021
42.1696024 -0.00800000038
42.172802 -0.0120000001
42.1760015 -0.0120000001
42.1792021 -0.0120000001
42.1824017 -0.0160000008
42.1856022 -0.00400000019
42.1888018 -0.00800000038
42.1920023 -0.0160000008
42.1952019 -0.00400000019
42.1984024 -0.0120000001
42.201602 -0.0120000001
42.2048016 0
42.2080021 -0.00400000019
42.2112017 -0.00800000038
42.2144022 -0.00800000038
42.2176018 -0.00400000019
42.2208023 -0.0120000001
42.2240019 -0.0120000001
42.2272024 -0.00400000019
42.230402 -0.02400000021
42.2336016 -0.00800000038
42.2368021 -0.0120000001
42.2400017 -0.00800000038
42.2432022 -0.00800000038
42.2464018 -0.0120000001
42.2496023 -0.02400000021
42.2528019 -0.0160000008
42.2560024 -0.0120000001
42.259202 -0.0160000008
42.2624016 -0.0160000008
42.2656021 0
42.2688017 0.00400000019
42.2720022 0.0120000001
42.2752018 0.00800000038
42.2784023 0.02800000086
42.2816019 0.02400000021
42.2848024 0.02800000086
42.288002 0.03200000152
42.2912016 0.02800000086
42.2944021 0.03200000152
42.2976017 0.04400000349
42.3008022 0.04400000349
42.3040018 0.03600000218
42.3072023 0.056000001729
42.3104019 0.056000001729
42.3136024 0.080000005662
42.316802 0.076000005007
42.3200016 0.072000004351
42.3232021 0.080000005662
42.3264017 0.084000006318
42.3296022 0.088000006974
42.3328018 0.084000006318
42.3360023 0.096000000834
42.3392019 0.096000000834
42.3424025 0.1080000028
42.345602 0.1120000035
42.3488016 0.1240000054
42.3520021 0.1160000041
42.3552017 0.1200000048
42.3584023 0.1240000054
42.3616018 0.1240000054
42.3648024 0.1280000061
42.3680019 0.1280000061
42.3712025 0.1200000048
42.374402 0.1080000028
42.3776016 0.1120000035
42.3808022 0.1040000021
42.3840017 0.1080000028
42.3872023 0.1040000021
42.3904018 0.092000007629
42.3936024 0.084000006318
42.3968019 0.080000005662
42.4000025 0.072000004351
42.4032021 0.056000001729
42.4064016 0.04800000042
42.4096022 0.056000001729
42.4128017 0.02800000086
42.4160023 0.03600000218
42.4192019 0.02800000086
42.4224024 0.02800000086
42.425602 0.0160000008
42.4288025 0.0160000008
42.4320021 0.0160000008
42.4352016 0.00400000019
42.4384022 0
42.4416018 -0.0120000001
42.4448023 -0.02800000086
42.4480019 -0.0160000008
42.4512024 -0.02800000086
42.454402 -0.0200000014
42.4576015 -0.02800000086
42.4608021 -0.02400000021
42.4640017 -0.03600000218
42.4672022 -0.0160000008
42.4704018 -0.0200000014
42.4736023 -0.00800000038
42.4768019 0
42.4800024 0.00800000038
42.483202 0.02400000021
42.4864016 0.03200000152
42.4896021 0.05200000107
42.4928017 0.04400000349
42.4960022 0.05200000107
42.4992018 0.056000001729
42.5024023 0.060000002384
42.5056019 0.068000003695
42.5088024 0.06400000304
42.512002 0.072000004351
42.5152016 0.076000005007
42.5184021 0.080000005662
42.5216017 0.072000004351
42.5248022 0.076000005007
42.5280018 0.06400000304
42.5312023 0.080000005662
42.5344019 0.080000005662
42.5376024 0.080000005662
42.540802 0.088000006974
42.5440016 0.084000006318
42.5472021 0.1000000015
42.5504017 0.084000006318
42.5536022 0.084000006318
42.5568018 0.088000006974
42.5600023 0.092000007629
42.5632019 0.096000000834
42.5664024 0.080000005662
42.569602 0.096000000834
42.5728016 0.092000007629
42.5760021 0.096000000834
42.5792017 0.088000006974
42.5824022 0.096000000834
42.5856018 0.1000000015
42.5888023 0.096000000834
42.5920019 0.1040000021
42.5952024 0.096000000834
42.598402 0.1080000028
42.6016016 0.1080000028
42.6048021 0.1080000028
42.6080017 0.1040000021
42.6112022 0.1120000035
42.6144018 0.1040000021
42.6176023 0.096000000834
42.6208019 0.1080000028
42.6240025 0.1080000028
42.627202 0.1120000035
42.6304016 0.1120000035
42.6336021 0.1120000035
42.6368017 0.1120000035
42.6400023 0.1040000021
42.6432018 0.1120000035
42.6464024 0.1280000061
42.6496019 0.1280000061
42.6528025 0.1200000048
42.656002 0.1360000074
42.6592016 0.1360000074
42.6624022 0.1319999993
42.6656017 0.1360000074
42.6688023 0.15200001001
42.6720018 0.1480000019
42.6752024 0.16400000453
42.6784019 0.15200001001
42.6816025 0.15600000322
42.6848021 0.15600000322
42.6880016 0.16800001264
42.6912022 0.19600000978
42.6944017 0.18800000846
42.6976023 0.18000000715
42.7008018 0.18800000846
42.7040024 0.18400001526
42.707202 0.20000000298
42.7104025 0.18800000846
42.7136021 0.18400001526
42.7168016 0.19200000167
42.7200022 0.18400001526
42.7232018 0.18000000715
42.7264023 0.17600001395
42.7296019 0.17600001395
42.7328024 0.17600001395
42.736002 0.15600000322
42.7392025 0.1440000087
42.7424021 0.1400000006
42.7456017 0.1319999993
42.7488022 0.1080000028
42.7520018 0.1120000035
42.7552023 0.084000006318
42.7584019 0.080000005662
42.7616024 0.080000005662
42.764802 0.084000006318
42.7680016 0.060000002384
42.7712021 0.04800000042
42.7744017 0.04800000042
42.7776022 0.03600000218
42.7808018 0.0160000008
42.7840023 0.00800000038
42.7872019 -0.0120000001
42.7904024 -0.00400000019
42.793602 -0.0200000014
42.7968016 -0.05200000107
42.8000021 -0.03200000152
42.8032017 -0.04400000349
42.8064022 -0.03200000152
42.8096018 -0.060000002384
42.8128023 -0.068000003695
42.8160019 -0.072000004351
42.8192024 -0.080000005662
42.822402 -0.088000006974
42.8256016 -0.088000006974
42.8288021 -0.096000000834
42.8320017 -0.096000000834
42.8352022 -0.092000007629
42.8384018 -0.096000000834
42.8416023 -0.1120000035
42.8448019 -0.1120000035
42.8480024 -0.1080000028
42.851202 -0.1240000054
42.8544016 -0.1319999993
42.8576021 -0.1280000061
42.8608017 -0.1360000074
42.8640022 -0.1319999993
42.8672018 -0.1400000006
42.8704023 -0.1319999993
42.8736019 -0.1200000048
42.8768024 -0.1360000074
42.880002 -0.1480000019
42.8832016 -0.1400000006
42.8864021 -0.1400000006
42.8896017 -0.1400000006
42.8928022 -0.1440000087
42.8960018 -0.15200001001
42.8992023 -0.1480000019
42.9024019 -0.1480000019
42.9056025 -0.15200001001
42.908802 -0.19200000167
42.9120016 -0.1480000019
42.9152021 -0.1400000006
42.9184017 -0.1480000019
42.9216022 -0.1480000019
42.9248018 -0.1440000087
42.9280024 -0.1360000074
42.9312019 -0.1319999993
42.9344025 -0.1360000074
42.937602 -0.1319999993
42.9408016 -0.1040000021
42.9440022 -0.1000000015
42.9472017 -0.096000000834
42.9504023 -0.076000005007
42.9536018 -0.076000005007
42.9568024 -0.06400000304
42.9600019 -0.060000002384
42.9632025 -0.04000000283
42.9664021 -0.04000000283
42.9696016 -0.04400000349
42.9728022 -0.02800000086
42.9760017 -0.0200000014
42.9792023 -0.0200000014
42.9824018 -0.0120000001
42.9856024 -0.00400000019
42.988802 0.00400000019
42.9920025 0
42.9952021 0.0120000001
42.9984016 0.00800000038
43.0016022 0.0200000014
43.0048018 0.0200000014
43.0080023 0.03200000152
43.0112019 0.02400000021
43.0144024 0.02800000086
43.017602 0.04000000283
43.0208025 0.03600000218
43.0240021 0.04400000349
43.0272017 0.04800000042
43.0304022 0.05200000107
43.0336018 0.05200000107
43.0368023 0.05200000107
43.0400019 0.03200000152
43.0432024 0.05200000107
43.046402 0.056000001729
43.0496025 0.04800000042
43.0528021 0.04400000349
43.0560017 0.04000000283
43.0592022 0.03200000152
43.0624018 0.0200000014
43.0656023 0.02400000021
43.0688019 0.0120000001
43.0720024 0.00800000038
43.075202 0.0160000008
43.0784025 -0.00400000019
43.0816021 0
43.0848017 0.00400000019
43.0880022 0
43.0912018 -0.00800000038
43.0944023 -0.00800000038
43.0976019 -0.00400000019
43.1008024 -0.00800000038
43.104002 0
43.1072016 0
43.1104021 -0.00800000038
43.1136017 -0.0160000008
43.1168022 -0.0160000008
43.1200018 -0.0120000001
43.1232023 -0.04000000283
43.1264019 -0.02400000021
43.1296024 -0.02400000021
43.132802 -0.02400000021
43.1360016 -0.0160000008
43.1392021 -0.0200000014
43.1424017 -0.0200000014
43.1456022 -0.04000000283
43.1488018 -0.03600000218
43.1520023 -0.02400000021
43.1552019 -0.00800000038
43.1584024 -0.0200000014
43.161602 -0.02400000021
43.1648016 -0.0200000014
43.1680021 -0.02400000021
43.1712017 -0.0120000001
43.1744022 -0.03200000152
43.1776018 -0.02800000086
43.1808023 -0.02800000086
43.1840019 -0.03600000218
43.1872025 -0.02800000086
43.190402 -0.02800000086
43.1936016 -0.03600000218
43.1968021 -0.03600000218
43.2000017 -0.03200000152
43.2032022 -0.04800000042
43.2064018 -0.04000000283
43.2096024 -0.05200000107
43.2128019 -0.04800000042
43.2160025 -0.056000001729
43.219202 -0.06400000304
43.2224016 -0.060000002384
43.2256021 -0.06400000304
43.2288017 -0.080000005662
43.2320023 -0.076000005007
43.2352018 -0.072000004351
43.2384024 -0.068000003695
43.2416019 -0.072000004351
43.2448025 -0.072000004351
43.2480021 -0.072000004351
43.2512016 -0.05200000107
43.2544022 -0.076000005007
43.2576017 -0.06400000304
43.2608023 -0.06400000304
43.2640018 -0.05200000107
43.2672024 -0.04000000283
43.270402 -0.04000000283
43.2736025 -0.03200000152
43.2768021 -0.02400000021
43.2800016 -0.0200000014
43.2832022 -0.00400000019
43.2864017 -0.00400000019
43.2896023 0
43.2928019 0.00800000038
43.2960024 0.0160000008
43.299202 0.0200000014
43.3024025 0.02800000086
43.3056021 0.04000000283
43.3088017 0.02400000021
43.3120022 0.03200000152
43.3152018 0.03600000218
43.3184023 0.04000000283
43.3216019 0.03600000218
43.3248024 0.04000000283
43.328002 0.04000000283
43.3312025 0.04000000283
43.3344021 0.04000000283
43.3376017 0.04000000283
43.3408022 0.03600000218
43.3440018 0.03200000152
43.3472023 0.03600000218
43.3504019 0.03200000152
43.3536024 0.03200000152
43.356802 0.02800000086
43.3600025 0.0200000014
43.3632021 0.02400000021
43.3664017 0.0160000008
43.3696022 0.02800000086
43.3728018 0.02800000086
43.3760023 0.02800000086
43.3792019 0.02400000021
43.3824024 0.02800000086
43.385602 0.04400000349
43.3888025 0.02800000086
43.3920021 0.02400000021
43.3952017 0.0160000008
43.3984022 0.00800000038
43.4016018 0.0120000001
43.4048023 0.02400000021
43.4080019 0.0120000001
43.4112024 0.00400000019
43.414402 -0.00400000019
43.4176025 -0.0120000001
43.4208021 -0.0200000014
43.4240017 -0.03200000152
43.4272022 -0.04000000283
43.4304018 -0.072000004351
43.4336023 -0.080000005662
43.4368019 -0.096000000834
43.4400024 -0.1120000035
43.443202 -0.1240000054
43.4464016 -0.1400000006
43.4496021 -0.1400000006
43.4528017 -0.1480000019
43.4560022 -0.1480000019
43.4592018 -0.16000001132
43.4624023 -0.16000001132
43.4656019 -0.15200001001
43.4688025 -0.15600000322
43.472002 -0.15200001001
43.4752016 -0.1400000006
43.4784021 -0.1360000074
43.4816017 -0.1480000019
43.4848022 -0.1360000074
43.4880018 -0.1319999993
43.4912024 -0.1080000028
43.4944019 -0.088000006974
43.4976025 -0.096000000834
43.500802 -0.084000006318
43.5040016 -0.056000001729
43.5072021 -0.06400000304
43.5104017 -0.056000001729
43.5136023 -0.056000001729
43.5168018 -0.04400000349
43.5200024 -0.03600000218
43.5232019 -0.04000000283
43.5264025 -0.03200000152
43.5296021 -0.02800000086
43.5328016 -0.0200000014
43.5360022 -0.02400000021
43.5392017 -0.02400000021
43.5424023 -0.00400000019
43.5456018 -0.00400000019
43.5488024 -0.0120000001
43.552002 0.00800000038
43.5552025 0.02400000021
43.5584021 0.03600000218
43.5616016 0.04000000283
43.5648022 0.04800000042
43.5680017 0.076000005007
43.5712023 0.076000005007
43.5744019 0.096000000834
43.5776024 0.1000000015
43.580802 0.1200000048
43.5840025 0.1360000074
43.5872021 0.1440000087
43.5904016 0.1480000019
43.5936022 0.16000001132
43.5968018 0.16800001264
43.6000023 0.17600001395
43.6032019 0.18000000715
43.6064024 0.18800000846
43.609602 0.19200000167
43.6128025 0.20400001109
43.6160021 0.20800000429
43.6192017 0.20800000429
43.6224022 0.20000000298
43.6256018 0.19200000167
43.6288023 0.18000000715
43.6320019 0.18000000715
43.6352024 0.18400001526
43.638402 0.17200000584
43.6416025 0.16000001132
43.6448021 0.1280000061
43.6480017 0.1360000074
43.6512022 0.1120000035
43.6544018 0.1040000021
43.6576023 0.06400000304
43.6608019 0.080000005662
43.6640024 0.06400000304
43.667202 0.05200000107
43.6704025 0.04000000283
43.6736021 0.03200000152
43.6768017 0.02400000021
43.6800022 0.0160000008
43.6832018 0.0160000008
43.6864023 -0.00400000019
43.6896019 -0.0120000001
43.6928024 -0.02400000021
43.696002 -0.03200000152
43.6992025 -0.04000000283
43.7024021 -0.05200000107
43.7056017 -0.056000001729
43.7088022 -0.068000003695
43.7120018 -0.068000003695
43.7152023 -0.060000002384
43.7184019 -0.068000003695
43.7216024 -0.06400000304
43.724802 -0.068000003695
43.7280025 -0.072000004351
43.7312021 -0.068000003695
43.7344017 -0.088000006974
43.7376022 -0.072000004351
43.7408018 -0.068000003695
43.7440023 -0.072000004351
43.7472019 -0.076000005007
43.7504025 -0.068000003695
43.753602 -0.072000004351
43.7568016 -0.060000002384
43.7600021 -0.068000003695
43.7632017 -0.068000003695
43.7664022 -0.072000004351
43.7696018 -0.060000002384
43.7728024 -0.068000003695
43.7760019 -0.072000004351
43.7792025 -0.072000004351
43.782402 -0.068000003695
43.7856016 -0.076000005007
43.7888021 -0.076000005007
43.7920017 -0.068000003695
43.7952023 -0.06400000304
43.7984018 -0.068000003695
43.8016024 -0.068000003695
43.8048019 -0.060000002384
43.8080025 -0.06400000304
43.811202 -0.072000004351
43.8144016 -0.04800000042
43.8176022 -0.05200000107
43.8208017 -0.04800000042
43.8240023 -0.04400000349
43.8272018 -0.04000000283
43.8304024 -0.03600000218
43.833602 -0.02800000086
43.8368025 -0.02800000086
43.8400021 -0.02800000086
43.8432016 -0.0200000014
43.8464022 -0.0160000008
43.8496017 -0.0120000001
43.8528023 -0.00800000038
43.8560019 -0.00800000038
43.8592024 -0.00400000019
43.862402 0
43.8656025 0.00400000019
43.8688021 -0.00800000038
43.8720016 0
43.8752022 0
43.8784018 0
43.8816023 0.00400000019
43.8848019 0.00400000019
43.8880024 -0.00400000019
43.891202 0.0120000001
43.8944025 -0.00400000019
43.8976021 -0.00400000019
43.9008017 -0.00400000019
43.9040022 -0.00800000038
43.9072018 -0.00800000038
43.9104023 -0.00800000038
43.9136019 -0.0120000001
43.9168024 -0.0160000008
43.920002 -0.0200000014
43.9232025 -0.0200000014
43.9264021 -0.03200000152
43.9296017 -0.04800000042
43.9328022 -0.04800000042
43.9360018 -0.05200000107
43.9392023 -0.060000002384
43.9424019 -0.06400000304
43.9456024 -0.060000002384
43.948802 -0.080000005662
43.9520025 -0.080000005662
43.9552021 -0.080000005662
43.9584017 -0.092000007629
43.9616022 -0.1040000021
43.9648018 -0.1040000021
43.9680023 -0.1200000048
43.9712019 -0.1240000054
43.9744024 -0.1480000019
43.977602 -0.1440000087
43.9808025 -0.16800001264
43.9840021 -0.18000000715
43.9872017 -0.19600000978
43.9904022 -0.2160000056
43.9936018 -0.23600001633
43.9968023 -0.24800001085
44.0000019 -0.25200000405
44.0032024 -0.24800001085
44.006402 -0.26000002027
44.0096025 -0.24400001764
44.0128021 -0.24800001085
44.0160017 -0.24400001764
44.0192022 -0.22400000691
44.0224018 -0.22800001502
44.0256023 -0.2120000124
44.0288019 -0.18800000846
44.0320024 -0.18800000846
44.035202 -0.17200000584
44.0384026 -0.16800001264
44.0416021 -0.15200001001
44.0448017 -0.1319999993
44.0480022 -0.1200000048
44.0512018 -0.1120000035
44.0544024 -0.1000000015
44.0576019 -0.084000006318
44.0608025 -0.056000001729
44.064002 -0.068000003695
44.0672026 -0.05200000107
44.0704021 -0.04800000042
44.0736017 -0.03200000152
44.0768023 -0.0160000008
44.0800018 -0.00800000038
44.0832024 0
44.0864019 0.0120000001
44.0896025 0.0200000014
44.092802 0.02800000086
44.0960016 0.03600000218
44.0992022 0.03600000218
44.1024017 0.04800000042
44.1056023 0.05200000107
44.1088018 0.056000001729
44.1120024 0.072000004351
44.115202 0.072000004351
44.1184025 0.072000004351
44.1216021 0.084000006318
44.1248016 0.076000005007
44.1280022 0.080000005662
44.1312017 0.088000006974
44.1344023 0.084000006318
44.1376019 0.084000006318
44.1408024 0.092000007629
44.144002 0.084000006318
44.1472025 0.088000006974
44.1504021 0.084000006318
44.1536016 0.080000005662
44.1568022 0.084000006318
44.1600018 0.080000005662
44.1632023 0.084000006318
44.1664019 0.084000006318
44.1696024 0.084000006318
44.172802 0.084000006318
44.1760025 0.088000006974
44.1792021 0.096000000834
44.1824017 0.096000000834
44.1856022 0.096000000834
44.1888018 0.096000000834
44.1920023 0.1040000021
44.1952019 0.088000006974
44.1984024 0.1000000015
44.201602 0.1000000015
44.2048025 0.088000006974
44.2080021 0.1240000054
44.2112017 0.1000000015
44.2144022 0.1160000041
44.2176018 0.1120000035
44.2208023 0.1160000041
44.2240019 0.1240000054
44.2272024 0.1240000054
44.230402 0.1240000054
44.2336025 0.1200000048
44.2368021 0.1200000048
44.2400017 0.1280000061
44.2432022 0.1240000054
44.2464018 0.1160000041
44.2496023 0.1200000048
44.2528019 0.1200000048
44.2560024 0.1200000048
44.259202 0.1200000048
44.2624025 0.1200000048
44.2656021 0.1120000035
44.2688017 0.1080000028
44.2720022 0.1120000035
44.2752018 0.1200000048
44.2784023 0.1160000041
44.2816019 0.1080000028
44.2848024 0.1200000048
44.288002 0.1120000035
44.2912025 0.1080000028
44.2944021 0.1160000041
44.2976017 0.1080000028
44.3008022 0.1040000021
44.3040018 0.1000000015
44.3072023 0.1120000035
44.3104019 0.096000000834
44.3136024 0.096000000834
44.316802 0.068000003695
44.3200026 0.088000006974
44.3232021 0.084000006318
44.3264017 0.080000005662
44.3296022 0.068000003695
44.3328018 0.056000001729
44.3360023 0.04000000283
44.3392019 0.03600000218
44.3424025 0.0200000014
44.345602 0.0160000008
44.3488026 -0.00400000019
44.3520021 -0.0160000008
44.3552017 -0.0200000014
44.3584023 -0.03200000152
44.3616018 -0.03200000152
44.3648024 -0.03200000152
44.3680019 -0.04400000349
44.3712025 -0.04800000042
44.374402 -0.05200000107
44.3776026 -0.056000001729
44.3808022 -0.056000001729
44.3840017 -0.06400000304
44.3872023 -0.05200000107
44.3904018 -0.04800000042
44.3936024 -0.060000002384
44.3968019 -0.060000002384
44.4000025 -0.060000002384
44.4032021 -0.06400000304
44.4064016 -0.06400000304
44.4096022 -0.06400000304
44.4128017 -0.06400000304
44.4160023 -0.06400000304
44.4192019 -0.060000002384
44.4224024 -0.060000002384
44.425602 -0.060000002384
44.4288025 -0.06400000304
44.4320021 -0.060000002384
44.4352016 -0.056000001729
44.4384022 -0.06400000304
44.4416018 -0.06400000304
44.4448023 -0.080000005662
44.4480019 -0.06400000304
44.4512024 -0.060000002384
44.454402 -0.056000001729
44.4576025 -0.06400000304
44.4608021 -0.060000002384
44.4640017 -0.056000001729
44.4672022 -0.060000002384
44.4704018 -0.068000003695
44.4736023 -0.060000002384
44.4768019 -0.05200000107
44.4800024 -0.04800000042
44.483202 -0.04800000042
44.4864025 -0.04400000349
44.4896021 -0.04400000349
44.4928017 -0.03600000218
44.4960022 -0.03600000218
44.4992018 -0.02800000086
44.5024023 -0.02400000021
44.5056019 -0.03200000152
44.5088024 -0.02800000086
44.512002 -0.0120000001
44.5152025 -0.00800000038
44.5184021 -0.00800000038
44.5216017 -0.00400000019
44.5248022 0.00400000019
44.5280018 0.00800000038
44.5312023 0.0200000014
44.5344019 0.02800000086
44.5376024 0.03200000152
44.540802 0.03600000218
44.5440025 0.056000001729
44.5472021 0.06400000304
44.5504017 0.072000004351
44.5536022 0.068000003695
44.5568018 0.076000005007
44.5600023 0.084000006318
44.5632019 0.092000007629
44.5664024 0.092000007629
44.569602 0.096000000834
44.5728025 0.1080000028
44.5760021 0.1120000035
44.5792017 0.1240000054
44.5824022 0.1360000074
44.5856018 0.1280000061
44.5888023 0.1280000061
44.5920019 0.1319999993
44.5952024 0.1240000054
44.598402 0.1319999993
44.6016026 0.1280000061
44.6048021 0.1200000048
44.6080017 0.1319999993
44.6112022 0.1240000054
44.6144018 0.1160000041
44.6176023 0.1200000048
44.6208019 0.1080000028
44.6240025 0.1120000035
44.627202 0.1120000035
44.6304026 0.088000006974
44.6336021 0.092000007629
44.6368017 0.096000000834
44.6400023 0.084000006318
44.6432018 0.080000005662
44.6464024 0.06400000304
44.6496019 0.068000003695
44.6528025 0.056000001729
44.656002 0.04800000042
44.6592026 0.03600000218
44.6624022 0.03600000218
44.6656017 0.02400000021
44.6688023 0.00800000038
44.6720018 0
44.6752024 0.0120000001
44.6784019 -0.0160000008
44.6816025 -0.03200000152
44.6848021 -0.04400000349
44.6880026 -0.04800000042
44.6912022 -0.06400000304
44.6944017 -0.076000005007
44.6976023 -0.096000000834
44.7008018 -0.1040000021
44.7040024 -0.1160000041
44.707202 -0.1319999993
44.7104025 -0.1480000019
44.7136021 -0.15200001001
44.7168026 -0.16400000453
44.7200022 -0.16800001264
44.7232018 -0.17200000584
44.7264023 -0.16000001132
44.7296019 -0.16000001132
44.7328024 -0.16400000453
44.736002 -0.16400000453
44.7392025 -0.16000001132
44.7424021 -0.16400000453
44.7456017 -0.15600000322
44.7488022 -0.1480000019
44.7520018 -0.1440000087
44.7552023 -0.15600000322
44.7584019 -0.1280000061
44.7616024 -0.1319999993
44.764802 -0.1319999993
44.7680025 -0.1160000041
44.7712021 -0.1080000028
44.7744017 -0.1000000015
44.7776022 -0.1040000021
44.7808018 -0.096000000834
44.7840023 -0.088000006974
44.7872019 -0.084000006318
44.7904024 -0.072000004351
44.793602 -0.076000005007
44.7968025 -0.060000002384
44.8000021 -0.060000002384
44.8032017 -0.05200000107
44.8064022 -0.05200000107
44.8096018 -0.02800000086
44.8128023 -0.04000000283
44.8160019 -0.04400000349
44.8192024 -0.02800000086
44.822402 -0.0160000008
44.8256025 -0.0200000014
44.8288021 -0.0200000014
44.8320017 0
44.8352022 -0.00400000019
44.8384018 0
44.8416023 0
44.8448019 0.0160000008
44.8480024 0.00400000019
44.851202 0.00400000019
44.8544025 0.0200000014
44.8576021 0.02800000086
44.8608017 0.0200000014
44.8640022 0.02400000021
44.8672018 0.03200000152
44.8704023 0.03200000152
44.8736019 0.04000000283
44.8768024 0.03600000218
44.880002 0.04000000283
44.8832026 0.03200000152
44.8864021 0.056000001729
44.8896017 0.04800000042
44.8928022 0.05200000107
44.8960018 0.05200000107
44.8992023 0.04800000042
44.9024019 0.04800000042
44.9056025 0.056000001729
44.908802 0.03200000152
44.9120026 0.04800000042
44.9152021 0.05200000107
44.9184017 0.04000000283
44.9216022 0.03600000218
44.9248018 0.04000000283
44.9280024 0.04400000349
44.9312019 0.03600000218
44.9344025 0.04400000349
44.937602 0.05200000107
44.9408026 0.05200000107
44.9440022 0.056000001729
44.9472017 0.060000002384
44.9504023 0.068000003695
44.9536018 0.060000002384
44.9568024 0.076000005007
44.9600019 0.06400000304
44.9632025 0.076000005007
44.9664021 0.076000005007
44.9696026 0.088000006974
44.9728022 0.084000006318
44.9760017 0.072000004351
44.9792023 0.088000006974
44.9824018 0.088000006974
44.9856024 0.1000000015
44.988802 0.1120000035
44.9920025 0.1120000035
44.9952021 0.1040000021
44.9984026 0.1120000035
45.0016022 0.1120000035
45.0048018 0.1080000028
45.0080023 0.1160000041
45.0112019 0.1120000035
45.0144024 0.1120000035
45.017602 0.1240000054
45.0208025 0.1200000048
45.0240021 0.1120000035
45.0272026 0.1200000048
45.0304022 0.1200000048
45.0336018 0.1319999993
45.0368023 0.1160000041
45.0400019 0.1480000019
45.0432024 0.1480000019
45.046402 0.1400000006
45.0496025 0.1400000006
45.0528021 0.1440000087
45.0560017 0.1400000006
45.0592022 0.1360000074
45.0624018 0.1360000074
45.0656023 0.1280000061
45.0688019 0.1240000054
45.0720024 0.1080000028
45.075202 0.1080000028
45.0784025 0.1040000021
45.0816021 0.1080000028
45.0848017 0.1080000028
45.0880022 0.088000006974
45.0912018 0.088000006974
45.0944023 0.076000005007
45.0976019 0.080000005662
45.1008024 0.080000005662
45.104002 0.068000003695
45.1072025 0.068000003695
45.1104021 0.072000004351
45.1136017 0.068000003695
45.1168022 0.056000001729
45.1200018 0.060000002384
45.1232023 0.05200000107
45.1264019 0.03600000218
45.1296024 0.03600000218
45.132802 0.02800000086
45.1360025 0.02400000021
45.1392021 0.0200000014
45.1424017 0.00800000038
45.1456022 0.00400000019
45.1488018 -0.00400000019
45.1520023 -0.0160000008
45.1552019 -0.0160000008
45.1584024 -0.0200000014
45.161602 -0.02400000021
45.1648026 -0.02800000086
45.1680021 -0.02800000086
45.1712017 -0.03200000152
45.1744022 -0.03600000218
45.1776018 -0.02400000021
45.1808023 -0.04800000042
45.1840019 -0.05200000107
45.1872025 -0.056000001729
45.190402 -0.04800000042
45.1936026 -0.05200000107
45.1968021 -0.056000001729
45.2000017 -0.060000002384
45.2032022 -0.060000002384
45.2064018 -0.068000003695
45.2096024 -0.068000003695
45.2128019 -0.060000002384
45.2160025 -0.060000002384
45.219202 -0.068000003695
45.2224026 -0.076000005007
45.2256021 -0.072000004351
45.2288017 -0.060000002384
45.2320023 -0.05200000107
45.2352018 -0.06400000304
45.2384024 -0.068000003695
45.2416019 -0.060000002384
45.2448025 -0.06400000304
45.2480021 -0.056000001729
45.2512026 -0.068000003695
45.2544022 -0.072000004351
45.2576017 -0.068000003695
45.2608023 -0.068000003695
45.2640018 -0.06400000304
45.2672024 -0.060000002384
45.270402 -0.068000003695
45.2736025 -0.072000004351
45.2768021 -0.060000002384
45.2800026 -0.060000002384
45.2832022 -0.06400000304
45.2864017 -0.056000001729
45.2896023 -0.05200000107
45.2928019 -0.05200000107
45.2960024 -0.05200000107
45.299202 -0.056000001729
45.3024025 -0.05200000107
45.3056021 -0.04400000349
45.3088026 -0.05200000107
45.3120022 -0.056000001729
45.3152018 -0.056000001729
45.3184023 -0.04800000042
45.3216019 -0.05200000107
45.3248024 -0.056000001729
45.328002 -0.04800000042
45.3312025 -0.04800000042
45.3344021 -0.04800000042
45.3376026 -0.05200000107
45.3408022 -0.05200000107
45.3440018 -0.05200000107
45.3472023 -0.05200000107
45.3504019 -0.060000002384
45.3536024 -0.04800000042
45.356802 -0.04800000042
45.3600025 -0.05200000107
45.3632021 -0.04800000042
45.3664026 -0.04800000042
45.3696022 -0.04800000042
45.3728018 -0.04000000283
45.3760023 -0.04400000349
45.3792019 -0.04000000283
45.3824024 -0.04800000042
45.385602 -0.04000000283
45.3888025 -0.04400000349
45.3920021 -0.04800000042
45.3952017 -0.04000000283
45.3984022 -0.04000000283
45.4016018 -0.04000000283
45.4048023 -0.04000000283
45.4080019 -0.04000000283
45.4112024 -0.03600000218
45.414402 -0.05200000107
45.4176025 -0.05200000107
45.4208021 -0.04000000283
45.4240017 -0.04800000042
45.4272022 -0.04000000283
45.4304018 -0.04800000042
45.4336023 -0.04800000042
45.4368019 -0.04400000349
45.4400024 -0.04800000042
45.443202 -0.04400000349
45.4464025 -0.04800000042
45.4496021 -0.03200000152
45.4528017 -0.04000000283
45.4560022 -0.03600000218
45.4592018 -0.02400000021
45.4624023 -0.02400000021
45.4656019 -0.0160000008
45.4688025 -0.0120000001
45.472002 -0.0160000008
45.4752026 0.0120000001
45.4784021 0.00800000038
45.4816017 0.0120000001
45.4848022 0.00800000038
45.4880018 0.02400000021
45.4912024 0.02400000021
45.4944019 0.04000000283
45.4976025 0.04800000042
45.500802 0.04800000042
45.5040026 0.04400000349
45.5072021 0.056000001729
45.5104017 0.06400000304
45.5136023 0.072000004351
45.5168018 0.076000005007
45.5200024 0.096000000834
45.5232019 0.080000005662
45.5264025 0.1080000028
45.5296021 0.080000005662
45.5328026 0.096000000834
45.5360022 0.1000000015
45.5392017 0.1000000015
45.5424023 0.096000000834
45.5456018 0.088000006974
45.5488024 0.096000000834
45.552002 0.092000007629
45.5552025 0.088000006974
45.5584021 0.084000006318
45.5616026 0.084000006318
45.5648022 0.088000006974
45.5680017 0.080000005662
45.5712023 0.06400000304
45.5744019 0.068000003695
45.5776024 0.060000002384
45.580802 0.056000001729
45.5840025 0.06400000304
45.5872021 0.05200000107
45.5904026 0.060000002384
45.5936022 0.04800000042
45.5968018 0.04400000349
45.6000023 0.03600000218
45.6032019 0.04800000042
45.6064024 0.04000000283
45.609602 0.02800000086
45.6128025 0.05200000107
45.6160021 0.03600000218
45.6192026 0.03200000152
45.6224022 0.03200000152
45.6256018 0.02800000086
45.6288023 0.02800000086
45.6320019 0.02800000086
45.6352024 0.02400000021
45.638402 0.0200000014
45.6416025 0.0200000014
45.6448021 0.0200000014
45.6480026 0.0160000008
45.6512022 0.0120000001
45.6544018 0.00400000019
45.6576023 0
45.6608019 -0.00400000019
45.6640024 -0.02800000086
45.667202 -0.0120000001
45.6704025 -0.02400000021
45.6736021 -0.03200000152
45.6768026 -0.03600000218
45.6800022 -0.04400000349
45.6832018 -0.05200000107
45.6864023 -0.068000003695
45.6896019 -0.076000005007
45.6928024 -0.068000003695
45.696002 -0.080000005662
45.6992025 -0.088000006974
45.7024021 -0.088000006974
45.7056026 -0.088000006974
45.7088022 -0.1040000021
45.7120018 -0.096000000834
45.7152023 -0.092000007629
45.7184019 -0.096000000834
45.7216024 -0.096000000834
45.724802 -0.088000006974
45.7280025 -0.088000006974
45.7312021 -0.088000006974
45.7344017 -0.076000005007
45.7376022 -0.072000004351
45.7408018 -0.06400000304
45.7440023 -0.05200000107
45.7472019 -0.04800000042
45.7504025 -0.03200000152
45.753602 -0.02400000021
45.7568026 -0.00400000019
45.7600021 0.00800000038
45.7632017 0.0160000008
45.7664022 0.04000000283
45.7696018 0.03600000218
45.7728024 0.04400000349
45.7760019 0.056000001729
45.7792025 0.084000006318
45.782402 0.072000004351
45.7856026 0.084000006318
45.7888021 0.084000006318
45.7920017 0.084000006318
45.7952023 0.096000000834
45.7984018 0.1080000028
45.8016024 0.1120000035
45.8048019 0.1080000028
45.8080025 0.1240000054
45.811202 0.1200000048
45.8144026 0.1240000054
45.8176022 0.1319999993
45.8208017 0.1360000074
45.8240023 0.1400000006
45.8272018 0.15200001001
45.8304024 0.1400000006
45.833602 0.1440000087
45.8368025 0.15600000322
45.8400021 0.16000001132
45.8432026 0.1440000087
45.8464022 0.15600000322
45.8496017 0.1440000087
45.8528023 0.1440000087
45.8560019 0.1400000006
45.8592024 0.1400000006
45.862402 0.1360000074
45.8656025 0.1319999993
45.8688021 0.1240000054
45.8720026 0.1160000041
45.8752022 0.1240000054
45.8784018 0.1240000054
45.8816023 0.1160000041
45.8848019 0.1200000048
45.8880024 0.1160000041
45.891202 0.1000000015
45.8944025 0.1120000035
45.8976021 0.096000000834
45.9008026 0.088000006974
45.9040022 0.076000005007
45.9072018 0.06400000304
45.9104023 0.076000005007
45.9136019 0.060000002384
45.9168024 0.04400000349
45.920002 0.04400000349
45.9232025 0.04000000283
45.9264021 0.00800000038
45.9296026 0.02400000021
45.9328022 0.0120000001
45.9360018 0.00400000019
45.9392023 -0.00800000038
45.9424019 -0.0120000001
45.9456024 -0.02800000086
45.948802 -0.02800000086
45.9520025 -0.04400000349
45.9552021 -0.04800000042
45.9584026 -0.060000002384
45.9616022 -0.060000002384
45.9648018 -0.06400000304
45.9680023 -0.088000006974
45.9712019 -0.076000005007
45.9744024 -0.092000007629
45.977602 -0.096000000834
45.9808025 -0.1120000035
45.9840021 -0.1240000054
45.9872026 -0.1240000054
45.9904022 -0.15200001001
45.9936018 -0.15200001001
45.9968023 -0.16000001132
46.0000019 -0.18000000715
46.0032024 -0.18000000715
46.006402 -0.17600001395
46.0096025 -0.18400001526
46.0128021 -0.19600000978
46.0160027 -0.18400001526
46.0192022 -0.18800000846
46.0224018 -0.19600000978
46.0256023 -0.19600000978
46.0288019 -0.18000000715
46.0320024 -0.18800000846
46.035202 -0.18400001526
46.0384026 -0.17600001395
46.0416021 -0.17200000584
46.0448017 -0.16000001132
46.0480022 -0.15200001001
46.0512018 -0.1480000019
46.0544024 -0.1319999993
46.0576019 -0.1160000041
46.0608025 -0.1000000015
46.064002 -0.096000000834
46.0672026 -0.084000006318
46.0704021 -0.072000004351
46.0736017 -0.05200000107
46.0768023 -0.03600000218
46.0800018 -0.02800000086
46.0832024 -0.0120000001
46.0864019 0.00400000019
46.0896025 0.0160000008
46.092802 0.02400000021
46.0960026 0.0200000014
46.0992022 0.02800000086
46.1024017 0.03600000218
46.1056023 0.04000000283
46.1088018 0.056000001729
46.1120024 0.06400000304
46.115202 0.060000002384
46.1184025 0.06400000304
46.1216021 0.056000001729
46.1248026 0.076000005007
46.1280022 0.072000004351
46.1312017 0.076000005007
46.1344023 0.080000005662
46.1376019 0.076000005007
46.1408024 0.068000003695
46.144002 0.076000005007
46.1472025 0.084000006318
46.1504021 0.076000005007
46.1536026 0.084000006318
46.1568022 0.080000005662
46.1600018 0.080000005662
46.1632023 0.076000005007
46.1664019 0.06400000304
46.1696024 0.068000003695
46.172802 0.072000004351
46.1760025 0.072000004351
46.1792021 0.072000004351
46.1824026 0.068000003695
46.1856022 0.068000003695
46.1888018 0.068000003695
46.1920023 0.06400000304
46.1952019 0.06400000304
46.1984024 0.068000003695
46.201602 0.06400000304
46.2048025 0.056000001729
46.2080021 0.056000001729
46.2112026 0.056000001729
46.2144022 0.05200000107
46.2176018 0.05200000107
46.2208023 0.04800000042
46.2240019 0.04400000349
46.2272024 0.04400000349
46.230402 0.02800000086
46.2336025 0.02400000021
46.2368021 0.0120000001
46.2400026 0.00800000038
46.2432022 0.0120000001
46.2464018 0.00400000019
46.2496023 0.00800000038
46.2528019 0.00800000038
46.2560024 -0.00400000019
46.259202 -0.00800000038
46.2624025 0
46.2656021 -0.0200000014
46.2688026 -0.0200000014
46.2720022 -0.0200000014
46.2752018 -0.0160000008
46.2784023 -0.0200000014
46.2816019 -0.03200000152
46.2848024 -0.02400000021
46.288002 -0.02400000021
46.2912025 -0.03200000152
46.2944021 -0.04000000283
46.2976027 -0.04400000349
46.3008022 -0.04800000042
46.3040018 -0.05200000107
46.3072023 -0.072000004351
46.3104019 -0.06400000304
46.3136024 -0.06400000304
46.316802 -0.068000003695
46.3200026 -0.076000005007
46.3232021 -0.084000006318
46.3264027 -0.096000000834
46.3296022 -0.076000005007
46.3328018 -0.084000006318
46.3360023 -0.096000000834
46.3392019 -0.1000000015
46.3424025 -0.1000000015
46.345602 -0.096000000834
46.3488026 -0.096000000834
46.3520021 -0.1120000035
46.3552027 -0.1000000015
46.3584023 -0.1080000028
46.3616018 -0.1000000015
46.3648024 -0.1000000015
46.3680019 -0.1080000028
46.3712025 -0.096000000834
46.374402 -0.096000000834
46.3776026 -0.1000000015
46.3808022 -0.096000000834
46.3840017 -0.088000006974
46.3872023 -0.088000006974
46.3904018 -0.080000005662
46.3936024 -0.088000006974
46.3968019 -0.084000006318
46.4000025 -0.072000004351
46.4032021 -0.076000005007
46.4064026 -0.06400000304
46.4096022 -0.060000002384
46.4128017 -0.068000003695
46.4160023 -0.04800000042
46.4192019 -0.04000000283
46.4224024 -0.03200000152
46.425602 -0.04000000283
46.4288025 -0.03200000152
46.4320021 -0.00800000038
46.4352026 -0.00800000038
46.4384022 -0.00400000019
46.4416018 0
46.4448023 0
46.4480019 0.00800000038
46.4512024 0.0200000014
46.454402 0.02400000021
46.4576025 0.02400000021
46.4608021 0.03200000152
46.4640026 0.04000000283
46.4672022 0.03200000152
46.4704018 0.04800000042
46.4736023 0.04400000349
46.4768019 0.04000000283
46.4800024 0.060000002384
46.483202 0.060000002384
46.4864025 0.05200000107
46.4896021 0.06400000304
46.4928026 0.060000002384
46.4960022 0.05200000107
46.4992018 0.060000002384
46.5024023 0.056000001729
46.5056019 0.05200000107
46.5088024 0.06400000304
46.512002 0.04800000042
46.5152025 0.03600000218
46.5184021 0.04400000349
46.5216026 0.04000000283
46.5248022 0.03200000152
46.5280018 0.0200000014
46.5312023 0.02400000021
46.5344019 0.03200000152
46.5376024 0.02800000086
46.540802 0.02800000086
46.5440025 0.02400000021
46.5472021 0.0160000008
46.5504026 0.02800000086
46.5536022 0.0200000014
46.5568018 0.0200000014
46.5600023 0.0200000014
46.5632019 0.0200000014
46.5664024 0.0200000014
46.569602 0.0160000008
46.5728025 0.00400000019
46.5760021 0.00400000019
46.5792027 0
46.5824022 -0.00400000019
46.5856018 0
46.5888023 -0.0120000001
46.5920019 -0.00800000038
46.5952024 -0.0120000001
46.598402 -0.02400000021
46.6016026 -0.02400000021
46.6048021 -0.03200000152
46.6080027 -0.02400000021
46.6112022 -0.03600000218
46.6144018 -0.04000000283
46.6176023 -0.04000000283
46.6208019 -0.04800000042
46.6240025 -0.04400000349
46.627202 -0.05200000107
46.6304026 -0.04800000042
46.6336021 -0.04800000042
46.6368027 -0.06400000304
46.6400023 -0.04800000042
46.6432018 -0.04400000349
46.6464024 -0.02800000086
46.6496019 -0.04400000349
46.6528025 -0.02800000086
46.656002 -0.02800000086
46.6592026 -0.02400000021
46.6624022 -0.0160000008
46.6656027 -0.0200000014
46.6688023 -0.00800000038
46.6720018 -0.00400000019
46.6752024 0
46.6784019 0.00400000019
46.6816025 0.0120000001
46.6848021 0.0120000001
46.6880026 0.00800000038
46.6912022 0.0160000008
46.6944027 0.02400000021
46.6976023 0.0200000014
46.7008018 0.02400000021
46.7040024 0.03200000152
46.707202 0.04000000283
46.7104025 0.04000000283
46.7136021 0.03600000218
46.7168026 0.03200000152
46.7200022 0.04800000042
46.7232018 0.03600000218
46.7264023 0.03600000218
46.7296019 0.03600000218
46.7328024 0.03600000218
46.736002 0.0200000014
46.7392025 0.03600000218
46.7424021 0.02800000086
46.7456026 0.02800000086
46.7488022 0.02400000021
46.7520018 0.02400000021
46.7552023 0.0160000008
46.7584019 0.00800000038
46.7616024 0.00400000019
46.764802 0.00400000019
46.7680025 -0.0200000014
46.7712021 -0.0200000014
46.7744026 -0.02400000021
46.7776022 -0.02800000086
46.7808018 -0.04400000349
46.7840023 -0.04800000042
46.7872019 -0.04000000283
46.7904024 -0.056000001729
46.793602 -0.060000002384
46.7968025 -0.080000005662
46.8000021 -0.084000006318
46.8032026 -0.088000006974
46.8064022 -0.084000006318
46.8096018 -0.096000000834
46.8128023 -0.092000007629
46.8160019 -0.1000000015
46.8192024 -0.1000000015
46.822402 -0.088000006974
46.8256025 -0.096000000834
46.8288021 -0.076000005007
46.8320026 -0.080000005662
46.8352022 -0.068000003695
46.8384018 -0.060000002384
46.8416023 -0.060000002384
46.8448019 -0.05200000107
46.8480024 -0.04400000349
46.851202 -0.05200000107
46.8544025 -0.04400000349
46.8576021 -0.04000000283
46.8608027 -0.04000000283
46.8640022 -0.03600000218
46.8672018 -0.02800000086
46.8704023 -0.02800000086
46.8736019 -0.0200000014
46.8768024 -0.0160000008
46.880002 -0.02400000021
46.8832026 -0.0160000008
46.8864021 -0.0160000008
46.8896027 -0.0120000001
46.8928022 -0.00400000019
46.8960018 -0.0120000001
46.8992023 -0.00800000038
46.9024019 -0.00400000019
46.9056025 -0.00800000038
46.908802 -0.00800000038
46.9120026 -0.00400000019
46.9152021 -0.00400000019
46.9184027 0.00400000019
46.9216022 0
46.9248018 0.0160000008
46.9280024 0.0160000008
46.9312019 0.0120000001
46.9344025 0.0200000014
46.937602 0.0120000001
46.9408026 0.02400000021
46.9440022 0.02400000021
46.9472027 0.02400000021
46.9504023 0.04400000349
46.9536018 0.03200000152
46.9568024 0.02400000021
46.9600019 0.04800000042
46.9632025 0.04400000349
46.9664021 0.04400000349
46.9696026 0.05200000107
46.9728022 0.04400000349
46.9760027 0.05200000107
46.9792023 0.04400000349
46.9824018 0.04400000349
46.9856024 0.05200000107
46.988802 0.04400000349
46.9920025 0.04000000283
46.9952021 0.04000000283
46.9984026 0.03600000218
47.0016022 0.03200000152
47.0048027 0.0120000001
47.0080023 0.02400000021
47.0112019 0.03200000152
47.0144024 0.0200000014
47.017602 0.0200000014
47.0208025 0.0160000008
47.0240021 0.02400000021
47.0272026 0.0200000014
47.0304022 0.0120000001
47.0336018 0.00400000019
47.0368023 0.0200000014
47.0400019 -0.00400000019
47.0432024 0.0200000014
47.046402 0.0120000001
47.0496025 0.0120000001
47.0528021 0.03200000152
47.0560026 0.02400000021
47.0592022 0.02400000021
47.0624018 0.0160000008
47.0656023 0.02400000021
47.0688019 0.02800000086
47.0720024 0.02400000021
47.075202 0.03600000218
47.0784025 0.03200000152
47.0816021 0.03600000218
47.0848026 0.04000000283
47.0880022 0.03600000218
47.0912018 0.04800000042
47.0944023 0.03600000218
47.0976019 0.04000000283
47.1008024 0.03600000218
47.104002 0.04000000283
47.1072025 0.04000000283
47.1104021 0.03200000152
47.1136026 0.02800000086
47.1168022 0.02800000086
47.1200018 0.02800000086
47.1232023 0.0200000014
47.1264019 0.02400000021
47.1296024 0.0120000001
47.132802 0.0120000001
47.1360025 0.00800000038
47.1392021 0.0120000001
47.1424026 0.00800000038
47.1456022 -0.00800000038
47.1488018 0.00400000019
47.1520023 -0.00800000038
47.1552019 0
47.1584024 -0.00400000019
47.161602 -0.00800000038
47.1648026 -0.00800000038
47.1680021 -0.00800000038
47.1712027 -0.0200000014
47.1744022 -0.0120000001
47.1776018 -0.0160000008
47.1808023 -0.0160000008
47.1840019 -0.0160000008
47.1872025 -0.02400000021
47.190402 -0.02400000021
47.1936026 -0.0160000008
47.1968021 -0.02800000086
47.2000027 -0.0200000014
47.2032022 -0.03200000152
47.2064018 -0.02800000086
47.2096024 -0.02800000086
47.2128019 -0.04000000283
47.2160025 -0.03200000152
47.219202 -0.03200000152
47.2224026 -0.03200000152
47.2256021 -0.03200000152
47.2288027 -0.02400000021
47.2320023 -0.02400000021
47.2352018 -0.02400000021
47.2384024 -0.02400000021
47.2416019 -0.02400000021
47.2448025 -0.0160000008
47.2480021 -0.0120000001
47.2512026 -0.0200000014
47.2544022 -0.0120000001
47.2576027 -0.0120000001
47.2608023 -0.00800000038
47.2640018 0
47.2672024 -0.00400000019
47.270402 -0.00400000019
47.2736025 -0.00400000019
47.2768021 0.00800000038
47.2800026 0.0200000014
47.2832022 0.0160000008
47.2864027 0.00400000019
47.2896023 0.00400000019
47.2928019 0.00400000019
47.2960024 0.00800000038
47.299202 0.00400000019
47.3024025 0
47.3056021 -0.00800000038
47.3088026 -0.0120000001
47.3120022 0
47.3152027 -0.00800000038
47.3184023 -0.00800000038
47.3216019 0
47.3248024 -0.00400000019
47.328002 -0.0160000008
47.3312025 0
47.3344021 -0.00400000019
47.3376026 0
47.3408022 -0.00400000019
47.3440027 0
47.3472023 0.00400000019
47.3504019 -0.00400000019
47.3536024 -0.0120000001
47.356802 -0.00800000038
47.3600025 -0.00800000038
47.3632021 0
47.3664026 -0.0160000008
47.3696022 0
47.3728018 -0.00400000019
47.3760023 0
47.3792019 0.00800000038
47.3824024 0.00800000038
47.385602 0.0120000001
47.3888025 0.0160000008
47.3920021 0.02400000021
47.3952026 0.02800000086
47.3984022 0.03200000152
47.4016018 0.03600000218
47.4048023 0.05200000107
47.4080019 0.04000000283
47.4112024 0.060000002384
47.414402 0.056000001729
47.4176025 0.068000003695
47.4208021 0.060000002384
47.4240026 0.068000003695
47.4272022 0.06400000304
47.4304018 0.076000005007
47.4336023 0.076000005007
47.4368019 0.084000006318
47.4400024 0.06400000304
47.443202 0.084000006318
47.4464025 0.076000005007
47.4496021 0.072000004351
47.4528027 0.076000005007
47.4560022 0.072000004351
47.4592018 0.076000005007
47.4624023 0.060000002384
47.4656019 0.072000004351
47.4688025 0.056000001729
47.472002 0.04800000042
47.4752026 0.05200000107
47.4784021 0.03600000218
47.4816027 0.02800000086
47.4848022 0.02800000086
47.4880018 0.0160000008
47.4912024 0.00400000019
47.4944019 0.00800000038
47.4976025 0
47.500802 -0.0120000001
47.5040026 -0.0120000001
47.5072021 -0.0200000014
47.5104027 -0.02400000021
47.5136023 -0.0160000008
47.5168018 -0.02800000086
47.5200024 -0.02800000086
47.5232019 -0.03600000218
47.5264025 -0.03600000218
47.5296021 -0.03600000218
47.5328026 -0.04400000349
47.5360022 -0.04800000042
47.5392027 -0.04800000042
47.5424023 -0.080000005662
47.5456018 -0.04800000042
47.5488024 -0.04800000042
47.552002 -0.060000002384
47.5552025 -0.06400000304
47.5584021 -0.056000001729
47.5616026 -0.056000001729
47.5648022 -0.060000002384
47.5680027 -0.056000001729
47.5712023 -0.060000002384
47.5744019 -0.060000002384
47.5776024 -0.06400000304
47.580802 -0.056000001729
47.5840025 -0.05200000107
47.5872021 -0.05200000107
47.5904026 -0.06400000304
47.5936022 -0.05200000107
47.5968027 -0.03600000218
47.6000023 -0.03200000152
47.6032019 -0.03200000152
47.6064024 -0.04000000283
47.609602 -0.02800000086
47.6128025 -0.0160000008
47.6160021 -0.0200000014
47.6192026 -0.00800000038
47.6224022 -0.0160000008
47.6256027 -0.00400000019
47.6288023 -0.00400000019
47.6320019 -0.00400000019
47.6352024 -0.0120000001
47.638402 -0.00800000038
47.6416025 -0.0120000001
47.6448021 -0.00400000019
47.6480026 -0.0160000008
47.6512022 -0.00800000038
47.6544027 -0.02800000086
47.6576023 -0.0200000014
47.6608019 -0.0160000008
47.6640024 -0.0200000014
47.667202 -0.00800000038
47.6704025 -0.00400000019
47.6736021 0.00800000038
47.6768026 0.0160000008
47.6800022 0.0120000001
47.6832018 0.00800000038
47.6864023 0.02400000021
47.6896019 0.0200000014
47.6928024 0.02800000086
47.696002 0.02800000086
47.6992025 0.0200000014
47.7024021 0.02800000086
47.7056026 0.05200000107
47.7088022 0.03200000152
47.7120018 0.03600000218
47.7152023 0.03600000218
47.7184019 0.02800000086
47.7216024 0.03200000152
47.724802 0.0160000008
47.7280025 0.0200000014
47.7312021 0.03600000218
47.7344027 0.02800000086
47.7376022 0.02800000086
47.7408018 0.0200000014
47.7440023 0.02400000021
47.7472019 0.0160000008
47.7504025 0.02400000021
47.753602 0.03200000152
47.7568026 0.02400000021
47.7600021 0.0200000014
47.7632027 0.02400000021
47.7664022 0.0160000008
47.7696018 0.0160000008
47.7728024 0.0200000014
47.7760019 0.02400000021
47.7792025 0.00800000038
47.782402 0.00800000038
47.7856026 0.0200000014
47.7888021 0.02400000021
47.7920027 0.0160000008
47.7952023 0.00800000038
47.7984018 0.00800000038
47.8016024 0.00400000019
47.8048019 0.0120000001
47.8080025 0.00800000038
47.811202 0.0120000001
47.8144026 0.00800000038
47.8176022 0.00400000019
47.8208027 -0.0120000001
47.8240023 0
47.8272018 -0.00400000019
47.8304024 0.00400000019
47.833602 0.00400000019
47.8368025 0.00400000019
47.8400021 0
47.8432026 -0.00400000019
47.8464022 0
47.8496027 -0.00800000038
47.8528023 -0.0120000001
47.8560019 -0.0160000008
47.8592024 -0.00800000038
47.862402 -0.02400000021
47.8656025 -0.02800000086
47.8688021 -0.0200000014
47.8720026 -0.0200000014
47.8752022 -0.0200000014
47.8784027 -0.0200000014
47.8816023 -0.0200000014
47.8848019 -0.02400000021
47.8880024 -0.0120000001
47.891202 -0.02800000086
47.8944025 -0.0160000008
47.8976021 -0.0160000008
47.9008026 -0.00800000038
47.9040022 -0.0160000008
47.9072027 -0.0200000014
47.9104023 -0.02400000021
47.9136019 -0.0120000001
47.9168024 -0.0120000001
47.920002 -0.0120000001
47.9232025 -0.00800000038
47.9264021 -0.0120000001
47.9296026 -0.00800000038
47.9328022 -0.0120000001
47.9360027 -0.0120000001
47.9392023 -0.00800000038
47.9424019 -0.00400000019
47.9456024 -0.00800000038
47.948802 -0.0200000014
47.9520025 -0.00400000019
47.9552021 0
47.9584026 0
47.9616022 0.00800000038
47.9648027 0
47.9680023 -0.00400000019
47.9712019 0.0120000001
47.9744024 0.00400000019
47.977602 0.00800000038
47.9808025 0.0160000008
47.9840021 0.0120000001
47.9872026 0.00800000038
47.9904022 0.0160000008
47.9936028 0.00400000019
47.9968023 0.00800000038
48.0000019 0.00800000038
48.0032024 0.0160000008
48.006403 0
48.0096016 0.00800000038
48.0128021 0.0160000008
48.0160027 0.0120000001
48.0192032 0.00800000038
48.0224018 0.0120000001
48.0256023 0.0120000001
48.0288029 0.0160000008
48.0320015 0.00400000019
48.035202 0.00400000019
48.0384026 0
48.0416031 -0.00400000019
48.0448017 0.00400000019
48.0480022 -0.00800000038
48.0512028 -0.00400000019
48.0544014 -0.0200000014
48.0576019 -0.0120000001
48.0608025 -0.0120000001
48.064003 -0.0120000001
48.0672016 -0.00800000038
48.0704021 -0.0120000001
48.0736027 0.00400000019
48.0768032 -0.0160000008
48.0800018 -0.0120000001
48.0832024 -0.00400000019
48.0864029 -0.0160000008
48.0896015 -0.0160000008
48.092802 -0.0160000008
48.0960026 -0.0120000001
48.0992031 -0.0160000008
48.1024017 -0.0120000001
48.1056023 -0.0200000014
48.1088028 -0.00800000038
48.1120014 -0.0160000008
48.115202 -0.02800000086
48.1184025 -0.0160000008
48.121603 -0.0160000008
48.1248016 -0.0160000008
48.1280022 -0.0200000014
48.1312027 -0.0160000008
48.1344032 -0.0160000008
48.1376019 -0.0160000008
48.1408024 0
48.1440029 -0.0120000001
48.1472015 -0.00800000038
48.1504021 -0.00800000038
48.1536026 -0.00400000019
48.1568031 -0.00400000019
48.1600018 -0.00800000038
48.1632023 -0.00800000038
48.1664028 -0.00800000038
48.1696014 -0.00400000019
48.172802 -0.00800000038
48.1760025 -0.0120000001
48.179203 -0.0120000001
48.1824017 -0.0120000001
48.1856022 -0.0160000008
48.1888027 -0.00800000038
48.1920013 -0.00400000019
48.1952019 -0.0160000008
48.1984024 -0.0160000008
48.2016029 -0.0120000001
48.2048016 -0.0200000014
48.2080021 -0.00800000038
48.2112026 -0.0200000014
48.2144032 -0.0120000001
48.2176018 -0.02400000021
48.2208023 -0.02400000021
48.2240028 -0.00400000019
48.2272015 -0.00800000038
48.230402 0
48.2336025 -0.00400000019
48.2368031 -0.0120000001
48.2400017 0.00400000019
48.2432022 0.00800000038
48.2464027 0.00400000019
48.2496014 0.0160000008
48.2528019 0.00800000038
48.2560024 0.0120000001
48.259203 0.00800000038
48.2624016 0.00800000038
48.2656021 0.0160000008
48.2688026 0.02400000021
48.2720032 0.0200000014
48.2752018 0.02400000021
48.2784023 0.0200000014
48.2816029 0.02800000086
48.2848015 0.0200000014
48.288002 0.0120000001
48.2912025 0.0160000008
48.2944031 0.02400000021
48.2976017 0.03200000152
48.3008022 0.00800000038
48.3040028 0.0200000014
48.3072014 0.0200000014
48.3104019 0.0200000014
48.3136024 0.0120000001
48.316803 0.0160000008
48.3200016 0.0160000008
48.3232021 0.0200000014
48.3264027 0.0200000014
48.3296032 0.0200000014
48.3328018 0.02800000086
48.3360023 0.02400000021
48.3392029 0.02400000021
48.3424015 0.02800000086
48.345602 0.02800000086
48.3488026 0.03600000218
48.3520031 0.02800000086
48.3552017 0.03200000152
48.3584023 0.03200000152
48.3616028 0.0200000014
48.3648014 0.04000000283
48.3680019 0.04000000283
48.3712025 0.03200000152
48.374403 0.04400000349
48.3776016 0.03600000218
48.3808022 0.04000000283
48.3840027 0.04000000283
48.3872032 0.04000000283
48.3904018 0.05200000107
48.3936024 0.04800000042
48.3968029 0.04800000042
48.4000015 0.05200000107
48.4032021 0.04000000283
48.4064026 0.04400000349
48.4096031 0.04400000349
48.4128017 0.056000001729
48.4160023 0.04400000349
48.4192028 0.04400000349
48.4224014 0.04400000349
48.425602 0.04000000283
48.4288025 0.04800000042
48.432003 0.03600000218
48.4352016 0.03200000152
48.4384022 0.03200000152
48.4416027 0.02400000021
48.4448032 0.02400000021
48.4480019 0.03200000152
48.4512024 0.0160000008
48.4544029 0.0160000008
48.4576015 0.00400000019
48.4608021 -0.0120000001
48.4640026 -0.00400000019
48.4672031 0
48.4704018 -0.03200000152
48.4736023 -0.00800000038
48.4768028 -0.0120000001
48.4800014 -0.0160000008
48.483202 -0.02800000086
48.4864025 -0.03600000218
48.489603 -0.03200000152
48.4928017 -0.0200000014
48.4960022 -0.03600000218
48.4992027 -0.04800000042
48.5024014 -0.04000000283
48.5056019 -0.04400000349
48.5088024 -0.04000000283
48.5120029 -0.04400000349
48.5152016 -0.04000000283
48.5184021 -0.04800000042
48.5216026 -0.056000001729
48.5248032 -0.05200000107
48.5280018 -0.056000001729
48.5312023 -0.04800000042
48.5344028 -0.05200000107
48.5376015 -0.04800000042
48.540802 -0.04800000042
48.5440025 -0.04400000349
48.5472031 -0.05200000107
48.5504017 -0.05200000107
48.5536022 -0.04000000283
48.5568027 -0.03600000218
48.5600014 -0.03200000152
48.5632019 -0.0200000014
48.5664024 -0.02400000021
48.569603 0
48.5728016 -0.00400000019
48.5760021 -0.00800000038
48.5792027 0.00400000019
48.5824032 0.0120000001
48.5856018 0.0200000014
48.5888023 0.0200000014
48.5920029 0.0200000014
48.5952015 0.03200000152
48.598402 0.04800000042
48.6016026 0.04800000042
48.6048031 0.05200000107
48.6080017 0.060000002384
48.6112022 0.056000001729
48.6144028 0.068000003695
48.6176014 0.060000002384
48.6208019 0.060000002384
48.6240025 0.072000004351
48.627203 0.076000005007
48.6304016 0.076000005007
48.6336021 0.084000006318
48.6368027 0.084000006318
48.6400032 0.084000006318
48.6432018 0.080000005662
48.6464024 0.088000006974
48.6496029 0.072000004351
48.6528015 0.068000003695
48.656002 0.06400000304
48.6592026 0.060000002384
48.6624031 0.056000001729
48.6656017 0.056000001729
48.6688023 0.05200000107
48.6720028 0.04000000283
48.6752014 0.03600000218
48.6784019 0.04000000283
48.6816025 0.03600000218
48.684803 0.02400000021
48.6880016 0.03200000152
48.6912022 0.02400000021
48.6944027 0.02400000021
48.6976032 0.00800000038
48.7008018 0.03600000218
48.7040024 -0.00400000019
48.7072029 -0.00400000019
48.7104015 -0.0200000014
48.7136021 -0.0120000001
48.7168026 -0.0160000008
48.7200031 -0.0160000008
48.7232018 -0.0200000014
48.7264023 -0.0160000008
48.7296028 -0.02400000021
48.7328014 -0.02400000021
48.736002 -0.0200000014
48.7392025 -0.0200000014
48.742403 -0.02400000021
48.7456017 -0.0160000008
48.7488022 -0.0120000001
48.7520027 -0.00400000019
48.7552032 -0.0120000001
48.7584019 0
48.7616024 0.00800000038
48.7648029 0.00800000038
48.7680016 -0.00400000019
48.7712021 0.00400000019
48.7744026 0.0120000001
48.7776031 0.00400000019
48.7808018 0.0200000014
48.7840023 0.03200000152
48.7872028 0.02800000086
48.7904015 0.03600000218
48.793602 0.03200000152
48.7968025 0.04000000283
48.8000031 0.04000000283
48.8032017 0.04000000283
48.8064022 0.02400000021
48.8096027 0.04000000283
48.8128033 0.02800000086
48.8160019 0.02400000021
48.8192024 0.03200000152
48.822403 0.0200000014
48.8256016 0.00400000019
48.8288021 0.0120000001
48.8320026 0.00400000019
48.8352032 0
48.8384018 -0.00400000019
48.8416023 -0.00400000019
48.8448029 -0.0160000008
48.8480015 -0.0160000008
48.851202 -0.02800000086
48.8544025 -0.03200000152
48.8576031 -0.0160000008
48.8608017 -0.04000000283
48.8640022 -0.04400000349
48.8672028 -0.04400000349
48.8704014 -0.04400000349
48.8736019 -0.056000001729
48.8768024 -0.056000001729
48.880003 -0.05200000107
48.8832016 -0.05200000107
48.8864021 -0.04800000042
48.8896027 -0.04000000283
48.8928032 -0.04000000283
48.8960018 -0.03600000218
48.8992023 -0.03600000218
48.9024029 -0.03200000152
48.9056015 -0.03200000152
48.908802 -0.0160000008
48.9120026 -0.0160000008
48.9152031 -0.0120000001
48.9184017 -0.0160000008
48.9216022 -0.0120000001
48.9248028 -0.00800000038
48.9280014 -0.00400000019
48.9312019 -0.00400000019
48.9344025 0.00800000038
48.937603 0
48.9408016 0.0120000001
48.9440022 0.00800000038
48.9472027 0.0200000014
48.9504032 0.0200000014
48.9536018 0.0160000008
48.9568024 0.0160000008
48.9600029 0.0160000008
48.9632015 0.0160000008
48.9664021 0.02800000086
48.9696026 0.0160000008
48.9728031 0.0160000008
48.9760017 0.00800000038
48.9792023 0
48.9824028 0.00800000038
48.9856014 -0.00400000019
48.988802 0
48.9920025 -0.0160000008
48.995203 -0.0120000001
48.9984016 -0.0160000008
49.0016022 -0.0160000008
49.0048027 -0.02800000086
49.0080032 -0.03200000152
49.0112019 -0.02800000086
49.0144024 -0.0200000014
49.0176029 -0.04400000349
49.0208015 -0.04800000042
49.0240021 -0.05200000107
49.0272026 -0.05200000107
49.0304031 -0.06400000304
49.0336018 -0.056000001729
49.0368023 -0.05200000107
49.0400028 -0.060000002384
49.0432014 -0.056000001729
49.046402 -0.080000005662
49.0496025 -0.05200000107
49.052803 -0.05200000107
49.0560017 -0.05200000107
49.0592022 -0.056000001729
49.0624027 -0.056000001729
49.0656033 -0.04400000349
49.0688019 -0.05200000107
49.0720024 -0.04400000349
49.0752029 -0.03600000218
49.0784016 -0.03200000152
49.0816021 -0.02800000086
49.0848026 -0.02800000086
49.0880032 -0.0160000008
49.0912018 -0.02400000021
49.0944023 -0.0120000001
49.0976028 -0.0160000008
49.1008015 0.00400000019
49.104002 0
49.1072025 0
49.1104031 -0.00800000038
49.1136017 -0.00400000019
49.1168022 -0.00400000019
49.1200027 0
49.1232033 0.0160000008
49.1264019 0
49.1296024 -0.00400000019
49.132803 0.00400000019
49.1360016 0.00400000019
49.1392021 0.00800000038
49.1424026 0.00400000019
49.1456032 0.00800000038
49.1488018 0.00800000038
49.1520023 0.00400000019
49.1552029 0.0120000001
49.1584015 0.00800000038
49.161602 0.0120000001
49.1648026 0.0120000001
49.1680031 0.0160000008
49.1712017 0.0160000008
49.1744022 0.0160000008
49.1776028 0.00800000038
49.1808014 0.00800000038
49.1840019 0.00800000038
49.1872025 0.00800000038
49.190403 0.00800000038
49.1936016 0.0200000014
49.1968021 0.0120000001
49.2000027 0.0200000014
49.2032032 0.02400000021
49.2064018 0.02800000086
49.2096024 0.0120000001
49.2128029 0.0160000008
49.2160015 0.0160000008
49.219202 0.02800000086
49.2224026 0.02800000086
49.2256031 0
49.2288017 0.02400000021
49.2320023 0.0160000008
49.2352028 0.0200000014
49.2384014 0.02400000021
49.2416019 0.02400000021
49.2448025 0.0200000014
49.248003 0.0200000014
49.2512016 0.0160000008
49.2544022 0.0200000014
49.2576027 0.0160000008
49.2608032 0.0160000008
49.2640018 0.0120000001
49.2672024 0.0160000008
49.2704029 0
49.2736015 0.00800000038
49.2768021 0.00400000019
49.2800026 0.00400000019
49.2832031 -0.00400000019
49.2864017 0.00400000019
49.2896023 -0.00800000038
49.2928028 0
49.2960014 -0.00800000038
49.299202 0
49.3024025 -0.00800000038
49.305603 -0.0120000001
49.3088017 -0.02400000021
49.3120022 -0.0160000008
49.3152027 -0.0160000008
49.3184032 -0.0160000008
49.3216019 -0.0160000008
49.3248024 -0.02400000021
49.3280029 -0.03200000152
49.3312016 -0.02400000021
49.3344021 -0.02400000021
49.3376026 -0.02800000086
49.3408031 -0.02400000021
49.3440018 -0.02400000021
49.3472023 -0.0200000014
49.3504028 -0.0200000014
49.3536015 -0.0200000014
49.356802 -0.0160000008
49.3600025 -0.0200000014
49.363203 -0.00800000038
49.3664017 -0.00800000038
49.3696022 -0.0120000001
49.3728027 -0.00400000019
49.3760033 -0.00400000019
49.3792019 -0.00400000019
49.3824024 0
49.385603 0.00400000019
49.3888016 0.00400000019
49.3920021 0.00400000019
49.3952026 0.0160000008
49.3984032 0.0160000008
49.4016018 0.02400000021
49.4048023 0.02800000086
49.4080029 0.02800000086
49.4112015 0.04400000349
49.414402 0.04400000349
49.4176025 0.04400000349
49.4208031 0.05200000107
49.4240017 0.060000002384
49.4272022 0.060000002384
49.4304028 0.05200000107
49.4336033 0.068000003695
49.4368019 0.060000002384
49.4400024 0.06400000304
49.443203 0.060000002384
49.4464016 0.056000001729
49.4496021 0.04800000042
49.4528027 0.04400000349
49.4560032 0.04400000349
49.4592018 0.04400000349
49.4624023 0.03600000218
49.4656029 0.02400000021
49.4688015 0.0200000014
49.472002 0.02800000086
49.4752026 0.0200000014
49.4784031 0.0160000008
49.4816017 0.00800000038
49.4848022 0.00400000019
49.4880028 -0.00800000038
49.4912014 -0.0120000001
49.4944019 -0.00800000038
49.4976025 -0.0160000008
49.500803 -0.0160000008
49.5040016 -0.0200000014
49.5072021 -0.0160000008
49.5104027 -0.02400000021
49.5136032 -0.02400000021
49.5168018 -0.03200000152
49.5200024 -0.0120000001
49.5232029 -0.0120000001
49.5264015 -0.00800000038
49.5296021 0
49.5328026 -0.00400000019
49.5360031 0.00400000019
49.5392017 0.00400000019
49.5424023 0.00800000038
49.5456028 0.0200000014
49.5488014 0.02800000086
49.552002 0.0200000014
49.5552025 0.0200000014
49.558403 0.02800000086
49.5616016 0.0200000014
49.5648022 0.0160000008
49.5680027 0.0200000014
49.5712032 0.0160000008
49.5744019 0.02800000086
49.5776024 0.02400000021
49.5808029 0.0200000014
49.5840015 0.0200000014
49.5872021 0.0160000008
49.5904026 0.0160000008
49.5936031 0.02800000086
49.5968018 0.0200000014
49.6000023 0.0160000008
49.6032028 0.0120000001
49.6064014 0
49.609602 0.0120000001
49.6128025 0.0120000001
49.616003 0.04400000349
49.6192017 0.00400000019
49.6224022 0
49.6256027 0
49.6288033 0.00400000019
49.6320019 0.00400000019
49.6352024 0.03200000152
49.6384029 0.0120000001
49.6416016 0.00800000038
49.6448021 0.00400000019
49.6480026 0.0200000014
49.6512032 0.00400000019
49.6544018 -0.00400000019
49.6576023 0.00400000019
49.6608028 0.00800000038
49.6640015 0.00400000019
49.667202 0.00800000038
49.6704025 0.0160000008
49.6736031 0.0200000014
49.6768017 0.0200000014
49.6800022 0.02400000021
49.6832027 0.02400000021
49.6864033 0.00800000038
49.6896019 0.03200000152
49.6928024 0.02800000086
49.696003 0.03200000152
49.6992016 0.04000000283
49.7024021 0.03200000152
49.7056026 0.04000000283
49.7088032 0.04000000283
49.7120018 0.04400000349
49.7152023 0.04400000349
49.7184029 0.03600000218
49.7216015 0.04400000349
49.724802 0.03600000218
49.7280025 0.04400000349
49.7312031 0.02800000086
49.7344017 0.03600000218
49.7376022 0.02400000021
49.7408028 0.02800000086
49.7440033 0.03200000152
49.7472019 0.0160000008
49.7504025 0.02400000021
49.753603 0.02800000086
49.7568016 0.0200000014
49.7600021 0.02800000086
49.7632027 0.0160000008
49.7664032 0.00800000038
49.7696018 0.0200000014
49.7728024 0.0120000001
49.7760029 0.0120000001
49.7792015 0.00800000038
49.782402 0.0120000001
49.7856026 0.00800000038
49.7888031 0.00800000038
49.7920017 0.00800000038
49.7952023 -0.0200000014
49.7984028 -0.00800000038
49.8016033 -0.0120000001
49.8048019 -0.02800000086
49.8080025 -0.03200000152
49.811203 -0.02400000021
49.8144016 -0.03200000152
49.8176022 -0.04000000283
49.8208027 -0.04000000283
49.8240032 -0.04400000349
49.8272018 -0.05200000107
49.8304024 -0.056000001729
49.8336029 -0.05200000107
49.8368015 -0.056000001729
49.8400021 -0.056000001729
49.8432026 -0.068000003695
49.8464031 -0.060000002384
49.8496017 -0.060000002384
49.8528023 -0.056000001729
49.8560028 -0.05200000107
49.8592014 -0.05200000107
49.862402 -0.060000002384
49.8656025 -0.056000001729
49.868803 -0.04800000042
49.8720016 -0.06400000304
49.8752022 -0.04800000042
49.8784027 -0.05200000107
49.8816032 -0.056000001729
49.8848019 -0.056000001729
49.8880024 -0.060000002384
49.8912029 -0.060000002384
49.8944016 -0.068000003695
49.8976021 -0.080000005662
49.9008026 -0.076000005007
49.9040031 -0.080000005662
49.9072018 -0.092000007629
49.9104023 -0.1000000015
49.9136028 -0.096000000834
49.9168015 -0.092000007629
49.920002 -0.1120000035
49.9232025 -0.1160000041
49.926403 -0.1200000048
49.9296017 -0.1240000054
49.9328022 -0.1360000074
49.9360027 -0.1400000006
49.9392033 -0.1360000074
49.9424019 -0.1360000074
49.9456024 -0.1480000019
49.9488029 -0.1319999993
49.9520016 -0.1440000087
49.9552021 -0.15600000322
49.9584026 -0.1240000054
49.9616032 -0.1360000074
49.9648018 -0.1400000006
49.9680023 -0.1480000019
49.9712029 -0.1360000074
49.9744015 -0.1280000061
49.977602 -0.1240000054
49.9808025 -0.1120000035
49.9840031 -0.1120000035
49.9872017 -0.096000000834
49.9904022 -0.1040000021
49.9936028 -0.096000000834
49.9968033 -0.088000006974
50.0000019 -0.084000006318
50.0032024 -0.076000005007
50.006403 -0.072000004351
50.0096016 -0.060000002384
50.0128021 -0.04400000349
50.0160027 -0.04800000042
50.0192032 -0.03600000218
50.0224018 -0.03200000152
50.0256023 -0.0160000008
50.0288029 -0.0160000008
50.0320015 -0.00400000019
50.035202 0.0120000001
50.0384026 0.02400000021
50.0416031 0.0160000008
50.0448017 0.03600000218
50.0480022 0.02400000021
50.0512028 0.04800000042
50.0544033 0.04400000349
50.0576019 0.056000001729
50.0608025 0.056000001729
50.064003 0.04400000349
50.0672016 0.056000001729
50.0704021 0.05200000107
50.0736027 0.068000003695
50.0768032 0.060000002384
50.0800018 0.05200000107
50.0832024 0.04400000349
50.0864029 0.04800000042
50.0896015 0.04800000042
50.092802 0.04800000042
50.0960026 0.04800000042
50.0992031 0.04800000042
50.1024017 0.05200000107
50.1056023 0.04400000349
50.1088028 0.04400000349
50.1120033 0.05200000107
50.115202 0.05200000107
50.1184025 0.068000003695
50.121603 0.056000001729
50.1248016 0.060000002384
50.1280022 0.056000001729
50.1312027 0.072000004351
50.1344032 0.060000002384
50.1376019 0.04800000042
50.1408024 0.06400000304
50.1440029 0.060000002384
50.1472015 0.060000002384
50.1504021 0.056000001729
50.1536026 0.04800000042
50.1568031 0.05200000107
50.1600018 0.072000004351
50.1632023 0.05200000107
50.1664028 0.04800000042
50.1696014 0.04400000349
50.172802 0.03600000218
50.1760025 0.056000001729
50.179203 0.04000000283
50.1824017 0.04000000283
50.1856022 0.03200000152
50.1888027 0.03200000152
50.1920033 0.02400000021
50.1952019 0.02800000086
50.1984024 0.0120000001
50.2016029 0.02400000021
50.2048016 0.02400000021
50.2080021 0.0120000001
50.2112026 0.0120000001
50.2144032 0.0120000001
50.2176018 0.00800000038
50.2208023 0.00800000038
50.2240028 0.0120000001
50.2272015 0.00400000019
50.230402 0
50.2336025 0.00400000019
50.2368031 -0.02800000086
50.2400017 0
50.2432022 0.00400000019
50.2464027 -0.00400000019
50.2496033 -0.00800000038
50.2528019 0.00400000019
50.2560024 0.00400000019
50.259203 -0.0200000014
50.2624016 0.00400000019
50.2656021 0.0120000001
50.2688026 0.0160000008
50.2720032 0.02400000021
50.2752018 0.02400000021
50.2784023 0.02400000021
50.2816029 0.02400000021
50.2848015 0.03200000152
50.288002 0.02800000086
50.2912025 0.04400000349
50.2944031 0.02400000021
50.2976017 0.03200000152
50.3008022 0.04000000283
50.3040028 0.03600000218
50.3072033 0.03600000218
50.3104019 0.04000000283
50.3136024 0.03600000218
50.316803 0.03600000218
50.3200016 0.03600000218
50.3232021 0.03200000152
50.3264027 0.03600000218
50.3296032 0.03600000218
50.3328018 0.02800000086
50.3360023 0.03200000152
50.3392029 0.03600000218
50.3424015 0.03200000152
50.345602 0.02800000086
50.3488026 0.03600000218
50.3520031 0.02800000086
50.3552017 0.04800000042
50.3584023 0.02400000021
50.3616028 0.03200000152
50.3648033 0.02400000021
50.3680019 0.0160000008
50.3712025 0.0200000014
50.374403 0.0120000001
50.3776016 0.0120000001
50.3808022 0.00800000038
50.3840027 0.00400000019
50.3872032 0
50.3904018 0
50.3936024 -0.00800000038
50.3968029 0
50.4000015 0.00400000019
50.4032021 0.00800000038
50.4064026 0
50.4096031 0.00800000038
50.4128017 0.0160000008
50.4160023 0.0120000001
50.4192028 0.00800000038
50.4224033 0.0200000014
50.425602 0.02400000021
50.4288025 0.00400000019
50.432003 0.04400000349
50.4352016 0.04000000283
50.4384022 0.02400000021
50.4416027 0.04800000042
50.4448032 0.04400000349
50.4480019 0.03200000152
50.4512024 0.04400000349
50.4544029 0.04400000349
50.4576015 0.04000000283
50.4608021 0.04000000283
50.4640026 0.04400000349
50.4672031 0.04400000349
50.4704018 0.04400000349
50.4736023 0.04400000349
50.4768028 0.04800000042
50.4800014 0.04800000042
50.483202 0.05200000107
50.4864025 0.04800000042
50.489603 0.05200000107
50.4928017 0.05200000107
50.4960022 0.05200000107
50.4992027 0.05200000107
50.5024033 0.04800000042
50.5056019 0.05200000107
50.5088024 0.05200000107
50.5120029 0.056000001729
50.5152016 0.05200000107
50.5184021 0.056000001729
50.5216026 0.056000001729
50.5248032 0.06400000304
50.5280018 0.068000003695
50.5312023 0.076000005007
50.5344028 0.068000003695
50.5376015 0.072000004351
50.540802 0.084000006318
50.5440025 0.076000005007
50.5472031 0.076000005007
50.5504017 0.072000004351
50.5536022 0.084000006318
50.5568027 0.080000005662
50.5600033 0.088000006974
50.5632019 0.092000007629
50.5664024 0.080000005662
50.569603 0.072000004351
50.5728016 0.080000005662
50.5760021 0.084000006318
50.5792027 0.084000006318
50.5824032 0.080000005662
50.5856018 0.076000005007
50.5888023 0.096000000834
50.5920029 0.076000005007
50.5952015 0.080000005662
50.598402 0.080000005662
50.6016026 0.06400000304
50.6048031 0.06400000304
50.6080017 0.056000001729
50.6112022 0.056000001729
50.6144028 0.056000001729
50.6176033 0.056000001729
50.6208019 0.04400000349
50.6240025 0.04400000349
50.627203 0.03600000218
50.6304016 0.0200000014
50.6336021 0.02400000021
50.6368027 0.02400000021
50.6400032 0.00800000038
50.6432018 0.0120000001
50.6464024 0.0120000001
50.6496029 0.00800000038
50.6528015 0.0200000014
50.656002 0.00400000019
50.6592026 0
50.6624031 -0.0120000001
50.6656017 -0.0120000001
50.6688023 -0.0160000008
50.6720028 -0.00800000038
50.6752033 -0.0200000014
50.6784019 -0.02400000021
50.6816025 -0.03200000152
50.684803 -0.03200000152
50.6880016 -0.05200000107
50.6912022 -0.04400000349
50.6944027 -0.04800000042
50.6976032 -0.04000000283
50.7008018 -0.05200000107
50.7040024 -0.06400000304
50.7072029 -0.06400000304
50.7104015 -0.072000004351
50.7136021 -0.080000005662
50.7168026 -0.084000006318
50.7200031 -0.084000006318
50.7232018 -0.096000000834
50.7264023 -0.1120000035
50.7296028 -0.1160000041
50.7328033 -0.1319999993
50.736002 -0.1319999993
50.7392025 -0.1360000074
50.742403 -0.1400000006
50.7456017 -0.15200001001
50.7488022 -0.16400000453
50.7520027 -0.15600000322
50.7552032 -0.15600000322
50.7584019 -0.17200000584
50.7616024 -0.17200000584
50.7648029 -0.15600000322
50.7680016 -0.16800001264
50.7712021 -0.16400000453
50.7744026 -0.15200001001
50.7776031 -0.15600000322
50.7808018 -0.1480000019
50.7840023 -0.1440000087
50.7872028 -0.1360000074
50.7904015 -0.1360000074
50.793602 -0.15600000322
50.7968025 -0.1200000048
50.8000031 -0.1080000028
50.8032017 -0.1080000028
50.8064022 -0.096000000834
50.8096027 -0.092000007629
50.8128033 -0.088000006974
50.8160019 -0.072000004351
50.8192024 -0.05200000107
50.822403 -0.060000002384
50.8256016 -0.056000001729
50.8288021 -0.04000000283
50.8320026 -0.04400000349
50.8352032 -0.03600000218
50.8384018 -0.0200000014
50.8416023 -0.0120000001
50.8448029 -0.00800000038
50.8480015 -0.00400000019
50.851202 0
50.8544025 0.00400000019
50.8576031 0.0120000001
50.8608017 0.02400000021
50.8640022 0.03200000152
50.8672028 0.03600000218
50.8704033 0.04000000283
50.8736019 0.05200000107
50.8768024 0.05200000107
50.880003 0.060000002384
50.8832016 0.06400000304
50.8864021 0.096000000834
50.8896027 0.06400000304
50.8928032 0.088000006974
50.8960018 0.088000006974
50.8992023 0.092000007629
50.9024029 0.084000006318
50.9056015 0.088000006974
50.908802 0.096000000834
50.9120026 0.084000006318
50.9152031 0.096000000834
50.9184017 0.1000000015
50.9216022 0.092000007629
50.9248028 0.1000000015
50.9280033 0.1000000015
50.9312019 0.1000000015
50.9344025 0.1040000021
50.937603 0.088000006974
50.9408016 0.092000007629
50.9440022 0.092000007629
50.9472027 0.084000006318
50.9504032 0.088000006974
50.9536018 0.088000006974
50.9568024 0.080000005662
50.9600029 0.080000005662
50.9632015 0.076000005007
50.9664021 0.072000004351
50.9696026 0.06400000304
50.9728031 0.06400000304
50.9760017 0.060000002384
50.9792023 0.04800000042
50.9824028 0.05200000107
50.9856033 0.04400000349
50.988802 0.03200000152
50.9920025 0.03600000218
50.995203 0.03200000152
50.9984016 -0.0120000001
51.0016022 0.02400000021
51.0048027 0.0200000014
51.0080032 0.0160000008
51.0112019 0.0120000001
51.0144024 0.00800000038
51.0176029 0.00400000019
51.0208015 0
51.0240021 0
51.0272026 -0.00800000038
51.0304031 -0.0160000008
51.0336018 -0.02400000021
51.0368023 -0.0160000008
51.0400028 -0.0200000014
51.0432034 -0.02400000021
51.046402 -0.0160000008
51.0496025 -0.02800000086
51.052803 -0.03600000218
51.0560017 -0.03200000152
51.0592022 -0.056000001729
51.0624027 -0.05200000107
51.0656033 -0.04800000042
51.0688019 -0.056000001729
51.0720024 -0.056000001729
51.0752029 -0.056000001729
51.0784016 -0.05200000107
51.0816021 -0.05200000107
51.0848026 -0.056000001729
51.0880032 -0.05200000107
51.0912018 -0.056000001729
51.0944023 -0.04800000042
51.0976028 -0.04800000042
51.1008034 -0.05200000107
51.104002 -0.05200000107
51.1072025 -0.04000000283
51.1104031 -0.03600000218
51.1136017 -0.04800000042
51.1168022 -0.03200000152
51.1200027 -0.03200000152
51.1232033 -0.03600000218
51.1264019 -0.03200000152
51.1296024 0
51.132803 0.00400000019
51.1360016 -0.00400000019
51.1392021 -0.00400000019
51.1424026 0.00400000019
51.1456032 0.00800000038
51.1488018 0
51.1520023 0.0200000014
51.1552029 0.0160000008
51.1584015 0.0200000014
51.161602 0.0160000008
51.1648026 0.02400000021
51.1680031 0.0160000008
51.1712017 0.02400000021
51.1744022 0.0160000008
51.1776028 0.02400000021
51.1808033 0.00800000038
51.1840019 0.00800000038
51.1872025 -0.00400000019
51.190403 0.00800000038
51.1936016 0.00800000038
51.1968021 0
51.2000027 -0.00400000019
51.2032032 -0.00800000038
51.2064018 -0.0120000001
51.2096024 -0.00800000038
51.2128029 -0.0160000008
51.2160015 -0.0120000001
51.219202 -0.02400000021
51.2224026 -0.0160000008
51.2256031 -0.0200000014
51.2288017 -0.0160000008
51.2320023 -0.02800000086
51.2352028 -0.00800000038
51.2384033 -0.00400000019
51.2416019 -0.0120000001
51.2448025 -0.00400000019
51.248003 -0.0120000001
51.2512016 -0.00400000019
51.2544022 -0.00400000019
51.2576027 -0.00400000019
51.2608032 -0.00800000038
51.2640018 -0.00400000019
51.2672024 0.00400000019
51.2704029 0
51.2736015 0.0200000014
51.2768021 0.0160000008
51.2800026 0.02400000021
51.2832031 0.02800000086
51.2864017 0.02800000086
51.2896023 0.03600000218
51.2928028 0.03200000152
51.2960033 0.04000000283
51.299202 0.04400000349
51.3024025 0.04000000283
51.305603 0.04800000042
51.3088017 0.04800000042
51.3120022 0.04800000042
51.3152027 0.056000001729
51.3184032 0.060000002384
51.3216019 0.060000002384
51.3248024 0.05200000107
51.3280029 0.06400000304
51.3312016 0.056000001729
51.3344021 0.06400000304
51.3376026 0.084000006318
51.3408031 0.060000002384
51.3440018 0.060000002384
51.3472023 0.068000003695
51.3504028 0.060000002384
51.3536034 0.06400000304
51.356802 0.06400000304
51.3600025 0.068000003695
51.363203 0.06400000304
51.3664017 0.068000003695
51.3696022 0.084000006318
51.3728027 0.068000003695
51.3760033 0.06400000304
51.3792019 0.060000002384
51.3824024 0.06400000304
51.385603 0.060000002384
51.3888016 0.076000005007
51.3920021 0.080000005662
51.3952026 0.076000005007
51.3984032 0.084000006318
51.4016018 0.080000005662
51.4048023 0.072000004351
51.4080029 0.072000004351
51.4112034 0.080000005662
51.414402 0.072000004351
51.4176025 0.080000005662
51.4208031 0.080000005662
51.4240017 0.080000005662
51.4272022 0.084000006318
51.4304028 0.080000005662
51.4336033 0.080000005662
51.4368019 0.080000005662
51.4400024 0.084000006318
51.443203 0.076000005007
51.4464016 0.080000005662
51.4496021 0.076000005007
51.4528027 0.072000004351
51.4560032 0.068000003695
51.4592018 0.072000004351
51.4624023 0.060000002384
51.4656029 0.056000001729
51.4688015 0.05200000107
51.472002 0.03600000218
51.4752026 0.0160000008
51.4784031 0.00400000019
51.4816017 0.00400000019
51.4848022 0
51.4880028 -0.00800000038
51.4912033 -0.0200000014
51.4944019 -0.03600000218
51.4976025 -0.04400000349
51.500803 -0.056000001729
51.5040016 -0.06400000304
51.5072021 -0.068000003695
51.5104027 -0.080000005662
51.5136032 -0.092000007629
51.5168018 -0.088000006974
51.5200024 -0.1000000015
51.5232029 -0.1080000028
51.5264015 -0.1080000028
51.5296021 -0.1120000035
51.5328026 -0.1120000035
51.5360031 -0.1240000054
51.5392017 -0.1200000048
51.5424023 -0.1160000041
51.5456028 -0.1080000028
51.5488033 -0.1120000035
51.552002 -0.096000000834
51.5552025 -0.1000000015
51.558403 -0.084000006318
51.5616016 -0.076000005007
51.5648022 -0.06400000304
51.5680027 -0.06400000304
51.5712032 -0.03600000218
51.5744019 -0.04400000349
51.5776024 -0.02400000021
51.5808029 -0.0120000001
51.5840015 -0.00400000019
51.5872021 0.0120000001
51.5904026 0.0200000014
51.5936031 0.03200000152
51.5968018 0.03600000218
51.6000023 0.04800000042
51.6032028 0.05200000107
51.6064034 0.056000001729
51.609602 0.072000004351
51.6128025 0.06400000304
51.616003 0.072000004351
51.6192017 0.080000005662
51.6224022 0.076000005007
51.6256027 0.076000005007
51.6288033 0.068000003695
51.6320019 0.072000004351
51.6352024 0.060000002384
51.6384029 0.088000006974
51.6416016 0.068000003695
51.6448021 0.04800000042
51.6480026 0.076000005007
51.6512032 0.04000000283
51.6544018 0.03600000218
51.6576023 0.04000000283
51.6608028 0.02800000086
51.6640034 0.0200000014
51.667202 0.0200000014
51.6704025 0.00800000038
51.6736031 0.00800000038
51.6768017 0.00400000019
51.6800022 0
51.6832027 -0.00800000038
51.6864033 -0.00800000038
51.6896019 -0.0120000001
51.6928024 -0.0200000014
51.696003 -0.0200000014
51.6992016 -0.02800000086
51.7024021 -0.02400000021
51.7056026 -0.02400000021
51.7088032 -0.03200000152
51.7120018 -0.02400000021
51.7152023 -0.03600000218
51.7184029 -0.03600000218
51.7216034 -0.03600000218
51.724802 -0.04400000349
51.7280025 -0.03200000152
51.7312031 -0.03600000218
51.7344017 -0.05200000107
51.7376022 -0.04800000042
51.7408028 -0.05200000107
51.7440033 -0.05200000107
51.7472019 -0.056000001729
51.7504025 -0.060000002384
51.753603 -0.060000002384
51.7568016 -0.06400000304
51.7600021 -0.060000002384
51.7632027 -0.068000003695
51.7664032 -0.068000003695
51.7696018 -0.072000004351
51.7728024 -0.072000004351
51.7760029 -0.072000004351
51.7792015 -0.080000005662
51.782402 -0.076000005007
51.7856026 -0.076000005007
51.7888031 -0.080000005662
51.7920017 -0.056000001729
51.7952023 -0.068000003695
51.7984028 -0.068000003695
51.8016033 -0.068000003695
51.8048019 -0.068000003695
51.8080025 -0.060000002384
51.811203 -0.056000001729
51.8144016 -0.05200000107
51.8176022 -0.05200000107
51.8208027 -0.04400000349
51.8240032 -0.05200000107
51.8272018 -0.04400000349
51.8304024 -0.04400000349
51.8336029 -0.02400000021
51.8368015 -0.02400000021
51.8400021 -0.03200000152
51.8432026 -0.0200000014
51.8464031 -0.0160000008
51.8496017 -0.02800000086
51.8528023 0.00400000019
51.8560028 -0.0120000001
51.8592033 -0.0160000008
51.862402 -0.00800000038
51.8656025 -0.00400000019
51.868803 -0.00400000019
51.8720016 -0.00800000038
51.8752022 0.00400000019
51.8784027 0.0120000001
51.8816032 0.0120000001
51.8848019 0.00400000019
51.8880024 0.02800000086
51.8912029 0.0200000014
51.8944016 0.02400000021
51.8976021 0.02400000021
51.9008026 0.02400000021
51.9040031 0.02400000021
51.9072018 0.0160000008
51.9104023 0.03200000152
51.9136028 0.02800000086
51.9168034 0.0160000008
51.920002 0.02400000021
51.9232025 0.0200000014
51.926403 0.02400000021
51.9296017 0.00800000038
51.9328022 0.00400000019
51.9360027 0.0160000008
51.9392033 0.03200000152
51.9424019 0.00400000019
51.9456024 -0.00400000019
51.9488029 -0.0120000001
51.9520016 -0.00800000038
51.9552021 -0.00800000038
51.9584026 -0.00800000038
51.9616032 -0.00800000038
51.9648018 -0.0120000001
51.9680023 -0.0160000008
51.9712029 -0.0200000014
51.9744034 -0.02400000021
51.977602 -0.0160000008
51.9808025 -0.0200000014
51.9840031 -0.0160000008
51.9872017 -0.02400000021
51.9904022 -0.02800000086
51.9936028 -0.0200000014
51.9968033 -0.0120000001
52.0000019 -0.02400000021
52.0032024 -0.0160000008
52.006403 -0.0200000014
52.0096016 -0.0120000001
52.0128021 -0.00400000019
52.0160027 -0.00400000019
52.0192032 -0.00800000038
52.0224018 -0.00400000019
52.0256023 -0.0120000001
52.0288029 -0.00800000038
52.0320034 0
52.035202 0
52.0384026 0
52.0416031 -0.00400000019
52.0448017 -0.0160000008
52.0480022 -0.0160000008
52.0512028 -0.00400000019
52.0544033 -0.00800000038
52.0576019 -0.0120000001
52.0608025 -0.00800000038
52.064003 -0.0120000001
52.0672016 -0.0160000008
52.0704021 -0.0200000014
52.0736027 -0.00800000038
52.0768032 -0.0160000008
52.0800018 -0.0200000014
52.0832024 -0.0200000014
52.08640289 -0.02800000086
52.08960342 -0.03600000218
52.09280205 -0.03200000152
52.09600258 -0.03200000152
52.09920311 -0.04000000283
52.10240173 -0.0160000008
52.10560226 -0.04000000283
52.1088028 -0.04400000349
52.11200333 -0.02800000086
52.11520195 -0.05200000107
52.11840248 -0.04400000349
52.12160301 -0.03600000218
52.12480164 -0.04400000349
52.12800217 -0.04000000283
52.1312027 -0.03600000218
52.13440323 -0.03600000218
52.13760185 -0.03200000152
52.14080238 -0.0160000008
52.14400291 -0.02800000086
52.14720154 -0.02400000021
52.15040207 -0.0200000014
52.1536026 -0.00400000019
52.15680313 -0.0160000008
52.16000175 -0.0160000008
52.16320229 -0.00400000019
52.16640282 -0.00800000038
52.16960335 0
52.17280197 -0.00400000019
52.1760025 0.00800000038
52.17920303 0.02800000086
52.18240166 0.0120000001
52.18560219 0.0200000014
52.18880272 0.03200000152
52.19200325 0.03200000152
52.19520187 0.03600000218
52.1984024 0.04400000349
52.20160294 0.04000000283
52.20480156 0.04000000283
52.20800209 0.03200000152
52.21120262 0.04000000283
52.21440315 0.04400000349
52.21760178 0.072000004351
52.22080231 0.04800000042
52.22400284 0.056000001729
52.22720337 0.05200000107
52.23040199 0.056000001729
52.23360252 0.04800000042
52.23680305 0.04400000349
52.24000168 0.05200000107
52.24320221 0.03200000152
52.24640274 0.05200000107
52.24960327 0.05200000107
52.2528019 0.04400000349
52.25600243 0.04800000042
52.25920296 0.04800000042
52.26240158 0.03600000218
52.26560211 0.03600000218
52.26880264 0.04400000349
52.27200317 0.04000000283
52.2752018 0.04000000283
52.27840233 0.04000000283
52.28160286 0.04000000283
52.28480339 0.03600000218
52.28800201 0.02800000086
52.29120255 0.04000000283
52.29440308 0.03200000152
52.2976017 0.03200000152
52.30080223 0.03600000218
52.30400276 0.03600000218
52.30720329 0.04000000283
52.31040192 0.02800000086
52.31360245 0.04000000283
52.31680298 0.02800000086
52.3200016 0.03200000152
52.32320213 0.03600000218
52.32640266 0.03600000218
52.3296032 0.03200000152
52.33280182 0.04000000283
52.33600235 0.04400000349
52.33920288 0.04400000349
52.34240341 0.04000000283
52.34560204 0.04000000283
52.34880257 0.04800000042
52.3520031 0.04400000349
52.35520172 0.05200000107
52.35840225 0.05200000107
52.36160278 0.05200000107
52.36480331 0.04800000042
52.36800194 0.04000000283
52.37120247 0.03600000218
52.374403 0.04800000042
52.37760162 0.04000000283
52.38080215 0.04000000283
52.38400269 0.03200000152
52.38720322 0.02400000021
52.39040184 0.02800000086
52.39360237 0.0160000008
52.3968029 0.0120000001
52.40000343 0.0160000008
52.40320206 0.00800000038
52.40640259 0.00400000019
52.40960312 -0.0160000008
52.41280174 0.00400000019
52.41600227 -0.0160000008
52.4192028 -0.03200000152
52.42240334 -0.03200000152
52.42560196 -0.03200000152
52.42880249 -0.04400000349
52.43200302 -0.04400000349
52.43520164 -0.04400000349
52.43840218 -0.068000003695
52.44160271 -0.05200000107
52.44480324 -0.05200000107
52.44800186 -0.060000002384
52.45120239 -0.072000004351
52.45440292 -0.068000003695
52.45760155 -0.072000004351
52.46080208 -0.072000004351
52.46400261 -0.076000005007
52.46720314 -0.072000004351
52.47040176 -0.060000002384
52.47360229 -0.06400000304
52.47680283 -0.06400000304
52.48000336 -0.06400000304
52.48320198 -0.06400000304
52.48640251 -0.04800000042
52.48960304 -0.04800000042
52.49280167 -0.04800000042
52.4960022 -0.04400000349
52.49920273 -0.05200000107
52.50240326 -0.04000000283
52.50560188 -0.03200000152
52.50880241 -0.02400000021
52.51200294 -0.0120000001
52.51520157 -0.0120000001
52.5184021 -0.0120000001
52.52160263 -0.00800000038
52.52480316 -0.00400000019
52.52800179 -0.00800000038
52.53120232 0.00400000019
52.53440285 0.0120000001
52.53760338 0.0120000001
52.540802 0.0120000001
52.54400253 0.0120000001
52.54720306 0.0160000008
52.55040169 0.02400000021
52.55360222 0.0120000001
52.55680275 0.03200000152
52.56000328 0.03200000152
52.5632019 0.02800000086
52.56640244 0.04000000283
52.56960297 0.03200000152
52.57280159 0.04400000349
52.57600212 0.05200000107
52.57920265 0.04800000042
52.58240318 0.056000001729
52.58560181 0.06400000304
52.58880234 0.076000005007
52.59200287 0.060000002384
52.5952034 0.080000005662
52.59840202 0.068000003695
52.60160255 0.080000005662
52.60480309 0.072000004351
52.60800171 0.072000004351
52.61120224 0.084000006318
52.61440277 0.092000007629
52.6176033 0.088000006974
52.62080193 0.092000007629
52.62400246 0.088000006974
52.62720299 0.084000006318
52.63040161 0.092000007629
52.63360214 0.080000005662
52.63680267 0.084000006318
52.6400032 0.084000006318
52.64320183 0.084000006318
52.64640236 0.072000004351
52.64960289 0.072000004351
52.65280342 0.060000002384
52.65600204 0.056000001729
52.65920258 0.04400000349
52.66240311 0.04800000042
52.66560173 0.03600000218
52.66880226 0.04800000042
52.67200279 0.04800000042
52.67520332 0.03200000152
52.67840195 0.0200000014
52.68160248 0.0120000001
52.68480301 0.0200000014
52.68800163 -0.00400000019
52.69120216 0.00400000019
52.69440269 -0.0120000001
52.69760323 -0.0160000008
52.70080185 -0.0160000008
52.70400238 -0.0160000008
52.70720291 -0.02400000021
52.71040344 -0.02800000086
52.71360207 -0.04000000283
52.7168026 -0.03200000152
52.72000313 -0.04400000349
52.72320175 -0.04800000042
52.72640228 -0.04800000042
52.72960281 -0.04800000042
52.73280334 -0.056000001729
52.73600197 -0.04800000042
52.7392025 -0.072000004351
52.74240303 -0.072000004351
52.74560165 -0.080000005662
52.74880219 -0.084000006318
52.75200272 -0.096000000834
52.75520325 -0.088000006974
52.75840187 -0.092000007629
52.7616024 -0.1000000015
52.76480293 -0.1080000028
52.76800156 -0.1080000028
52.77120209 -0.1160000041
52.77440262 -0.1120000035
52.77760315 -0.1240000054
52.78080177 -0.1319999993
52.7840023 -0.1280000061
52.78720284 -0.1319999993
52.79040337 -0.1319999993
52.79360199 -0.1200000048
52.79680252 -0.1160000041
52.80000305 -0.1160000041
52.80320168 -0.1160000041
52.80640221 -0.1080000028
52.80960274 -0.1160000041
52.81280327 -0.1040000021
52.81600189 -0.096000000834
52.81920242 -0.088000006974
52.82240295 -0.084000006318
52.82560158 -0.080000005662
52.82880211 -0.068000003695
52.83200264 -0.06400000304
52.83520317 -0.056000001729
52.83840179 -0.056000001729
52.84160233 -0.056000001729
52.84480286 -0.056000001729
52.84800339 -0.05200000107
52.85120201 -0.04800000042
52.85440254 -0.04800000042
52.85760307 -0.03600000218
52.8608017 -0.03200000152
52.86400223 -0.03200000152
52.86720276 -0.03600000218
52.87040329 -0.03200000152
52.87360191 -0.0200000014
52.87680244 -0.0160000008
52.88000298 -0.00800000038
52.8832016 -0.00800000038
52.88640213 -0.00800000038
52.88960266 0.00400000019
52.89280319 0
52.89600182 0.00400000019
52.89920235 0.00800000038
52.90240288 0.00800000038
52.90560341 0.0160000008
52.90880203 0.0200000014
52.91200256 0.04400000349
52.91520309 0.02400000021
52.91840172 0.03200000152
52.92160225 0.03200000152
52.92480278 0.03200000152
52.92800331 0.02800000086
52.93120193 0.02800000086
52.93440247 0.02800000086
52.937603 0.02800000086
52.94080162 0.02800000086
52.94400215 0.03200000152
52.94720268 0.02800000086
52.95040321 0.03200000152
52.95360184 0.02400000021
52.95680237 0.02400000021
52.9600029 0.04000000283
52.96320343 0.02800000086
52.96640205 0.0200000014
52.96960258 0.02400000021
52.97280312 0.02800000086
52.97600174 0.02800000086
52.97920227 0.03600000218
52.9824028 0.03200000152
52.98560333 0.04000000283
52.98880196 0.02400000021
52.99200249 0.02400000021
52.99520302 0.03600000218
52.99840164 0.04400000349
53.00160217 0.03600000218
53.0048027 0.04000000283
53.00800323 0.04400000349
53.01120186 0.04400000349
53.01440239 0.04400000349
53.01760292 0.04000000283
53.02080345 0.03600000218
53.02400208 0.04400000349
53.02720261 0.03600000218
53.03040314 0.03200000152
53.03360176 0.02400000021
53.03680229 0.02400000021
53.04000282 0.02400000021
53.04320335 0.02800000086
53.04640198 0.02400000021
53.04960251 0.0200000014
53.05280304 0.0160000008
53.05600166 0.0160000008
53.05920219 0.00800000038
53.06240273 0.0120000001
53.06560326 0.0120000001
53.06880188 0.0160000008
53.07200241 0.00800000038
53.07520294 0
53.07840347 0.0120000001
53.0816021 0.0120000001
53.08480263 0.0200000014
53.08800316 0.00400000019
53.09120178 -0.00400000019
53.09440231 0.00800000038
53.09760284 -0.00400000019
53.10080338 -0.00800000038
53.104002 -0.02800000086
53.10720253 0
53.11040306 -0.00400000019
53.11360168 -0.00400000019
53.11680222 -0.00400000019
53.12000275 -0.00800000038
53.12320328 -0.00800000038
53.1264019 0.00400000019
53.12960243 0.00400000019
53.13280296 0.00400000019
53.13600159 0.00400000019
53.13920212 0.00400000019
53.14240265 0
53.14560318 0.00800000038
53.1488018 0
53.15200233 0.0120000001
53.15520287 0.00800000038
53.1584034 0.0120000001
53.16160202 0.0200000014
53.16480255 0.03200000152
53.16800308 0.02800000086
53.17120171 0.0200000014
53.17440224 0.02400000021
53.17760277 0.03200000152
53.1808033 0.02400000021
53.18400192 0.03200000152
53.18720245 0.04000000283
53.19040298 0.04000000283
53.19360161 0.03600000218
53.19680214 0.04400000349
53.20000267 0.04800000042
53.2032032 0.04400000349
53.20640182 0.04400000349
53.20960236 0.04000000283
53.21280289 0.04400000349
53.21600342 0.05200000107
53.21920204 0.04400000349
53.22240257 0.04400000349
53.2256031 0.04400000349
53.22880173 0.04000000283
53.23200226 0.072000004351
53.23520279 0.04000000283
53.23840332 0.04400000349
53.24160194 0.04000000283
53.24480247 0.03200000152
53.24800301 0.02800000086
53.25120163 0.03200000152
53.25440216 0.04000000283
53.25760269 0.02400000021
53.26080322 0.02400000021
53.26400185 0.0200000014
53.26720238 0.0200000014
53.27040291 0.0120000001
53.27360344 0.0120000001
53.27680206 0.00800000038
53.28000259 0.00800000038
53.28320313 0.00800000038
53.28640175 -0.00400000019
53.28960228 -0.00800000038
53.29280281 -0.0160000008
53.29600334 0.00400000019
53.29920197 -0.0200000014
53.3024025 0.00800000038
53.30560303 -0.0120000001
53.30880165 -0.00800000038
53.31200218 -0.00800000038
53.31520271 -0.00800000038
53.31840324 -0.0160000008
53.32160187 -0.0160000008
53.3248024 -0.0160000008
53.32800293 -0.00800000038
53.33120346 -0.0160000008
53.33440208 -0.00800000038
53.33760262 -0.03600000218
53.34080315 -0.0120000001
53.34400177 -0.0120000001
53.3472023 -0.0160000008
53.35040283 -0.02400000021
53.35360336 -0.0120000001
53.35680199 -0.0120000001
53.36000252 -0.0160000008
53.36320305 -0.0120000001
53.36640167 -0.0120000001
53.3696022 -0.0120000001
53.37280273 -0.0160000008
53.37600327 -0.0120000001
53.37920189 -0.0160000008
53.38240242 -0.03200000152
53.38560295 -0.0200000014
53.38880348 -0.0120000001
53.39200211 -0.02400000021
53.39520264 -0.00800000038
53.39840317 -0.0160000008
53.40160179 -0.02400000021
53.40480232 -0.0200000014
53.40800285 -0.0120000001
53.41120338 -0.0160000008
53.41440201 -0.0200000014
53.41760254 -0.0120000001
53.42080307 -0.0120000001
53.42400169 -0.0120000001
53.42720222 -0.00800000038
53.43040276 -0.00800000038
53.43360329 -0.0120000001
53.43680191 0
53.44000244 0.00800000038
53.44320297 0.03200000152
53.4464016 0
53.44960213 0.00800000038
53.45280266 0.00800000038
53.45600319 0.00800000038
53.45920181 -0.00400000019
53.46240234 0.00800000038
53.46560287 0.00800000038
53.46880341 0.00800000038
53.47200203 0.0160000008
53.47520256 0.0120000001
53.47840309 0.02400000021
53.48160172 0.0200000014
53.48480225 0.02400000021
53.48800278 0.02400000021
53.49120331 0.04000000283
53.49440193 0.03200000152
53.49760246 0.03200000152
53.50080299 0.03600000218
53.50400162 0.03600000218
53.50720215 0.03600000218
53.51040268 0.02400000021
53.51360321 0.04000000283
53.51680183 0.03200000152
53.52000237 0.04000000283
53.5232029 0.03600000218
53.52640343 0.03600000218
53.52960205 0.02400000021
53.53280258 0.03600000218
53.53600311 0.0160000008
53.53920174 0.0160000008
53.54240227 0
53.5456028 0.0120000001
53.54880333 -0.00800000038
53.55200195 -0.00400000019
53.55520248 -0.0200000014
53.55840302 -0.02400000021
53.56160164 -0.0160000008
53.56480217 -0.02800000086
53.5680027 -0.03200000152
53.57120323 -0.04000000283
53.57440186 -0.04400000349
53.57760239 -0.04800000042
53.58080292 -0.04400000349
53.58400345 -0.05200000107
53.58720207 -0.056000001729
53.5904026 -0.05200000107
53.59360313 -0.088000006974
53.59680176 -0.04800000042
53.60000229 -0.04800000042
53.60320282 -0.04800000042
53.60640335 -0.05200000107
53.60960197 -0.04800000042
53.61280251 -0.06400000304
53.61600304 -0.03600000218
53.61920166 -0.04000000283
53.62240219 -0.03200000152
53.62560272 -0.03600000218
53.62880325 -0.03600000218
53.63200188 -0.03600000218
53.63520241 -0.02800000086
53.63840294 -0.02800000086
53.64160347 -0.00800000038
53.64480209 -0.0160000008
53.64800262 0
53.65120316 -0.00800000038
53.65440178 -0.00400000019
53.65760231 -0.00800000038
53.66080284 0.00800000038
53.66400337 0.0200000014
53.667202 0.0200000014
53.67040253 0.02800000086
53.67360306 0.03200000152
53.67680168 0.04000000283
53.68000221 0.04400000349
53.68320274 0.04800000042
53.68640327 0.060000002384
53.6896019 0.056000001729
53.69280243 0.076000005007
53.69600296 0.068000003695
53.69920349 0.080000005662
53.70240211 0.084000006318
53.70560265 0.096000000834
53.70880318 0.1000000015
53.7120018 0.1120000035
53.71520233 0.1200000048
53.71840286 0.1080000028
53.72160339 0.1120000035
53.72480202 0.1200000048
53.72800255 0.1200000048
53.73120308 0.1080000028
53.7344017 0.1280000061
53.73760223 0.1240000054
53.74080276 0.1240000054
53.7440033 0.1240000054
53.74720192 0.1280000061
53.75040245 0.1200000048
53.75360298 0.1240000054
53.75680161 0.1200000048
53.76000214 0.1120000035
53.76320267 0.1160000041
53.7664032 0.1200000048
53.76960182 0.1080000028
53.77280235 0.096000000834
53.77600288 0.092000007629
53.77920341 0.092000007629
53.78240204 0.05200000107
53.78560257 0.084000006318
53.7888031 0.068000003695
53.79200172 0.05200000107
53.79520226 0.04400000349
53.79840279 0.04000000283
53.80160332 0.03200000152
53.80480194 0.02400000021
53.80800247 0.0200000014
53.811203 0.00800000038
53.81440163 -0.00400000019
53.81760216 -0.00400000019
53.82080269 -0.0160000008
53.82400322 -0.02400000021
53.82720184 -0.02800000086
53.83040237 -0.02400000021
53.83360291 -0.02800000086
53.83680344 -0.04400000349
53.84000206 -0.05200000107
53.84320259 -0.056000001729
53.84640312 -0.05200000107
53.84960175 -0.056000001729
53.85280228 -0.068000003695
53.85600281 -0.068000003695
53.85920334 -0.068000003695
53.86240196 -0.06400000304
53.86560249 -0.056000001729
53.86880302 -0.068000003695
53.87200165 -0.068000003695
53.87520218 -0.068000003695
53.87840271 -0.076000005007
53.88160324 -0.072000004351
53.88480186 -0.076000005007
53.8880024 -0.060000002384
53.89120293 -0.06400000304
53.89440346 -0.060000002384
53.89760208 -0.06400000304
53.90080261 -0.06400000304
53.90400314 -0.060000002384
53.90720177 -0.060000002384
53.9104023 -0.05200000107
53.91360283 -0.05200000107
53.91680336 -0.04800000042
53.92000198 -0.04800000042
53.92320251 -0.05200000107
53.92640305 -0.04800000042
53.92960167 -0.056000001729
53.9328022 -0.03200000152
53.93600273 -0.05200000107
53.93920326 -0.05200000107
53.94240189 -0.05200000107
53.94560242 -0.04800000042
53.94880295 -0.04800000042
53.95200348 -0.04400000349
53.9552021 -0.06400000304
53.95840263 -0.05200000107
53.96160316 -0.04800000042
53.96480179 -0.04000000283
53.96800232 -0.03600000218
53.97120285 -0.04400000349
53.97440338 -0.03600000218
53.97760201 -0.04000000283
53.98080254 -0.03600000218
53.98400307 -0.03600000218
53.98720169 -0.02800000086
53.99040222 -0.0120000001
53.99360275 -0.0160000008
53.99680328 -0.02400000021
54.00000191 -0.02400000021
54.00320244 -0.02800000086
54.00640297 -0.0200000014
54.0096035 -0.0200000014
54.01280212 -0.02400000021
54.01600266 -0.0200000014
54.01920319 -0.02400000021
54.02240181 -0.02400000021
54.02560234 -0.03200000152
54.02880287 -0.02800000086
54.0320034 -0.03200000152
54.03520203 -0.03200000152
54.03840256 -0.04400000349
54.04160309 -0.04000000283
54.04480171 -0.04000000283
54.04800224 -0.056000001729
54.05120277 -0.04800000042
54.05440331 -0.05200000107
54.05760193 -0.056000001729
54.06080246 -0.06400000304
54.06400299 -0.056000001729
54.06720352 -0.056000001729
54.07040215 -0.04800000042
54.07360268 -0.05200000107
54.07680321 -0.06400000304
54.08000183 -0.05200000107
54.08320236 -0.05200000107
54.08640289 -0.04800000042
54.08960342 -0.03600000218
54.09280205 -0.05200000107
54.09600258 -0.03200000152
54.09920311 -0.03600000218
54.10240173 -0.02400000021
54.10560226 -0.0200000014
54.1088028 -0.0120000001
54.11200333 -0.0200000014
54.11520195 0.00400000019
54.11840248 0.00400000019
54.12160301 0.02800000086
54.12480164 0.0200000014
54.12800217 0.02800000086
54.1312027 0.03600000218
54.13440323 0.02800000086
54.13760185 0.03200000152
54.14080238 0.03200000152
54.14400291 0.04000000283
54.14720345 0.03600000218
54.15040207 0.02400000021
54.1536026 0.02800000086
54.15680313 0.02400000021
54.16000175 0.02400000021
54.16320229 0.0160000008
54.16640282 0.00800000038
54.16960335 -0.00400000019
54.17280197 0.00400000019
54.1760025 0.00400000019
54.17920303 -0.0160000008
54.18240166 -0.0120000001
54.18560219 -0.0120000001
54.18880272 -0.0160000008
54.19200325 -0.02400000021
54.19520187 -0.02800000086
54.1984024 -0.04400000349
54.20160294 -0.04400000349
54.20480347 -0.04000000283
54.20800209 -0.03600000218
54.21120262 -0.04400000349
54.21440315 -0.04400000349
54.21760178 -0.04800000042
54.22080231 -0.04800000042
54.22400284 -0.056000001729
54.22720337 -0.04400000349
54.23040199 -0.04000000283
54.23360252 -0.04000000283
54.23680305 -0.04400000349
54.24000168 -0.02800000086
54.24320221 -0.02400000021
54.24640274 -0.0120000001
54.24960327 -0.0160000008
54.2528019 0
54.25600243 -0.00800000038
54.25920296 0.0120000001
54.26240349 0.0160000008
54.26560211 0.02400000021
54.26880264 0.02800000086
54.27200317 0.04000000283
54.2752018 0.05200000107
54.27840233 0.056000001729
54.28160286 0.060000002384
54.28480339 0.04800000042
54.28800201 0.072000004351
54.29120255 0.06400000304
54.29440308 0.080000005662
54.2976017 0.068000003695
54.30080223 0.076000005007
54.30400276 0.076000005007
54.30720329 0.080000005662
54.31040192 0.060000002384
54.31360245 0.056000001729
54.31680298 0.06400000304
54.32000351 0.080000005662
54.32320213 0.056000001729
54.32640266 0.05200000107
54.3296032 0.03600000218
54.33280182 0.02800000086
54.33600235 0.04000000283
54.33920288 0.0200000014
54.34240341 0.0120000001
54.34560204 -0.00400000019
54.34880257 0
54.3520031 -0.00400000019
54.35520172 -0.00800000038
54.35840225 -0.0120000001
54.36160278 -0.0200000014
54.36480331 -0.02400000021
54.36800194 -0.02800000086
54.37120247 -0.03200000152
54.374403 -0.02800000086
54.37760353 -0.03200000152
54.38080215 -0.03200000152
54.38400269 -0.02800000086
54.38720322 -0.02800000086
54.39040184 -0.04000000283
54.39360237 -0.03200000152
54.3968029 -0.02400000021
54.40000343 -0.0160000008
54.40320206 -0.0120000001
54.40640259 -0.0120000001
54.40960312 -0.00400000019
54.41280174 -0.00400000019
54.41600227 0.00400000019
54.4192028 0.0120000001
54.42240334 0.0160000008
54.42560196 0.0120000001
54.42880249 0.0160000008
54.43200302 0.02400000021
54.43520164 0.02800000086
54.43840218 0.03200000152
54.44160271 0.02400000021
54.44480324 0.02800000086
54.44800186 0.02800000086
54.45120239 0.0160000008
54.45440292 0.0200000014
54.45760345 0.0160000008
54.46080208 0.00800000038
54.46400261 0
54.46720314 0
54.47040176 -0.0120000001
54.47360229 -0.00400000019
54.47680283 -0.0200000014
54.48000336 -0.03200000152
54.48320198 -0.04000000283
54.48640251 -0.04000000283
54.48960304 -0.04800000042
54.49280167 -0.068000003695
54.4960022 -0.05200000107
54.49920273 -0.068000003695
54.50240326 -0.068000003695
54.50560188 -0.076000005007
54.50880241 -0.072000004351
54.51200294 -0.072000004351
54.51520348 -0.072000004351
54.5184021 -0.076000005007
54.52160263 -0.076000005007
54.52480316 -0.080000005662
54.52800179 -0.072000004351
54.53120232 -0.072000004351
54.53440285 -0.06400000304
54.53760338 -0.06400000304
54.540802 -0.056000001729
54.54400253 -0.04400000349
54.54720306 -0.04800000042
54.55040169 -0.04400000349
54.55360222 -0.02800000086
54.55680275 -0.0160000008
54.56000328 -0.00800000038
54.5632019 -0.00800000038
54.56640244 0.00800000038
54.56960297 0.02400000021
54.5728035 0.02400000021
54.57600212 0.03600000218
54.57920265 0.04800000042
54.58240318 0.056000001729
54.58560181 0.06400000304
54.58880234 0.068000003695
54.59200287 0.092000007629
54.5952034 0.096000000834
54.59840202 0.088000006974
54.60160255 0.096000000834
54.60480309 0.1160000041
54.60800171 0.1200000048
54.61120224 0.1080000028
54.61440277 0.1200000048
54.6176033 0.1200000048
54.62080193 0.1240000054
54.62400246 0.1280000061
54.62720299 0.1240000054
54.63040352 0.1280000061
54.63360214 0.1240000054
54.63680267 0.1240000054
54.6400032 0.1280000061
54.64320183 0.1319999993
54.64640236 0.1280000061
54.64960289 0.1160000041
54.65280342 0.1200000048
54.65600204 0.1240000054
54.65920258 0.1200000048
54.66240311 0.1080000028
54.66560173 0.1160000041
54.66880226 0.1240000054
54.67200279 0.1160000041
54.67520332 0.1200000048
54.67840195 0.1040000021
54.68160248 0.096000000834
54.68480301 0.096000000834
54.68800354 0.088000006974
54.69120216 0.080000005662
54.69440269 0.072000004351
54.69760323 0.076000005007
54.70080185 0.068000003695
54.70400238 0.060000002384
54.70720291 0.060000002384
54.71040344 0.03600000218
54.71360207 0.060000002384
54.7168026 0.04000000283
54.72000313 0.04800000042
54.72320175 0.02800000086
54.72640228 0.0200000014
54.72960281 0.02400000021
54.73280334 0.0200000014
54.73600197 0.0120000001
54.7392025 0.00800000038
54.74240303 0.00400000019
54.74560165 -0.0120000001
54.74880219 -0.00400000019
54.75200272 -0.0200000014
54.75520325 -0.02800000086
54.75840187 -0.02400000021
54.7616024 -0.04000000283
54.76480293 -0.04400000349
54.76800346 -0.04800000042
54.77120209 -0.04400000349
54.77440262 -0.060000002384
54.77760315 -0.060000002384
54.78080177 -0.06400000304
54.7840023 -0.072000004351
54.78720284 -0.06400000304
54.79040337 -0.080000005662
54.79360199 -0.072000004351
54.79680252 -0.072000004351
54.80000305 -0.068000003695
54.80320168 -0.076000005007
54.80640221 -0.080000005662
54.80960274 -0.084000006318
54.81280327 -0.092000007629
54.81600189 -0.092000007629
54.81920242 -0.092000007629
54.82240295 -0.092000007629
54.82560349 -0.096000000834
54.82880211 -0.080000005662
54.83200264 -0.1000000015
54.83520317 -0.1000000015
54.83840179 -0.1000000015
54.84160233 -0.1000000015
54.84480286 -0.084000006318
54.84800339 -0.096000000834
54.85120201 -0.096000000834
54.85440254 -0.088000006974
54.85760307 -0.092000007629
54.8608017 -0.088000006974
54.86400223 -0.084000006318
54.86720276 -0.080000005662
54.87040329 -0.076000005007
54.87360191 -0.072000004351
54.87680244 -0.060000002384
54.88000298 -0.056000001729
54.88320351 -0.05200000107
54.88640213 -0.04000000283
54.88960266 -0.03200000152
54.89280319 -0.03600000218
54.89600182 -0.0200000014
54.89920235 -0.0120000001
54.90240288 -0.00800000038
54.90560341 0
54.90880203 0
54.91200256 0.0120000001
54.91520309 0.02400000021
54.91840172 0.0200000014
54.92160225 0.0200000014
54.92480278 0.02800000086
54.92800331 0.02400000021
54.93120193 0.02800000086
54.93440247 0.02400000021
54.937603 0.02800000086
54.94080353 0.03200000152
54.94400215 0.02800000086
54.94720268 0.0200000014
54.95040321 0.03600000218
54.95360184 0.02800000086
54.95680237 0.02800000086
54.9600029 0.03600000218
54.96320343 0.03200000152
54.96640205 0.02800000086
54.96960258 0.03600000218
54.97280312 0.04400000349
54.97600174 0.03600000218
54.97920227 0.03600000218
54.9824028 0.04800000042
54.98560333 0.056000001729
54.98880196 0.04400000349
54.99200249 0.060000002384
54.99520302 0.056000001729
54.99840355 0.06400000304
55.00160217 0.068000003695
55.0048027 0.068000003695
55.00800323 0.060000002384
55.01120186 0.06400000304
55.01440239 0.076000005007
55.01760292 0.076000005007
55.02080345 0.080000005662
55.02400208 0.080000005662
55.02720261 0.084000006318
55.03040314 0.060000002384
55.03360176 0.076000005007
55.03680229 0.06400000304
55.04000282 0.084000006318
55.04320335 0.076000005007
55.04640198 0.072000004351
55.04960251 0.068000003695
55.05280304 0.060000002384
55.05600166 0.05200000107
55.05920219 0.04800000042
55.06240273 0.04400000349
55.06560326 0.04800000042
55.06880188 0.03200000152
55.07200241 0.02400000021
55.07520294 0.0160000008
55.07840347 0.00800000038
55.0816021 -0.00800000038
55.08480263 0
55.08800316 -0.0200000014
55.09120178 -0.03600000218
55.09440231 -0.05200000107
55.09760284 -0.04800000042
55.10080338 -0.056000001729
55.104002 -0.076000005007
55.10720253 -0.076000005007
55.11040306 -0.076000005007
55.11360168 -0.092000007629
55.11680222 -0.1000000015
55.12000275 -0.096000000834
55.12320328 -0.1040000021
55.1264019 -0.1120000035
55.12960243 -0.1200000048
55.13280296 -0.1080000028
55.13600349 -0.1080000028
55.13920212 -0.1160000041
55.14240265 -0.1040000021
55.14560318 -0.1120000035
55.1488018 -0.1080000028
55.15200233 -0.1080000028
55.15520287 -0.1120000035
55.1584034 -0.092000007629
55.16160202 -0.084000006318
55.16480255 -0.1080000028
55.16800308 -0.072000004351
55.17120171 -0.060000002384
55.17440224 -0.05200000107
55.17760277 -0.03600000218
55.1808033 -0.03600000218
55.18400192 -0.0200000014
55.18720245 -0.0120000001
55.19040298 -0.00400000019
55.19360352 0.00800000038
55.19680214 0.0160000008
55.20000267 0.02400000021
55.2032032 0.02400000021
55.20640182 0.03200000152
55.20960236 0.04400000349
55.21280289 0.02800000086
55.21600342 0.05200000107
55.21920204 0.04800000042
55.22240257 0.060000002384
55.2256031 0.060000002384
55.22880173 0.068000003695
55.23200226 0.060000002384
55.23520279 0.076000005007
55.23840332 0.06400000304
55.24160194 0.06400000304
55.24480247 0.068000003695
55.24800301 0.06400000304
55.25120354 0.060000002384
55.25440216 0.04800000042
55.25760269 0.04000000283
55.26080322 0.05200000107
55.26400185 0.05200000107
55.26720238 0.04000000283
55.27040291 0.02800000086
55.27360344 0.03600000218
55.27680206 0.02800000086
55.28000259 0.02800000086
55.28320313 0.02400000021
55.28640175 0.0160000008
55.28960228 0.0200000014
55.29280281 0.0120000001
55.29600334 0.00400000019
55.29920197 -0.00400000019
55.3024025 -0.00400000019
55.30560303 -0.0160000008
55.30880356 -0.00800000038
55.31200218 -0.0120000001
55.31520271 -0.02400000021
55.31840324 -0.0160000008
55.32160187 -0.0200000014
55.3248024 -0.02800000086
55.32800293 -0.02400000021
55.33120346 -0.03600000218
55.33440208 -0.02800000086
55.33760262 -0.02800000086
55.34080315 -0.03600000218
55.34400177 -0.03600000218
55.3472023 -0.02800000086
55.35040283 -0.04000000283
55.35360336 -0.03200000152
55.35680199 -0.04800000042
55.36000252 -0.03200000152
55.36320305 -0.04800000042
55.36640358 -0.060000002384
55.3696022 -0.04400000349
55.37280273 -0.06400000304
55.37600327 -0.056000001729
55.37920189 -0.060000002384
55.38240242 -0.068000003695
55.38560295 -0.080000005662
55.38880348 -0.076000005007
55.39200211 -0.068000003695
55.39520264 -0.080000005662
55.39840317 -0.072000004351
55.40160179 -0.080000005662
55.40480232 -0.076000005007
55.40800285 -0.080000005662
55.41120338 -0.06400000304
55.41440201 -0.060000002384
55.41760254 -0.06400000304
55.42080307 -0.06400000304
55.42400169 -0.068000003695
55.42720222 -0.056000001729
55.43040276 -0.04400000349
55.43360329 -0.05200000107
55.43680191 -0.02800000086
55.44000244 -0.03600000218
55.44320297 -0.0200000014
55.4464035 -0.0160000008
55.44960213 -0.0120000001
55.45280266 0.0200000014
55.45600319 0.00800000038
55.45920181 0.0120000001
55.46240234 0.02400000021
55.46560287 0.03200000152
55.46880341 0.03600000218
55.47200203 0.056000001729
55.47520256 0.088000006974
55.47840309 0.06400000304
55.48160172 0.06400000304
55.48480225 0.072000004351
55.48800278 0.080000005662
55.49120331 0.080000005662
55.49440193 0.072000004351
55.49760246 0.076000005007
55.50080299 0.084000006318
55.50400352 0.076000005007
55.50720215 0.076000005007
55.51040268 0.068000003695
55.51360321 0.06400000304
55.51680183 0.072000004351
55.52000237 0.060000002384
55.5232029 0.056000001729
55.52640343 0.060000002384
55.52960205 0.04800000042
55.53280258 0.04800000042
55.53600311 0.05200000107
55.53920174 0.04400000349
55.54240227 0.04400000349
55.5456028 0.04800000042
55.54880333 0.04000000283
55.55200195 0.03600000218
55.55520248 0.02400000021
55.55840302 0.0200000014
55.56160355 0.0200000014
55.56480217 0.00800000038
55.5680027 0
55.57120323 0.0120000001
55.57440186 -0.00800000038
55.57760239 -0.00800000038
55.58080292 -0.0160000008
55.58400345 -0.02800000086
55.58720207 -0.04000000283
55.5904026 -0.04000000283
55.59360313 -0.05200000107
55.59680176 -0.060000002384
55.60000229 -0.068000003695
55.60320282 -0.06400000304
55.60640335 -0.084000006318
55.60960197 -0.092000007629
55.61280251 -0.088000006974
55.61600304 -0.1080000028
55.61920357 -0.1040000021
55.62240219 -0.1120000035
55.62560272 -0.1160000041
55.62880325 -0.1240000054
55.63200188 -0.1200000048
55.63520241 -0.1160000041
55.63840294 -0.1319999993
55.64160347 -0.1240000054
55.64480209 -0.1240000054
55.64800262 -0.1280000061
55.65120316 -0.1240000054
55.65440178 -0.1160000041
55.65760231 -0.1280000061
55.66080284 -0.1240000054
55.66400337 -0.1160000041
55.667202 -0.1040000021
55.67040253 -0.1000000015
55.67360306 -0.092000007629
55.67680359 -0.092000007629
55.68000221 -0.072000004351
55.68320274 -0.080000005662
55.68640327 -0.080000005662
55.6896019 -0.06400000304
55.69280243 -0.05200000107
55.69600296 -0.060000002384
55.69920349 -0.04800000042
55.70240211 -0.03600000218
55.70560265 -0.03200000152
55.70880318 -0.00800000038
55.7120018 -0.00800000038
55.71520233 -0.00400000019
55.71840286 0.00800000038
55.72160339 0.02800000086
55.72480202 0.02800000086
55.72800255 0.03600000218
55.73120308 0.04000000283
55.7344017 0.04800000042
55.73760223 0.068000003695
55.74080276 0.072000004351
55.7440033 0.072000004351
55.74720192 0.1000000015
55.75040245 0.092000007629
55.75360298 0.092000007629
55.75680351 0.1040000021
55.76000214 0.1080000028
55.76320267 0.1160000041
55.7664032 0.1160000041
55.76960182 0.1240000054
55.77280235 0.1319999993
55.77600288 0.1160000041
55.77920341 0.1160000041
55.78240204 0.1280000061
55.78560257 0.1200000048
55.7888031 0.1240000054
55.79200172 0.1080000028
55.79520226 0.1040000021
55.79840279 0.1080000028
55.80160332 0.1000000015
55.80480194 0.1000000015
55.80800247 0.096000000834
55.811203 0.088000006974
55.81440353 0.080000005662
55.81760216 0.080000005662
55.82080269 0.068000003695
55.82400322 0.068000003695
55.82720184 0.060000002384
55.83040237 0.060000002384
55.83360291 0.04800000042
55.83680344 0.04000000283
55.84000206 0.04400000349
55.84320259 0.060000002384
55.84640312 0.03600000218
55.84960175 0.02400000021
55.85280228 0.03600000218
55.85600281 0.0200000014
55.85920334 0.0120000001
55.86240196 0.00800000038
55.86560249 0.0160000008
55.86880302 0.00400000019
55.87200356 -0.00800000038
55.87520218 0.00400000019
55.87840271 -0.00800000038
55.88160324 -0.0160000008
55.88480186 -0.0200000014
55.8880024 -0.02800000086
55.89120293 -0.02800000086
55.89440346 -0.03600000218
55.89760208 -0.04800000042
55.90080261 -0.04800000042
55.90400314 -0.056000001729
55.90720177 -0.056000001729
55.9104023 -0.072000004351
55.91360283 -0.072000004351
55.91680336 -0.076000005007
55.92000198 -0.068000003695
55.92320251 -0.076000005007
55.92640305 -0.076000005007
55.92960358 -0.084000006318
55.9328022 -0.072000004351
55.93600273 -0.06400000304
55.93920326 -0.068000003695
55.94240189 -0.072000004351
55.94560242 -0.076000005007
55.94880295 -0.056000001729
55.95200348 -0.04800000042
55.9552021 -0.04800000042
55.95840263 -0.04000000283
55.96160316 -0.03600000218
55.96480179 -0.03200000152
55.96800232 -0.02800000086
55.97120285 -0.0200000014
55.97440338 -0.00400000019
55.97760201 -0.03200000152
55.98080254 0
55.98400307 0.00800000038
55.9872036 0.0120000001
55.99040222 0.0200000014
55.99360275 0.02400000021
55.99680328 0.04400000349
56.00000191 0.03200000152
56.00320244 0.02800000086
56.00640297 0.03600000218
56.0096035 0.04000000283
56.01280212 0.04000000283
56.01600266 0.03600000218
56.01920319 0.03600000218
56.02240181 0.03200000152
56.02560234 0.04800000042
56.02880287 0.02800000086
56.0320034 0.03200000152
56.03520203 0.02800000086
56.03840256 0.0200000014
56.04160309 0.0160000008
56.04480171 0.00800000038
56.04800224 -0.0120000001
56.05120277 -0.00400000019
56.05440331 -0.00800000038
56.05760193 -0.00400000019
56.06080246 -0.0200000014
56.06400299 0
56.06720352 -0.00800000038
56.07040215 -0.00800000038
56.07360268 -0.0120000001
56.07680321 -0.00400000019
56.08000183 -0.0120000001
56.08320236 -0.00400000019
56.08640289 -0.00800000038
56.08960342 0
56.09280205 -0.00800000038
56.09600258 0.0120000001
56.09920311 -0.0120000001
56.10240173 -0.0200000014
56.10560226 -0.02400000021
56.1088028 -0.03200000152
56.11200333 -0.00800000038
56.11520195 -0.0120000001
56.11840248 -0.0160000008
56.12160301 -0.0160000008
56.12480354 -0.0160000008
56.12800217 -0.0160000008
56.1312027 0
56.13440323 0.00400000019
56.13760185 0.00400000019
56.14080238 0.0120000001
56.14400291 0.00800000038
56.14720345 0.02800000086
56.15040207 0.02400000021
56.1536026 0.03200000152
56.15680313 0.03200000152
56.16000175 0.02800000086
56.16320229 0.04800000042
56.16640282 0.05200000107
56.16960335 0.05200000107
56.17280197 0.04800000042
56.1760025 0.056000001729
56.17920303 0.060000002384
56.18240356 0.060000002384
56.18560219 0.04800000042
56.18880272 0.072000004351
56.19200325 0.068000003695
56.19520187 0.068000003695
56.1984024 0.060000002384
56.20160294 0.060000002384
56.20480347 0.056000001729
56.20800209 0.05200000107
56.21120262 0.04400000349
56.21440315 0.04400000349
56.21760178 0.02400000021
56.22080231 0.02800000086
56.22400284 0.0200000014
56.22720337 0.00400000019
56.23040199 0.0120000001
56.23360252 -0.00400000019
56.23680305 -0.0160000008
56.24000359 -0.0120000001
56.24320221 -0.00800000038
56.24640274 -0.04000000283
56.24960327 -0.04800000042
56.2528019 -0.060000002384
56.25600243 -0.06400000304
56.25920296 -0.068000003695
56.26240349 -0.068000003695
56.26560211 -0.072000004351
56.26880264 -0.06400000304
56.27200317 -0.068000003695
56.2752018 -0.076000005007
56.27840233 -0.068000003695
56.28160286 -0.06400000304
56.28480339 -0.056000001729
56.28800201 -0.04800000042
56.29120255 -0.060000002384
56.29440308 -0.056000001729
56.29760361 -0.05200000107
56.30080223 -0.05200000107
56.30400276 -0.056000001729
56.30720329 -0.05200000107
56.31040192 -0.060000002384
56.31360245 -0.04800000042
56.31680298 -0.072000004351
56.32000351 -0.04000000283
56.32320213 -0.04800000042
56.32640266 -0.04000000283
56.3296032 -0.03200000152
56.33280182 -0.04000000283
56.33600235 -0.03200000152
56.33920288 -0.02400000021
56.34240341 -0.02400000021
56.34560204 -0.02800000086
56.34880257 -0.02800000086
56.3520031 -0.02400000021
56.35520363 -0.0200000014
56.35840225 -0.0200000014
56.36160278 -0.0120000001
56.36480331 -0.0120000001
56.36800194 -0.00800000038
56.37120247 -0.00400000019
56.374403 -0.0120000001
56.37760353 0.00400000019
56.38080215 0
56.38400269 0.00800000038
56.38720322 0.0120000001
56.39040184 0.00800000038
56.39360237 0.00400000019
56.3968029 0.00400000019
56.40000343 0.0120000001
56.40320206 0.00800000038
56.40640259 -0.00400000019
56.40960312 0.00800000038
56.41280174 0.02400000021
56.41600227 0.0160000008
56.4192028 0.02800000086
56.42240334 0.03200000152
56.42560196 0.04000000283
56.42880249 0.04400000349
56.43200302 0.04400000349
56.43520355 0.05200000107
56.43840218 0.056000001729
56.44160271 0.068000003695
56.44480324 0.076000005007
56.44800186 0.1080000028
56.45120239 0.084000006318
56.45440292 0.080000005662
56.45760345 0.092000007629
56.46080208 0.096000000834
56.46400261 0.096000000834
56.46720314 0.1040000021
56.47040176 0.1040000021
56.47360229 0.1080000028
56.47680283 0.1040000021
56.48000336 0.1080000028
56.48320198 0.1200000048
56.48640251 0.1120000035
56.48960304 0.1240000054
56.49280357 0.1120000035
56.4960022 0.1120000035
56.49920273 0.1120000035
56.50240326 0.1000000015
56.50560188 0.1040000021
56.50880241 0.088000006974
56.51200294 0.084000006318
56.51520348 0.076000005007
56.5184021 0.068000003695
56.52160263 0.068000003695
56.52480316 0.088000006974
56.52800179 0.060000002384
56.53120232 0.03200000152
56.53440285 0.056000001729
56.53760338 0.03600000218
56.540802 0.02400000021
56.54400253 0.0120000001
56.54720306 0.00800000038
56.55040359 0.0120000001
56.55360222 0
56.55680275 -0.0160000008
56.56000328 -0.0160000008
56.5632019 -0.02400000021
56.56640244 -0.02800000086
56.56960297 -0.03600000218
56.5728035 -0.03200000152
56.57600212 -0.04800000042
56.57920265 -0.04400000349
56.58240318 -0.060000002384
56.58560181 -0.068000003695
56.58880234 -0.06400000304
56.59200287 -0.068000003695
56.5952034 -0.080000005662
56.59840202 -0.076000005007
56.60160255 -0.072000004351
56.60480309 -0.080000005662
56.60800362 -0.088000006974
56.61120224 -0.06400000304
56.61440277 -0.088000006974
56.6176033 -0.080000005662
56.62080193 -0.088000006974
56.62400246 -0.080000005662
56.62720299 -0.072000004351
56.63040352 -0.088000006974
56.63360214 -0.096000000834
56.63680267 -0.084000006318
56.6400032 -0.092000007629
56.64320183 -0.080000005662
56.64640236 -0.080000005662
56.64960289 -0.076000005007
56.65280342 -0.080000005662
56.65600204 -0.072000004351
56.65920258 -0.072000004351
56.66240311 -0.068000003695
56.66560364 -0.06400000304
56.66880226 -0.060000002384
56.67200279 -0.056000001729
56.67520332 -0.056000001729
56.67840195 -0.05200000107
56.68160248 -0.04400000349
56.68480301 -0.04000000283
56.68800354 -0.04800000042
56.69120216 -0.0120000001
56.69440269 -0.0200000014
56.69760323 -0.0120000001
56.70080185 -0.00800000038
56.70400238 -0.00800000038
56.70720291 0
56.71040344 0
56.71360207 0.0160000008
56.7168026 0.00800000038
56.72000313 0.0200000014
56.72320175 0.02400000021
56.72640228 0.02800000086
56.72960281 0.0200000014
56.73280334 0.03600000218
56.73600197 0.04400000349
56.7392025 0.04400000349
56.74240303 0.04800000042
56.74560356 0.03600000218
56.74880219 0.05200000107
56.75200272 0.060000002384
56.75520325 0.056000001729
56.75840187 0.04800000042
56.7616024 0.05200000107
56.76480293 0.056000001729
56.76800346 0.04800000042
56.77120209 0.04800000042
56.77440262 0.056000001729
56.77760315 0.04400000349
56.78080177 0.04400000349
56.7840023 0.04400000349
56.78720284 0.056000001729
56.79040337 0.04000000283
56.79360199 0.0200000014
56.79680252 0.03200000152
56.80000305 0.02400000021
56.80320358 0.03200000152
56.80640221 0.02800000086
56.80960274 0.00400000019
56.81280327 0.02400000021
56.81600189 0.00800000038
56.81920242 0.0120000001
56.82240295 0.00400000019
56.82560349 0
56.82880211 0.00400000019
56.83200264 0.00800000038
56.83520317 -0.00400000019
56.83840179 -0.0120000001
56.84160233 -0.00800000038
56.84480286 -0.0160000008
56.84800339 -0.00800000038
56.85120201 -0.02800000086
56.85440254 -0.0200000014
56.85760307 -0.0160000008
56.8608036 -0.02400000021
56.86400223 -0.0160000008
56.86720276 -0.0120000001
56.87040329 -0.0200000014
56.87360191 -0.0120000001
56.87680244 -0.03600000218
56.88000298 -0.02400000021
56.88320351 -0.03600000218
56.88640213 -0.02800000086
56.88960266 -0.04400000349
56.89280319 -0.03600000218
56.89600182 -0.05200000107
56.89920235 -0.04400000349
56.90240288 -0.04800000042
56.90560341 -0.04000000283
56.90880203 -0.04800000042
56.91200256 -0.04400000349
56.91520309 -0.05200000107
56.91840363 -0.04400000349
56.92160225 -0.04400000349
56.92480278 -0.04400000349
56.92800331 -0.04000000283
56.93120193 -0.04400000349
56.93440247 -0.02400000021
56.937603 -0.02800000086
56.94080353 -0.02800000086
56.94400215 -0.0200000014
56.94720268 -0.0200000014
56.95040321 -0.00400000019
56.95360184 -0.0160000008
56.95680237 0.00400000019
56.9600029 0.00800000038
56.96320343 0.0200000014
56.96640205 0.02400000021
56.96960258 0.02400000021
56.97280312 0.03200000152
56.97600365 0.04400000349
56.97920227 0.04800000042
56.9824028 0.056000001729
56.98560333 0.05200000107
56.98880196 0.060000002384
56.99200249 0.076000005007
56.99520302 0.076000005007
56.99840355 0.080000005662
57.00160217 0.084000006318
57.0048027 0.080000005662
57.00800323 0.084000006318
57.01120186 0.080000005662
57.01440239 0.076000005007
57.01760292 0.076000005007
57.02080345 0.084000006318
57.02400208 0.084000006318
57.02720261 0.076000005007
57.03040314 0.076000005007
57.03360176 0.056000001729
57.03680229 0.060000002384
57.04000282 0.06400000304
57.04320335 0.056000001729
57.04640198 0.04800000042
57.04960251 0.04000000283
57.05280304 0.03200000152
57.05600357 0.03200000152
57.05920219 0.02400000021
57.06240273 0.0200000014
57.06560326 0.02800000086
57.06880188 0.0160000008
57.07200241 0.0160000008
57.07520294 0.02400000021
57.07840347 0.0120000001
57.0816021 0.0120000001
57.08480263 0.0120000001
57.08800316 0.00800000038
57.09120178 0.00800000038
57.09440231 0.00400000019
57.09760284 -0.00800000038
57.10080338 0.00800000038
57.104002 -0.00400000019
57.10720253 0
57.11040306 0
57.11360359 -0.0120000001
57.11680222 0
57.12000275 -0.0120000001
57.12320328 0
57.1264019 -0.0160000008
57.12960243 -0.0200000014
57.13280296 -0.02400000021
57.13600349 -0.00800000038
57.13920212 -0.00800000038
57.14240265 -0.0120000001
57.14560318 -0.0160000008
57.1488018 -0.0120000001
57.15200233 -0.0200000014
57.15520287 -0.02400000021
57.1584034 -0.0160000008
57.16160202 -0.0120000001
57.16480255 -0.00800000038
57.16800308 -0.0160000008
57.17120361 -0.0120000001
57.17440224 -0.0120000001
57.17760277 -0.0120000001
57.1808033 -0.0120000001
57.18400192 -0.0120000001
57.18720245 -0.0120000001
57.19040298 -0.02800000086
57.19360352 -0.0120000001
57.19680214 -0.0120000001
57.20000267 -0.0120000001
57.2032032 -0.0200000014
57.20640182 -0.0120000001
57.20960236 0
57.21280289 -0.0200000014
57.21600342 -0.0200000014
57.21920204 -0.0120000001
57.22240257 -0.00800000038
57.2256031 -0.0120000001
57.22880363 -0.0120000001
57.23200226 -0.0160000008
57.23520279 -0.0120000001
57.23840332 -0.0160000008
57.24160194 -0.0120000001
57.24480247 -0.00800000038
57.24800301 -0.02400000021
57.25120354 -0.0160000008
57.25440216 -0.02400000021
57.25760269 -0.0120000001
57.26080322 -0.00400000019
57.26400185 -0.00800000038
57.26720238 -0.0120000001
57.27040291 0.00400000019
57.27360344 -0.02400000021
57.27680206 -0.00400000019
57.28000259 -0.0120000001
57.28320313 -0.00400000019
57.28640366 -0.00800000038
57.28960228 -0.0200000014
57.29280281 -0.0120000001
57.29600334 -0.0200000014
57.29920197 -0.00800000038
57.3024025 -0.00400000019
57.30560303 0.00400000019
57.30880356 -0.00800000038
57.31200218 -0.0160000008
57.31520271 -0.0120000001
57.31840324 -0.00400000019
57.32160187 -0.00400000019
57.3248024 -0.00400000019
57.32800293 0
57.33120346 0.0160000008
57.33440208 0.0120000001
57.33760262 0.00800000038
57.34080315 0
57.34400177 0.0160000008
57.3472023 0.00800000038
57.35040283 0.00800000038
57.35360336 0.03200000152
57.35680199 0
57.36000252 0.00800000038
57.36320305 0
57.36640358 0.00400000019
57.3696022 -0.00400000019
57.37280273 0
57.37600327 0
57.37920189 0.00400000019
57.38240242 0
57.38560295 0.00800000038
57.38880348 0.00400000019
57.39200211 0.00800000038
57.39520264 -0.00400000019
57.39840317 0.00400000019
57.40160179 0
57.40480232 -0.00400000019
57.40800285 0
57.41120338 -0.00800000038
57.41440201 0
57.41760254 -0.00800000038
57.42080307 -0.0120000001
57.4240036 -0.00800000038
57.42720222 -0.00800000038
57.43040276 0
57.43360329 -0.0120000001
57.43680191 0.00400000019
57.44000244 -0.0160000008
57.44320297 0
57.4464035 0
57.44960213 -0.00800000038
57.45280266 0
57.45600319 -0.0120000001
57.45920181 0
57.46240234 -0.0120000001
57.46560287 -0.0120000001
57.46880341 -0.00800000038
57.47200203 -0.00800000038
57.47520256 0.00400000019
57.47840309 -0.00400000019
57.48160362 -0.00400000019
57.48480225 0
57.48800278 -0.00400000019
57.49120331 -0.00400000019
57.49440193 0.00400000019
57.49760246 0.00400000019
57.50080299 -0.00400000019
57.50400352 -0.02800000086
57.50720215 0.00400000019
57.51040268 -0.00400000019
57.51360321 0.00400000019
57.51680183 0
57.52000237 -0.00400000019
57.5232029 0.00400000019
57.52640343 0
57.52960205 0.00400000019
57.53280258 0.00400000019
57.53600311 0
57.53920364 0.00400000019
57.54240227 0
57.5456028 0
57.54880333 0
57.55200195 -0.00400000019
57.55520248 0.00400000019
57.55840302 0
57.56160355 0
57.56480217 -0.00800000038
57.5680027 -0.00800000038
57.57120323 -0.0120000001
57.57440186 -0.0120000001
57.57760239 -0.00800000038
57.58080292 -0.00400000019
57.58400345 -0.0120000001
57.58720207 -0.00800000038
57.5904026 -0.0160000008
57.59360313 -0.00400000019
57.59680367 -0.0120000001
57.60000229 -0.00800000038
57.60320282 -0.00800000038
57.60640335 -0.00800000038
57.60960197 -0.02400000021
57.61280251 -0.00400000019
57.61600304 -0.0120000001
57.61920357 -0.0160000008
57.62240219 -0.00800000038
57.62560272 -0.0120000001
57.62880325 0.00800000038
57.63200188 -0.0160000008
57.63520241 -0.00400000019
57.63840294 -0.00800000038
57.64160347 -0.00400000019
57.64480209 -0.00800000038
57.64800262 -0.00400000019
57.65120316 0
57.65440369 0.00400000019
57.65760231 -0.00400000019
57.66080284 0.0120000001
57.66400337 -0.00400000019
57.667202 0
57.67040253 -0.02800000086
57.67360306 0.00400000019
57.67680359 -0.0160000008
57.68000221 0
57.68320274 0.00800000038
57.68640327 0.0120000001
57.6896019 0.00800000038
57.69280243 0.0120000001
57.69600296 -0.00400000019
57.69920349 0.0120000001
57.70240211 0.00800000038
57.70560265 0.00800000038
57.70880318 0.00400000019
57.7120018 0
57.71520233 0.00400000019
57.71840286 -0.00800000038
57.72160339 0.00800000038
57.72480202 0.00400000019
57.72800255 0
57.73120308 0
57.73440361 0.00800000038
57.73760223 0.0160000008
57.74080276 0.00400000019
57.7440033 0.00400000019
57.74720192 0.00800000038
57.75040245 -0.00800000038
57.75360298 0.00800000038
57.75680351 0.0120000001
57.76000214 0.00400000019
57.76320267 0
57.7664032 0
57.76960182 0.00400000019
57.77280235 -0.00400000019
57.77600288 0
57.77920341 0.00800000038
57.78240204 -0.00800000038
57.78560257 0.00400000019
57.7888031 0.0120000001
57.79200363 -0.0120000001
57.79520226 0.00400000019
57.79840279 0
57.80160332 0
57.80480194 0
57.80800247 0
57.811203 0.00400000019
57.81440353 0.00400000019
57.81760216 0.00400000019
57.82080269 0
57.82400322 0.00800000038
57.82720184 -0.00400000019
57.83040237 0
57.83360291 0.0160000008
57.83680344 0
57.84000206 0.00400000019
57.84320259 -0.00400000019
57.84640312 0
57.84960365 -0.00400000019
57.85280228 -0.0160000008
57.85600281 -0.0120000001
57.85920334 -0.0120000001
57.86240196 -0.0120000001
57.86560249 -0.0160000008
57.86880302 -0.00800000038
57.87200356 -0.0160000008
57.87520218 -0.0120000001
57.87840271 -0.0160000008
57.88160324 -0.0120000001
57.88480186 -0.0160000008
57.8880024 -0.0120000001
57.89120293 -0.00800000038
57.89440346 -0.00400000019
57.89760208 -0.00400000019
57.90080261 -0.00400000019
57.90400314 -0.00400000019
57.90720367 0
57.9104023 0.00400000019
57.91360283 -0.03200000152
57.91680336 -0.00800000038
57.92000198 -0.00400000019
57.92320251 0
57.92640305 0.0120000001
57.92960358 0.00400000019
57.9328022 0.00400000019
57.93600273 0.00400000019
57.93920326 0.0120000001
57.94240189 0.0160000008
57.94560242 0.0160000008
57.94880295 0.02400000021
57.95200348 0.02400000021
57.9552021 0.03600000218
57.95840263 0.03200000152
57.96160316 0.04000000283
57.9648037 0.04000000283
57.96800232 0.04400000349
57.97120285 0.056000001729
57.97440338 0.05200000107
57.97760201 0.06400000304
57.98080254 0.068000003695
57.98400307 0.092000007629
57.9872036 0.068000003695
57.99040222 0.092000007629
57.99360275 0.096000000834
57.99680328 0.096000000834
58.00000191 0.1000000015
58.00320244 0.1160000041
58.00640297 0.1120000035
58.0096035 0.1160000041
58.01280212 0.1280000061
58.01600266 0.1240000054
58.01920319 0.1360000074
58.02240181 0.1360000074
58.02560234 0.1240000054
58.02880287 0.1360000074
58.0320034 0.1400000006
58.03520203 0.1440000087
58.03840256 0.1360000074
58.04160309 0.1360000074
58.04480362 0.1360000074
58.04800224 0.1280000061
58.05120277 0.1319999993
58.05440331 0.1240000054
58.05760193 0.1200000048
58.06080246 0.1160000041
58.06400299 0.1120000035
58.06720352 0.096000000834
58.07040215 0.096000000834
58.07360268 0.092000007629
58.07680321 0.088000006974
58.08000183 0.072000004351
58.08320236 0.05200000107
58.08640289 0.05200000107
58.08960342 0.04400000349
58.09280205 0.04000000283
58.09600258 0.0200000014
58.09920311 0.00800000038
58.10240364 0.00400000019
58.10560226 -0.00800000038
58.1088028 -0.00400000019
58.11200333 -0.02400000021
58.11520195 -0.03200000152
58.11840248 -0.04000000283
58.12160301 -0.05200000107
58.12480354 -0.056000001729
58.12800217 -0.06400000304
58.1312027 -0.068000003695
58.13440323 -0.060000002384
58.13760185 -0.072000004351
58.14080238 -0.076000005007
58.14400291 -0.084000006318
58.14720345 -0.084000006318
58.15040207 -0.1080000028
58.1536026 -0.080000005662
58.15680313 -0.084000006318
58.16000366 -0.088000006974
58.16320229 -0.092000007629
58.16640282 -0.088000006974
58.16960335 -0.088000006974
58.17280197 -0.084000006318
58.1760025 -0.092000007629
58.17920303 -0.076000005007
58.18240356 -0.072000004351
58.18560219 -0.068000003695
58.18880272 -0.06400000304
58.19200325 -0.056000001729
58.19520187 -0.05200000107
58.1984024 -0.05200000107
58.20160294 -0.056000001729
58.20480347 -0.05200000107
58.20800209 -0.04800000042
58.21120262 -0.02800000086
58.21440315 -0.04400000349
58.21760368 -0.03600000218
58.22080231 -0.05200000107
58.22400284 -0.04000000283
58.22720337 -0.03600000218
58.23040199 -0.03200000152
58.23360252 -0.03600000218
58.23680305 -0.03200000152
58.24000359 -0.02400000021
58.24320221 -0.03600000218
58.24640274 -0.0200000014
58.24960327 -0.0200000014
58.2528019 -0.0200000014
58.25600243 -0.0200000014
58.25920296 -0.0160000008
58.26240349 -0.0200000014
58.26560211 -0.0120000001
58.26880264 -0.0200000014
58.27200317 -0.0120000001
58.2752037 0
58.27840233 0.00400000019
58.28160286 0.00800000038
58.28480339 0.00800000038
58.28800201 0.0160000008
58.29120255 0.0200000014
58.29440308 0.0200000014
58.29760361 0.02800000086
58.30080223 0.02800000086
58.30400276 0.03200000152
58.30720329 0.03600000218
58.31040192 0.056000001729
58.31360245 0.04000000283
58.31680298 0.04800000042
58.32000351 0.05200000107
58.32320213 0.04800000042
58.32640266 0.04400000349
58.3296032 0.04800000042
58.33280182 0.04800000042
58.33600235 0.060000002384
58.33920288 0.05200000107
58.34240341 0.04800000042
58.34560204 0.04800000042
58.34880257 0.03200000152
58.3520031 0.04800000042
58.35520363 0.03600000218
58.35840225 0.03600000218
58.36160278 0.03200000152
58.36480331 0.02400000021
58.36800194 0.0200000014
58.37120247 0.0160000008
58.374403 0.0120000001
58.37760353 0.00400000019
58.38080215 0
58.38400269 -0.0160000008
58.38720322 -0.0120000001
58.39040184 -0.03200000152
58.39360237 -0.03600000218
58.3968029 -0.04000000283
58.40000343 -0.04800000042
58.40320206 -0.05200000107
58.40640259 -0.068000003695
58.40960312 -0.072000004351
58.41280365 -0.072000004351
58.41600227 -0.072000004351
58.4192028 -0.080000005662
58.42240334 -0.084000006318
58.42560196 -0.088000006974
58.42880249 -0.1080000028
58.43200302 -0.088000006974
58.43520355 -0.092000007629
58.43840218 -0.088000006974
58.44160271 -0.092000007629
58.44480324 -0.084000006318
58.44800186 -0.084000006318
58.45120239 -0.084000006318
58.45440292 -0.084000006318
58.45760345 -0.072000004351
58.46080208 -0.05200000107
58.46400261 -0.056000001729
58.46720314 -0.05200000107
58.47040367 -0.056000001729
58.47360229 -0.02800000086
58.47680283 -0.02400000021
58.48000336 -0.02800000086
58.48320198 -0.0160000008
58.48640251 -0.0200000014
58.48960304 0
58.49280357 -0.00400000019
58.4960022 0.0160000008
58.49920273 0.0120000001
58.50240326 0.0200000014
58.50560188 0.0200000014
58.50880241 0.02800000086
58.51200294 0.02800000086
58.51520348 0.0160000008
58.5184021 0.060000002384
58.52160263 0.02400000021
58.52480316 0.0200000014
58.52800369 0.0120000001
58.53120232 0.0160000008
58.53440285 0.00800000038
58.53760338 0.04400000349
58.540802 0.00800000038
58.54400253 0
58.54720306 -0.00400000019
58.55040359 -0.00400000019
58.55360222 0.00400000019
58.55680275 -0.0120000001
58.56000328 -0.00800000038
58.5632019 -0.0160000008
58.56640244 0
58.56960297 -0.02400000021
58.5728035 -0.02800000086
58.57600212 -0.0120000001
58.57920265 -0.03200000152
58.58240318 -0.03200000152
58.58560371 -0.02800000086
58.58880234 -0.03600000218
58.59200287 -0.02800000086
58.5952034 -0.04400000349
58.59840202 -0.04000000283
58.60160255 -0.03200000152
58.60480309 -0.0160000008
58.60800362 -0.02800000086
58.61120224 -0.0200000014
58.61440277 -0.0200000014
58.6176033 -0.02400000021
58.62080193 -0.0200000014
58.62400246 -0.02400000021
58.62720299 -0.0200000014
58.63040352 -0.03600000218
58.63360214 -0.0160000008
58.63680267 -0.00800000038
58.6400032 -0.00400000019
58.64320374 0.0120000001
58.64640236 -0.00400000019
58.64960289 -0.00800000038
58.65280342 0
58.65600204 0.0120000001
58.65920258 0.00400000019
58.66240311 0
58.66560364 0.00400000019
58.66880226 -0.00800000038
58.67200279 0.00800000038
58.67520332 0.00800000038
58.67840195 0
58.68160248 0.00400000019
58.68480301 0.00800000038
58.68800354 0.00400000019
58.69120216 0.00800000038
58.69440269 0
58.69760323 0.00400000019
58.70080185 0.00800000038
58.70400238 0.00800000038
58.70720291 0.00400000019
58.71040344 0.00400000019
58.71360207 0.00400000019
58.7168026 0.00400000019
58.72000313 0.00800000038
58.72320366 0.0200000014
58.72640228 0.00800000038
58.72960281 0.00800000038
58.73280334 0.0120000001
58.73600197 0.0200000014
58.7392025 0.0200000014
58.74240303 0.0200000014
58.74560356 0.02400000021
58.74880219 0.0200000014
58.75200272 0.03200000152
58.75520325 0.02400000021
58.75840187 0.02400000021
58.7616024 0.02400000021
58.76480293 0.0200000014
58.76800346 0.03200000152
58.77120209 0.02800000086
58.77440262 0.0160000008
58.77760315 0.02400000021
58.78080368 0.02800000086
58.7840023 0.02400000021
58.78720284 0.02400000021
58.79040337 0.04000000283
58.79360199 0.03600000218
58.79680252 0.04400000349
58.80000305 0.03600000218
58.80320358 0.04400000349
58.80640221 0.04000000283
58.80960274 0.05200000107
58.81280327 0.04800000042
58.81600189 0.04800000042
58.81920242 0.04800000042
58.82240295 0.04800000042
58.82560349 0.04400000349
58.82880211 0.04800000042
58.83200264 0.060000002384
58.83520317 0.056000001729
58.8384037 0.04400000349
58.84160233 0.04400000349
58.84480286 0.04400000349
58.84800339 0.04000000283
58.85120201 0.03600000218
58.85440254 0.03600000218
58.85760307 0.02800000086
58.8608036 0.02400000021
58.86400223 0.0200000014
58.86720276 0.02400000021
58.87040329 0.0120000001
58.87360191 -0.00800000038
58.87680244 0.00400000019
58.88000298 0
58.88320351 0
58.88640213 -0.00800000038
58.88960266 -0.0160000008
58.89280319 -0.02800000086
58.89600372 -0.0200000014
58.89920235 -0.0160000008
58.90240288 -0.02800000086
58.90560341 -0.04000000283
58.90880203 -0.03200000152
58.91200256 -0.0200000014
58.91520309 -0.03600000218
58.91840363 -0.03600000218
58.92160225 -0.03600000218
58.92480278 -0.04000000283
58.92800331 -0.04000000283
58.93120193 -0.04800000042
58.93440247 -0.04400000349
58.937603 -0.03600000218
58.94080353 -0.03600000218
58.94400215 -0.04800000042
58.94720268 -0.056000001729
58.95040321 -0.056000001729
58.95360374 -0.056000001729
58.95680237 -0.060000002384
58.9600029 -0.056000001729
58.96320343 -0.056000001729
58.96640205 -0.04800000042
58.96960258 -0.03600000218
58.97280312 -0.04800000042
58.97600365 -0.03600000218
58.97920227 -0.03200000152
58.9824028 -0.02400000021
58.98560333 -0.0120000001
58.98880196 -0.00400000019
58.99200249 -0.00400000019
58.99520302 0.0160000008
58.99840355 0.0200000014
59.00160217 0.03200000152
59.0048027 0.04400000349
59.00800323 0.04400000349
59.01120186 0.060000002384
59.01440239 0.060000002384
59.01760292 0.072000004351
59.02080345 0.072000004351
59.02400208 0.1080000028
59.02720261 0.092000007629
59.03040314 0.1080000028
59.03360367 0.1040000021
59.03680229 0.1240000054
59.04000282 0.1080000028
59.04320335 0.1200000048
59.04640198 0.1200000048
59.04960251 0.1280000061
59.05280304 0.1200000048
59.05600357 0.1319999993
59.05920219 0.1240000054
59.06240273 0.1280000061
59.06560326 0.1200000048
59.06880188 0.1200000048
59.07200241 0.1120000035
59.07520294 0.1200000048
59.07840347 0.1160000041
59.0816021 0.1160000041
59.08480263 0.1080000028
59.08800316 0.1000000015
59.09120369 0.1040000021
59.09440231 0.088000006974
59.09760284 0.084000006318
59.10080338 0.076000005007
59.104002 0.076000005007
59.10720253 0.05200000107
59.11040306 0.05200000107
59.11360359 0.04800000042
59.11680222 0.03200000152
59.12000275 0.04000000283
59.12320328 0.03200000152
59.1264019 0.02400000021
59.12960243 0.02800000086
59.13280296 -0.00400000019
59.13600349 0.00400000019
59.13920212 -0.00800000038
59.14240265 -0.00800000038
59.14560318 -0.02400000021
59.14880371 -0.0160000008
59.15200233 -0.02800000086
59.15520287 -0.03200000152
59.1584034 -0.03600000218
59.16160202 -0.04000000283
59.16480255 -0.04800000042
59.16800308 -0.04800000042
59.17120361 -0.04400000349
59.17440224 -0.056000001729
59.17760277 -0.04800000042
59.1808033 -0.04800000042
59.18400192 -0.05200000107
59.18720245 -0.05200000107
59.19040298 -0.04800000042
59.19360352 -0.04400000349
59.19680214 -0.04800000042
59.20000267 -0.04800000042
59.2032032 -0.04800000042
59.20640373 -0.056000001729
59.20960236 -0.05200000107
59.21280289 -0.04800000042
59.21600342 -0.04400000349
59.21920204 -0.04000000283
59.22240257 -0.04400000349
59.2256031 -0.04800000042
59.22880363 -0.04000000283
59.23200226 -0.0160000008
59.23520279 -0.04800000042
59.23840332 -0.03200000152
59.24160194 -0.03200000152
59.24480247 -0.03200000152
59.24800301 -0.02800000086
59.25120354 -0.03200000152
59.25440216 -0.04000000283
59.25760269 -0.0200000014
59.26080322 -0.0160000008
59.26400375 -0.0160000008
59.26720238 -0.0120000001
59.27040291 -0.00800000038
59.27360344 -0.0120000001
59.27680206 -0.00800000038
59.28000259 -0.00400000019
59.28320313 -0.00400000019
59.28640366 0
59.28960228 0
59.29280281 0.00800000038
59.29600334 0.00400000019
59.29920197 0
59.3024025 0
59.30560303 0
59.30880356 -0.00800000038
59.31200218 0.00800000038
59.31520271 0
59.31840324 -0.00400000019
59.32160187 -0.0120000001
59.3248024 -0.0160000008
59.32800293 -0.0120000001
59.33120346 -0.0160000008
59.33440208 -0.0160000008
59.33760262 -0.02400000021
59.34080315 -0.0160000008
59.34400368 -0.02800000086
59.3472023 -0.02400000021
59.35040283 -0.03600000218
59.35360336 -0.0200000014
59.35680199 -0.0120000001
59.36000252 -0.02800000086
59.36320305 -0.02800000086
59.36640358 -0.02400000021
59.3696022 -0.0160000008
59.37280273 -0.02800000086
59.37600327 -0.02800000086
59.37920189 -0.0200000014
59.38240242 -0.0200000014
59.38560295 -0.0160000008
59.38880348 -0.0200000014
59.39200211 -0.03200000152
59.39520264 -0.0120000001
59.39840317 -0.02400000021
59.4016037 -0.02400000021
59.40480232 -0.0160000008
59.40800285 -0.02400000021
59.41120338 -0.02800000086
59.41440201 -0.0200000014
59.41760254 -0.0200000014
59.42080307 -0.0200000014
59.4240036 -0.00800000038
59.42720222 -0.0200000014
59.43040276 -0.0200000014
59.43360329 0
59.43680191 -0.0200000014
59.44000244 -0.0120000001
59.44320297 0.00800000038
59.4464035 -0.0120000001
59.44960213 -0.0160000008
59.45280266 -0.02400000021
59.45600319 -0.00400000019
59.45920372 -0.00800000038
59.46240234 -0.00800000038
59.46560287 0
59.46880341 0
59.47200203 0.00400000019
59.47520256 -0.00400000019
59.47840309 0
59.48160362 0
59.48480225 -0.00400000019
59.48800278 0.00400000019
59.49120331 0
59.49440193 -0.00400000019
59.49760246 -0.00400000019
59.50080299 0.00400000019
59.50400352 -0.00400000019
59.50720215 -0.0120000001
59.51040268 -0.00800000038
59.51360321 0
59.51680374 0
59.52000237 -0.0120000001
59.5232029 -0.0120000001
59.52640343 -0.0120000001
59.52960205 -0.0160000008
59.53280258 -0.00400000019
59.53600311 -0.00800000038
59.53920364 -0.00800000038
59.54240227 -0.0160000008
59.5456028 -0.0120000001
59.54880333 -0.0120000001
59.55200195 0
59.55520248 -0.00400000019
59.55840302 -0.00800000038
59.56160355 -0.0160000008
59.56480217 -0.0160000008
59.5680027 -0.0160000008
59.57120323 -0.02400000021
59.57440376 -0.0160000008
59.57760239 -0.0200000014
59.58080292 -0.00800000038
59.58400345 -0.0120000001
59.58720207 -0.0200000014
59.5904026 -0.0160000008
59.59360313 -0.0160000008
59.59680367 -0.0160000008
59.60000229 -0.0160000008
59.60320282 -0.0160000008
59.60640335 -0.02800000086
59.60960197 -0.0200000014
59.61280251 -0.02800000086
59.61600304 -0.0200000014
59.61920357 -0.02400000021
59.62240219 -0.0160000008
59.62560272 -0.02400000021
59.62880325 -0.00800000038
59.63200378 -0.0200000014
59.63520241 -0.0200000014
59.63840294 -0.00400000019
59.64160347 -0.0160000008
59.64480209 -0.00800000038
59.64800262 0
59.65120316 0
59.65440369 -0.00400000019
59.65760231 0.00400000019
59.66080284 0.00400000019
59.66400337 0
59.667202 0.00400000019
59.67040253 0
59.67360306 0.0120000001
59.67680359 0.02400000021
59.68000221 0.0120000001
59.68320274 0.0160000008
59.68640327 0.00400000019
59.6896019 0.0120000001
59.69280243 0.0200000014
59.69600296 0.0120000001
59.69920349 0.0160000008
59.70240211 0.0160000008
59.70560265 0.0160000008
59.70880318 0.0160000008
59.71200371 0.0120000001
59.71520233 0.00800000038
59.71840286 0.0200000014
59.72160339 0.0160000008
59.72480202 0.0160000008
59.72800255 0.0160000008
59.73120308 0.0120000001
59.73440361 0.0160000008
59.73760223 0.00800000038
59.74080276 0.00400000019
59.7440033 0.00800000038
59.74720192 0.00400000019
59.75040245 0.00400000019
59.75360298 0.0160000008
59.75680351 0.0120000001
59.76000214 0.0120000001
59.76320267 0.00800000038
59.7664032 0.00400000019
59.76960373 0.00800000038
59.77280235 0.0160000008
59.77600288 0.00400000019
59.77920341 0.0200000014
59.78240204 0.0120000001
59.78560257 0.00800000038
59.7888031 0.00800000038
59.79200363 0.00800000038
59.79520226 0.00400000019
59.79840279 0.0120000001
59.80160332 0.0120000001
59.80480194 0.0160000008
59.80800247 0
59.811203 0.00800000038
59.81440353 0.00800000038
59.81760216 0.00800000038
59.82080269 0.00800000038
59.82400322 0.02400000021
59.82720375 0.00800000038
59.83040237 0.00400000019
59.83360291 -0.00800000038
59.83680344 0.00800000038
59.84000206 0.00400000019
59.84320259 0.00400000019
59.84640312 0
59.84960365 -0.00800000038
59.85280228 -0.00800000038
59.85600281 0.00800000038
59.85920334 0.00800000038
59.86240196 0.00400000019
59.86560249 0.00400000019
59.86880302 0.00400000019
59.87200356 -0.00800000038
59.87520218 0.0120000001
59.87840271 0.00400000019
59.88160324 0.0200000014
59.88480377 0.0120000001
59.8880024 0.0200000014
59.89120293 0.02400000021
59.89440346 0.02400000021
59.89760208 0.03600000218
59.90080261 0.03600000218
59.90400314 0.03600000218
59.90720367 0.04400000349
59.9104023 0.05200000107
59.91360283 0.060000002384
59.91680336 0.06400000304
59.92000198 0.076000005007
59.92320251 0.080000005662
59.92640305 0.084000006318
59.92960358 0.072000004351
59.9328022 0.076000005007
59.93600273 0.072000004351
59.93920326 0.080000005662
59.94240379 0.088000006974
59.94560242 0.084000006318
59.94880295 0.1040000021
59.95200348 0.076000005007
59.9552021 0.088000006974
59.95840263 0.084000006318
59.96160316 0.072000004351
59.9648037 0.080000005662
59.96800232 0.068000003695
59.97120285 0.06400000304
59.97440338 0.05200000107
59.97760201 0.03600000218
59.98080254 0.03200000152
59.98400307 0.02800000086
59.9872036 0.02400000021
59.99040222 0.0120000001
59.99360275 0
59.99680328 -0.0160000008
60.00000191 -0.0200000014
60.00320244 -0.02800000086
60.00640297 -0.03200000152
60.0096035 -0.04000000283
60.01280212 -0.05200000107
60.01600266 -0.04800000042
60.01920319 -0.04800000042
60.02240372 -0.056000001729
60.02560234 -0.056000001729
60.02880287 -0.05200000107
60.0320034 -0.056000001729
60.03520203 -0.05200000107
60.03840256 -0.060000002384
60.04160309 -0.05200000107
60.04480362 -0.04400000349
60.04800224 -0.04000000283
60.05120277 -0.04000000283
60.05440331 -0.03200000152
60.05760193 -0.0200000014
60.06080246 -0.02400000021
60.06400299 -0.0120000001
60.06720352 -0.00800000038
60.07040215 -0.00400000019
60.07360268 0.0120000001
60.07680321 0.02400000021
60.08000374 0.02800000086
60.08320236 0.03200000152
60.08640289 0.00400000019
60.08960342 0.05200000107
60.09280205 0.04400000349
60.09600258 0.056000001729
60.09920311 0.060000002384
60.10240364 0.060000002384
60.10560226 0.06400000304
60.1088028 0.060000002384
60.11200333 0.068000003695
60.11520195 0.068000003695
60.11840248 0.06400000304
60.12160301 0.060000002384
60.12480354 0.04400000349
60.12800217 0.060000002384
60.1312027 0.056000001729
60.13440323 0.03600000218
60.13760376 0.05200000107
60.14080238 0.04800000042
60.14400291 0.03200000152
60.14720345 0.02800000086
60.15040207 0.03200000152
60.1536026 0.02400000021
60.15680313 0.00800000038
60.16000366 0
60.16320229 -0.00400000019
60.16640282 -0.0120000001
60.16960335 -0.00800000038
60.17280197 -0.02400000021
60.1760025 -0.04400000349
60.17920303 -0.04800000042
60.18240356 -0.060000002384
60.18560219 -0.060000002384
60.18880272 -0.068000003695
60.19200325 -0.084000006318
60.19520378 -0.084000006318
60.1984024 -0.076000005007
60.20160294 -0.076000005007
60.20480347 -0.080000005662
60.20800209 -0.080000005662
60.21120262 -0.076000005007
60.21440315 -0.1000000015
60.21760368 -0.072000004351
60.22080231 -0.092000007629
60.22400284 -0.068000003695
60.22720337 -0.068000003695
60.23040199 -0.080000005662
60.23360252 -0.056000001729
60.23680305 -0.056000001729
60.24000359 -0.056000001729
60.24320221 -0.04800000042
60.24640274 -0.03600000218
60.24960327 -0.04000000283
60.2528038 -0.03200000152
60.25600243 -0.03200000152
60.25920296 -0.02800000086
60.26240349 -0.02400000021
60.26560211 -0.02400000021
60.26880264 -0.0120000001
60.27200317 0.00400000019
60.2752037 -0.02400000021
60.27840233 -0.00800000038
60.28160286 -0.00800000038
60.28480339 -0.0120000001
60.28800201 -0.00800000038
60.29120255 0
60.29440308 0
60.29760361 0
60.30080223 -0.00800000038
60.30400276 -0.00800000038
60.30720329 -0.00400000019
60.31040192 -0.0160000008
60.31360245 -0.0120000001
60.31680298 -0.0200000014
60.32000351 -0.0120000001
60.32320213 -0.0120000001
60.32640266 -0.02400000021
60.3296032 -0.0160000008
60.33280373 -0.00400000019
60.33600235 -0.00400000019
60.33920288 0
60.34240341 -0.00400000019
60.34560204 -0.00400000019
60.34880257 -0.00400000019
60.3520031 0.00800000038
60.35520363 0.00400000019
60.35840225 0.0120000001
60.36160278 0.0200000014
60.36480331 0.0200000014
60.36800194 0.02400000021
60.37120247 0.02800000086
60.374403 0.03200000152
60.37760353 0.0200000014
60.38080215 0.03200000152
60.38400269 0.03600000218
60.38720322 0.05200000107
60.39040375 0.04800000042
60.39360237 0.04400000349
60.3968029 0.04400000349
60.40000343 0.060000002384
60.40320206 0.04800000042
60.40640259 0.03200000152
60.40960312 0.03600000218
60.41280365 0.03600000218
60.41600227 0.02400000021
60.4192028 0.05200000107
60.42240334 0.02800000086
60.42560196 0.02400000021
60.42880249 0.0120000001
60.43200302 -0.00400000019
60.43520355 -0.00800000038
60.43840218 0.00400000019
60.44160271 -0.0160000008
60.44480324 -0.0200000014
60.44800377 -0.03200000152
60.45120239 -0.02800000086
60.45440292 -0.04000000283
60.45760345 -0.056000001729
60.46080208 -0.04800000042
60.46400261 -0.056000001729
60.46720314 -0.060000002384
60.47040367 -0.04800000042
60.47360229 -0.06400000304
60.47680283 -0.072000004351
60.48000336 -0.068000003695
60.48320198 -0.060000002384
60.48640251 -0.056000001729
60.48960304 -0.06400000304
60.49280357 -0.060000002384
60.4960022 -0.068000003695
60.49920273 -0.06400000304
60.50240326 -0.06400000304
60.50560379 -0.068000003695
60.50880241 -0.06400000304
60.51200294 -0.06400000304
60.51520348 -0.060000002384
60.5184021 -0.060000002384
60.52160263 -0.056000001729
60.52480316 -0.05200000107
60.52800369 -0.03200000152
60.53120232 -0.05200000107
60.53440285 -0.04400000349
60.53760338 -0.04400000349
60.540802 -0.04800000042
60.54400253 -0.04000000283
60.54720306 -0.03600000218
60.55040359 -0.03600000218
60.55360222 -0.03600000218
60.55680275 -0.03200000152
60.56000328 -0.02800000086
60.56320381 -0.02400000021
60.56640244 -0.060000002384
60.56960297 -0.0160000008
60.5728035 -0.0160000008
60.57600212 -0.00400000019
60.57920265 -0.00400000019
60.58240318 -0.00400000019
60.58560371 -0.03200000152
60.58880234 -0.00400000019
60.59200287 0
60.5952034 0.0160000008
60.59840202 0.00800000038
60.60160255 0.0160000008
60.60480309 0.00800000038
60.60800362 0.0120000001
60.61120224 0.00800000038
60.61440277 0.03600000218
60.6176033 0.0120000001
60.62080383 0.02400000021
60.62400246 0.03200000152
60.62720299 0.03200000152
60.63040352 0.03200000152
60.63360214 0
60.63680267 0.02400000021
60.6400032 0.0200000014
60.64320374 0.03200000152
60.64640236 0.03600000218
60.64960289 0.03600000218
60.65280342 0.04400000349
60.65600204 0.02800000086
60.65920258 0.02800000086
60.66240311 0.02400000021
60.66560364 0.04000000283
60.66880226 0.03600000218
60.67200279 0.03200000152
60.67520332 0.02800000086
60.67840195 0.0160000008
60.68160248 0.02400000021
60.68480301 0.02800000086
60.68800354 0.03200000152
60.69120216 0.0120000001
60.69440269 0.02800000086
60.69760323 0.03200000152
60.70080376 0.03200000152
60.70400238 0.0160000008
60.70720291 0.02400000021
60.71040344 0.04000000283
60.71360207 0.0120000001
60.7168026 0.0200000014
60.72000313 -0.00400000019
60.72320366 0.0120000001
60.72640228 -0.00800000038
60.72960281 0.02400000021
60.73280334 0.00800000038
60.73600197 0.0120000001
60.7392025 0
60.74240303 -0.00400000019
60.74560356 -0.00400000019
60.74880219 -0.00400000019
60.75200272 -0.00400000019
60.75520325 -0.02400000021
60.75840378 -0.0120000001
60.7616024 -0.02400000021
60.76480293 -0.0200000014
60.76800346 -0.0200000014
60.77120209 -0.02800000086
60.77440262 -0.03200000152
60.77760315 -0.04000000283
60.78080368 -0.03200000152
60.7840023 -0.0200000014
60.78720284 -0.02800000086
60.79040337 -0.03200000152
60.79360199 -0.02400000021
60.79680252 -0.02800000086
60.80000305 -0.0200000014
60.80320358 -0.0200000014
60.80640221 -0.00800000038
60.80960274 -0.00400000019
60.81280327 -0.0120000001
60.8160038 -0.0120000001
60.81920242 -0.00800000038
60.82240295 -0.00800000038
60.82560349 -0.00400000019
60.82880211 -0.00800000038
60.83200264 -0.00400000019
60.83520317 0.00400000019
60.8384037 -0.00400000019
60.84160233 0
60.84480286 0.00400000019
60.84800339 0.0120000001
60.85120201 0.00400000019
60.85440254 0.00400000019
60.85760307 0.0160000008
60.8608036 0.0120000001
60.86400223 0.0120000001
60.86720276 0.0120000001
60.87040329 0.0120000001
60.87360382 0.0120000001
60.87680244 0.02400000021
60.88000298 0.00800000038
60.88320351 0.0160000008
60.88640213 0.0120000001
60.88960266 0.0120000001
60.89280319 0.0120000001
60.89600372 0.0200000014
60.89920235 0.0120000001
60.90240288 0.0160000008
60.90560341 0.0200000014
60.90880203 0.0200000014
60.91200256 0.04000000283
60.91520309 -0.00800000038
60.91840363 0.0120000001
60.92160225 0.0160000008
60.92480278 0.02400000021
60.92800331 0.00800000038
60.93120384 0.00400000019
60.93440247 -0.0120000001
60.937603 0.00400000019
60.94080353 0.0200000014
60.94400215 0.00800000038
60.94720268 0.00800000038
60.95040321 0.02400000021
60.95360374 0.0200000014
60.95680237 0.0200000014
60.9600029 0.0200000014
60.96320343 0.0200000014
60.96640205 0.02800000086
60.96960258 0.02400000021
60.97280312 0.0200000014
60.97600365 0.02800000086
60.97920227 0.02800000086
60.9824028 0.02800000086
60.98560333 0.03200000152
60.98880196 0.03200000152
60.99200249 0.03600000218
60.99520302 0.0120000001
60.99840355 0.03200000152
61.00160217 0.03200000152
61.0048027 0.03200000152
61.00800323 0.03600000218
61.01120377 0.04400000349
61.01440239 0.04400000349
61.01760292 0.060000002384
61.02080345 0.056000001729
61.02400208 0.076000005007
61.02720261 0.06400000304
61.03040314 0.056000001729
61.03360367 0.072000004351
61.03680229 0.088000006974
61.04000282 0.084000006318
61.04320335 0.092000007629
61.04640198 0.084000006318
61.04960251 0.1000000015
61.05280304 0.1120000035
61.05600357 0.1080000028
61.05920219 0.1160000041
61.06240273 0.1200000048
61.06560326 0.1200000048
61.06880379 0.1280000061
61.07200241 0.1240000054
61.07520294 0.15200001001
61.07840347 0.1360000074
61.0816021 0.1440000087
61.08480263 0.1440000087
61.08800316 0.1360000074
61.09120369 0.1440000087
61.09440231 0.1319999993
61.09760284 0.1319999993
61.10080338 0.1200000048
61.104002 0.1160000041
61.10720253 0.1080000028
61.11040306 0.088000006974
61.11360359 0.080000005662
61.11680222 0.080000005662
61.12000275 0.06400000304
61.12320328 0.060000002384
61.12640381 0.05200000107
61.12960243 0.03200000152
61.13280296 0.0160000008
61.13600349 0.00800000038
61.13920212 0.00800000038
61.14240265 -0.00400000019
61.14560318 -0.0120000001
61.14880371 -0.02400000021
61.15200233 -0.03600000218
61.15520287 -0.0160000008
61.1584034 -0.04400000349
61.16160202 -0.04000000283
61.16480255 -0.056000001729
61.16800308 -0.060000002384
61.17120361 -0.068000003695
61.17440224 -0.080000005662
61.17760277 -0.072000004351
61.1808033 -0.076000005007
61.18400383 -0.080000005662
61.18720245 -0.084000006318
61.19040298 -0.080000005662
61.19360352 -0.076000005007
61.19680214 -0.068000003695
61.20000267 -0.068000003695
61.2032032 -0.06400000304
61.20640373 -0.06400000304
61.20960236 -0.068000003695
61.21280289 -0.04400000349
61.21600342 -0.04000000283
61.21920204 -0.03600000218
61.22240257 -0.02800000086
61.2256031 -0.0200000014
61.22880363 -0.0160000008
61.23200226 -0.00800000038
61.23520279 -0.00800000038
61.23840332 0.00800000038
61.24160385 0.0160000008
61.24480247 0.0160000008
61.24800301 0.02400000021
61.25120354 0.0200000014
61.25440216 0.0200000014
61.25760269 0.03200000152
61.26080322 0.02800000086
61.26400375 0.03200000152
61.26720238 0.02400000021
61.27040291 0.02800000086
61.27360344 0.04000000283
61.27680206 0.03200000152
61.28000259 0.03600000218
61.28320313 0.04000000283
61.28640366 0.03600000218
61.28960228 0.04400000349
61.29280281 0.03600000218
61.29600334 0.04000000283
61.29920197 0.04000000283
61.3024025 0.04400000349
61.30560303 0.04400000349
61.30880356 0.04800000042
61.31200218 0.05200000107
61.31520271 0.03600000218
61.31840324 0.056000001729
61.32160378 0.056000001729
61.3248024 0.056000001729
61.32800293 0.05200000107
61.33120346 0.056000001729
61.33440208 0.04800000042
61.33760262 0.05200000107
61.34080315 0.04800000042
61.34400368 0.03200000152
61.3472023 0.03600000218
61.35040283 0.0200000014
61.35360336 0.0160000008
61.35680199 0.03600000218
61.36000252 0.0160000008
61.36320305 0.0200000014
61.36640358 0.0120000001
61.3696022 0.03200000152
61.37280273 0.0120000001
61.37600327 0.0200000014
61.3792038 0.00800000038
61.38240242 0.00400000019
61.38560295 0.00400000019
61.38880348 -0.00800000038
61.39200211 -0.00400000019
61.39520264 -0.00800000038
61.39840317 -0.0200000014
61.4016037 -0.03200000152
61.40480232 -0.02800000086
61.40800285 -0.04000000283
61.41120338 -0.04800000042
61.41440201 -0.04800000042
61.41760254 -0.04400000349
61.42080307 -0.05200000107
61.4240036 -0.056000001729
61.42720222 -0.06400000304
61.43040276 -0.072000004351
61.43360329 -0.080000005662
61.43680382 -0.068000003695
61.44000244 -0.068000003695
61.44320297 -0.076000005007
61.4464035 -0.080000005662
61.44960213 -0.068000003695
61.45280266 -0.06400000304
61.45600319 -0.076000005007
61.45920372 -0.072000004351
61.46240234 -0.06400000304
61.46560287 -0.056000001729
61.46880341 -0.04800000042
61.47200203 -0.02400000021
61.47520256 -0.03600000218
61.47840309 -0.02800000086
61.48160362 -0.03200000152
61.48480225 -0.02400000021
61.48800278 -0.02400000021
61.49120331 -0.0200000014
61.49440384 -0.00800000038
61.49760246 -0.00800000038
61.50080299 -0.00800000038
61.50400352 -0.00400000019
61.50720215 -0.00400000019
61.51040268 -0.00400000019
61.51360321 0.00400000019
61.51680374 0.00400000019
61.52000237 0.0120000001
61.5232029 0
61.52640343 0
61.52960205 0
61.53280258 -0.0120000001
61.53600311 -0.0160000008
61.53920364 -0.0160000008
61.54240227 -0.0200000014
61.5456028 -0.0200000014
61.54880333 -0.03200000152
61.55200386 -0.0200000014
61.55520248 -0.03600000218
61.55840302 -0.04400000349
61.56160355 -0.056000001729
61.56480217 -0.056000001729
61.5680027 -0.068000003695
61.57120323 -0.068000003695
61.57440376 -0.060000002384
61.57760239 -0.068000003695
61.58080292 -0.072000004351
61.58400345 -0.080000005662
61.58720207 -0.080000005662
61.5904026 -0.06400000304
61.59360313 -0.068000003695
61.59680367 -0.060000002384
61.60000229 -0.072000004351
61.60320282 -0.03600000218
61.60640335 -0.06400000304
61.60960197 -0.06400000304
61.61280251 -0.06400000304
61.61600304 -0.060000002384
61.61920357 -0.05200000107
61.62240219 -0.04800000042
61.62560272 -0.04800000042
61.62880325 -0.04400000349
61.63200378 -0.04000000283
61.63520241 -0.03600000218
61.63840294 -0.04000000283
61.64160347 -0.03200000152
61.64480209 -0.02400000021
61.64800262 -0.02800000086
61.65120316 -0.0160000008
61.65440369 -0.0160000008
61.65760231 -0.03200000152
61.66080284 -0.00800000038
61.66400337 -0.0120000001
61.667202 0
61.67040253 0.00400000019
61.67360306 -0.00800000038
61.67680359 0.00400000019
61.68000221 0.0120000001
61.68320274 0.00800000038
61.68640327 0.00400000019
61.68960381 0.0120000001
61.69280243 0.00400000019
61.69600296 0.00800000038
61.69920349 0.00400000019
61.70240211 0.00800000038
61.70560265 0.00400000019
61.70880318 0
61.71200371 0.00400000019
61.71520233 0.00400000019
61.71840286 0.00800000038
61.72160339 0
61.72480202 0.00400000019
61.72800255 0
61.73120308 -0.00400000019
61.73440361 0
61.73760223 -0.00400000019
61.74080276 0.00400000019
61.7440033 0
61.74720383 -0.00800000038
61.75040245 -0.00400000019
61.75360298 0
61.75680351 0.00400000019
61.76000214 0.00800000038
61.76320267 0.00400000019
61.7664032 0.00400000019
61.76960373 0.00400000019
61.77280235 0.00800000038
61.77600288 0.00400000019
61.77920341 0.0120000001
61.78240204 0.00400000019
61.78560257 0
61.7888031 0.00800000038
61.79200363 0.00400000019
61.79520226 0.00800000038
61.79840279 0.02800000086
61.80160332 0.00800000038
61.80480385 0.00400000019
61.80800247 0
61.811203 0.00400000019
61.81440353 -0.00800000038
61.81760216 -0.00400000019
61.82080269 -0.00400000019
61.82400322 -0.00400000019
61.82720375 -0.00800000038
61.83040237 0.00400000019
61.83360291 -0.00400000019
61.83680344 -0.00800000038
61.84000206 -0.0120000001
61.84320259 -0.02400000021
61.84640312 -0.0200000014
61.84960365 -0.0200000014
61.85280228 -0.0160000008
61.85600281 -0.0120000001
61.85920334 -0.00800000038
61.86240387 -0.00400000019
61.86560249 -0.00800000038
61.86880302 -0.00400000019
61.87200356 -0.0120000001
61.87520218 -0.0120000001
61.87840271 0
61.88160324 0.00800000038
61.88480377 -0.00800000038
61.8880024 0
61.89120293 0.00400000019
61.89440346 0.00800000038
61.89760208 0.00400000019
61.90080261 0.0120000001
61.90400314 0.0120000001
61.90720367 0.0120000001
61.9104023 0.00800000038
61.91360283 0.00400000019
61.91680336 0.00800000038
61.92000389 0
61.92320251 0
61.92640305 -0.00800000038
61.92960358 -0.00400000019
61.9328022 0
61.93600273 0.00400000019
61.93920326 -0.00400000019
61.94240379 -0.00400000019
61.94560242 -0.00800000038
61.94880295 -0.0120000001
61.95200348 -0.00400000019
61.9552021 -0.00800000038
61.95840263 -0.0120000001
61.96160316 -0.0120000001
61.9648037 0
61.96800232 0.00400000019
61.97120285 0.0120000001
61.97440338 0.04800000042
61.97760201 0.05200000107
61.98080254 0.072000004351
61.98400307 0.092000007629
61.9872036 0.1240000054
61.99040222 0.1400000006
61.99360275 0.16400000453
61.99680328 0.19600000978
62.00000381 0.2120000124
62.00320244 0.24000000954
62.00640297 0.24400001764
62.0096035 0.2880000174
62.01280212 0.29600000381
62.01600266 0.30400002003
62.01920319 0.32000002265
62.02240372 0.32400000095
62.02560234 0.32800000906
62.02880287 0.33200001717
62.0320034 0.32800000906
62.03520203 0.33200001717
62.03840256 0.32400000095
62.04160309 0.32000002265
62.04480362 0.32400000095
62.04800224 0.31600001454
62.05120277 0.33600002527
62.05440331 0.31200000644
62.05760384 0.30400002003
62.06080246 0.29600000381
62.06400299 0.2840000093
62.06720352 0.27200001478
62.07040215 0.26399999857
62.07360268 0.24400001764
62.07680321 0.22800001502
62.08000374 0.20800000429
62.08320236 0.18400001526
62.08640289 0.15600000322
62.08960342 0.1360000074
62.09280205 0.1080000028
62.09600258 0.072000004351
62.09920311 0.056000001729
62.10240364 0.03600000218
62.10560226 0.0120000001
62.1088028 -0.00800000038
62.11200333 -0.05200000107
62.11520386 -0.06400000304
62.11840248 -0.076000005007
62.12160301 -0.096000000834
62.12480354 -0.1000000015
62.12800217 -0.1240000054
62.1312027 -0.1480000019
62.13440323 -0.16400000453
62.13760376 -0.17200000584
62.14080238 -0.19600000978
62.14400291 -0.20000000298
62.14720345 -0.22400000691
62.15040207 -0.22000001371
62.1536026 -0.24400001764
62.15680313 -0.24000000954
62.16000366 -0.26000002027
62.16320229 -0.26399999857
62.16640282 -0.26399999857
62.16960335 -0.28000000119
62.17280388 -0.2840000093
62.1760025 -0.30000001192
62.17920303 -0.30800002813
62.18240356 -0.30800002813
62.18560219 -0.32400000095
62.18880272 -0.32400000095
62.19200325 -0.32800000906
62.19520378 -0.33200001717
62.1984024 -0.33600002527
62.20160294 -0.34000000358
62.20480347 -0.32400000095
62.20800209 -0.34400001168
62.21120262 -0.32000002265
62.21440315 -0.32800000906
62.21760368 -0.31600001454
62.22080231 -0.30000001192
62.22400284 -0.29200002551
62.22720337 -0.27600002289
62.2304039 -0.26800000668
62.23360252 -0.24000000954
62.23680305 -0.24000000954
62.24000359 -0.2160000056
62.24320221 -0.20400001109
62.24640274 -0.19600000978
62.24960327 -0.18400001526
62.2528038 -0.15600000322
62.25600243 -0.1440000087
62.25920296 -0.1400000006
62.26240349 -0.1240000054
62.26560211 -0.1120000035
62.26880264 -0.1000000015
62.27200317 -0.088000006974
62.2752037 -0.072000004351
62.27840233 -0.068000003695
62.28160286 -0.056000001729
62.28480339 -0.04800000042
62.28800201 -0.03600000218
62.29120255 -0.02800000086
62.29440308 -0.02800000086
62.29760361 -0.02400000021
62.30080223 -0.0160000008
62.30400276 -0.00800000038
62.30720329 0
62.31040382 0.00800000038
62.31360245 0.0120000001
62.31680298 0.02800000086
62.32000351 0.0160000008
62.32320213 0.00400000019
62.32640266 0
62.3296032 -0.00400000019
62.33280373 -0.00400000019
62.33600235 -0.00800000038
62.33920288 -0.0120000001
62.34240341 -0.0160000008
62.34560204 -0.0160000008
62.34880257 -0.02400000021
62.3520031 -0.03600000218
62.35520363 -0.00400000019
62.35840225 -0.04000000283
62.36160278 -0.04400000349
62.36480331 -0.04000000283
62.36800385 -0.04400000349
62.37120247 -0.04400000349
62.374403 -0.03200000152
62.37760353 -0.04000000283
62.38080215 -0.04000000283
62.38400269 -0.04400000349
62.38720322 -0.03200000152
62.39040375 -0.03600000218
62.39360237 -0.04400000349
62.3968029 -0.04000000283
62.40000343 -0.03200000152
62.40320206 -0.0200000014
62.40640259 -0.02400000021
62.40960312 -0.0120000001
62.41280365 -0.0160000008
62.41600227 -0.0120000001
62.4192028 0.00800000038
62.42240334 0.00400000019
62.42560387 0.02400000021
62.42880249 0.02400000021
62.43200302 0.03200000152
62.43520355 0.04000000283
62.43840218 0.05200000107
62.44160271 0.05200000107
62.44480324 0.076000005007
62.44800377 0.084000006318
62.45120239 0.084000006318
62.45440292 0.1000000015
62.45760345 0.1000000015
62.46080208 0.1160000041
62.46400261 0.1200000048
62.46720314 0.1319999993
62.47040367 0.15200001001
62.47360229 0.15200001001
62.47680283 0.15600000322
62.48000336 0.16800001264
62.48320389 0.17600001395
62.48640251 0.17200000584
62.48960304 0.18400001526
62.49280357 0.19200000167
62.4960022 0.20800000429
62.49920273 0.20400001109
62.50240326 0.20400001109
62.50560379 0.19600000978
62.50880241 0.18000000715
62.51200294 0.18000000715
62.51520348 0.17600001395
62.5184021 0.16800001264
62.52160263 0.17200000584
62.52480316 0.1480000019
62.52800369 0.15200001001
62.53120232 0.1280000061
62.53440285 0.1480000019
62.53760338 0.1360000074
62.54080391 0.1360000074
62.54400253 0.1280000061
62.54720306 0.1160000041
62.55040359 0.1160000041
62.55360222 0.1120000035
62.55680275 0.096000000834
62.56000328 0.096000000834
62.56320381 0.088000006974
62.56640244 0.084000006318
62.56960297 0.080000005662
62.5728035 0.080000005662
62.57600212 0.068000003695
62.57920265 0.060000002384
62.58240318 0.04800000042
62.58560371 0.04000000283
62.58880234 0.05200000107
62.59200287 0.02800000086
62.5952034 0.04000000283
62.59840202 0.0120000001
62.60160255 0.00800000038
62.60480309 0.0200000014
62.60800362 -0.00800000038
62.61120224 -0.02400000021
62.61440277 -0.0200000014
62.6176033 -0.03200000152
62.62080383 -0.03600000218
62.62400246 -0.04800000042
62.62720299 -0.05200000107
62.63040352 -0.072000004351
62.63360214 -0.084000006318
62.63680267 -0.080000005662
62.6400032 -0.1080000028
62.64320374 -0.1080000028
62.64640236 -0.1240000054
62.64960289 -0.1319999993
62.65280342 -0.1400000006
62.65600204 -0.1480000019
62.65920258 -0.15600000322
62.66240311 -0.17200000584
62.66560364 -0.17200000584
62.66880226 -0.18800000846
62.67200279 -0.20800000429
62.67520332 -0.20000000298
62.67840385 -0.2160000056
62.68160248 -0.22400000691
62.68480301 -0.22800001502
62.68800354 -0.23600001633
62.69120216 -0.25200000405
62.69440269 -0.26000002027
62.69760323 -0.24800001085
62.70080376 -0.26000002027
62.70400238 -0.24800001085
62.70720291 -0.25200000405
62.71040344 -0.23600001633
62.71360207 -0.22400000691
62.7168026 -0.2160000056
62.72000313 -0.20800000429
62.72320366 -0.20000000298
62.72640228 -0.20400001109
62.72960281 -0.18800000846
62.73280334 -0.18800000846
62.73600388 -0.16800001264
62.7392025 -0.16400000453
62.74240303 -0.15600000322
62.74560356 -0.1480000019
62.74880219 -0.1360000074
62.75200272 -0.1200000048
62.75520325 -0.1120000035
62.75840378 -0.1000000015
62.7616024 -0.088000006974
62.76480293 -0.068000003695
62.76800346 -0.060000002384
62.77120209 -0.05200000107
62.77440262 -0.03600000218
62.77760315 -0.0160000008
62.78080368 0
62.7840023 0.0200000014
62.78720284 0.03600000218
62.79040337 0.056000001729
62.7936039 0.068000003695
62.79680252 0.080000005662
62.80000305 0.1040000021
62.80320358 0.1240000054
62.80640221 0.1319999993
62.80960274 0.16000001132
62.81280327 0.16800001264
62.8160038 0.19600000978
62.81920242 0.20400001109
62.82240295 0.23200000823
62.82560349 0.24800001085
62.82880211 0.26800000668
62.83200264 0.28000000119
62.83520317 0.31200000644
62.8384037 0.33200001717
62.84160233 0.34000000358
62.84480286 0.34800001979
62.84800339 0.36000001431
62.85120392 0.36400002241
62.85440254 0.36400002241
62.85760307 0.3560000062
62.8608036 0.3560000062
62.86400223 0.35200002789
62.86720276 0.36000001431
62.87040329 0.34800001979
62.87360382 0.34400001168
62.87680244 0.33200001717
62.88000298 0.31600001454
62.88320351 0.31600001454
62.88640213 0.30000001192
62.88960266 0.29200002551
62.89280319 0.29200002551
62.89600372 0.26399999857
62.89920235 0.24800001085
62.90240288 0.23200000823
62.90560341 0.2160000056
62.90880394 0.19600000978
62.91200256 0.17600001395
62.91520309 0.1480000019
62.91840363 0.1360000074
62.92160225 0.1160000041
62.92480278 0.088000006974
62.92800331 0.068000003695
62.93120384 0.03600000218
62.93440247 0.0160000008
62.937603 -0.0200000014
62.94080353 -0.04400000349
62.94400215 -0.072000004351
62.94720268 -0.1080000028
62.95040321 -0.1080000028
62.95360374 -0.1440000087
62.95680237 -0.17600001395
62.9600029 -0.19600000978
62.96320343 -0.2120000124
62.96640205 -0.2160000056
62.96960258 -0.23600001633
62.97280312 -0.25600001216
62.97600365 -0.25200000405
62.97920227 -0.26399999857
62.9824028 -0.26399999857
62.98560333 -0.26800000668
62.98880386 -0.26399999857
62.99200249 -0.26399999857
62.99520302 -0.26800000668
62.99840355 -0.27200001478
63.00160217 -0.26000002027
63.0048027 -0.26800000668
63.00800323 -0.26800000668
63.01120377 -0.26399999857
63.01440239 -0.25600001216
63.01760292 -0.25200000405
63.02080345 -0.24400001764
63.02400208 -0.22400000691
63.02720261 -0.22400000691
63.03040314 -0.2160000056
63.03360367 -0.20800000429
63.03680229 -0.19600000978
63.04000282 -0.19200000167
63.04320335 -0.19200000167
63.04640388 -0.17200000584
63.04960251 -0.16800001264
63.05280304 -0.16000001132
63.05600357 -0.15600000322
63.05920219 -0.1400000006
63.06240273 -0.1400000006
63.06560326 -0.1200000048
63.06880379 -0.1000000015
63.07200241 -0.088000006974
63.07520294 -0.05200000107
63.07840347 -0.02400000021
63.0816021 -0.0200000014
63.08480263 0.0120000001
63.08800316 0.04400000349
63.09120369 0.068000003695
63.09440231 0.1000000015
63.09760284 0.1319999993
63.10080338 0.16400000453
63.10400391 0.18400001526
63.10720253 0.20000000298
63.11040306 0.22800001502
63.11360359 0.24000000954
63.11680222 0.24400001764
63.12000275 0.24000000954
63.12320328 0.24800001085
63.12640381 0.24400001764
63.12960243 0.24800001085
63.13280296 0.24800001085
63.13600349 0.24400001764
63.13920212 0.24400001764
63.14240265 0.22800001502
63.14560318 0.23200000823
63.14880371 0.22800001502
63.15200233 0.22000001371
63.15520287 0.20000000298
63.1584034 0.19200000167
63.16160393 0.19200000167
63.16480255 0.17600001395
63.16800308 0.16000001132
63.17120361 0.16800001264
63.17440224 0.1480000019
63.17760277 0.15200001001
63.1808033 0.1400000006
63.18400383 0.1200000048
63.18720245 0.1160000041
63.19040298 0.1120000035
63.19360352 0.1000000015
63.19680214 0.072000004351
63.20000267 0.060000002384
63.2032032 0.03200000152
63.20640373 0.00800000038
63.20960236 -0.0200000014
63.21280289 -0.056000001729
63.21600342 -0.068000003695
63.21920395 -0.096000000834
63.22240257 -0.1200000048
63.2256031 -0.1319999993
63.22880363 -0.1440000087
63.23200226 -0.1480000019
63.23520279 -0.19200000167
63.23840332 -0.19200000167
63.24160385 -0.20000000298
63.24480247 -0.22000001371
63.24800301 -0.2120000124
63.25120354 -0.22400000691
63.25440216 -0.22800001502
63.25760269 -0.22400000691
63.26080322 -0.22800001502
63.26400375 -0.23200000823
63.26720238 -0.23200000823
63.27040291 -0.22800001502
63.27360344 -0.2160000056
63.27680206 -0.22000001371
63.28000259 -0.2120000124
63.28320313 -0.20800000429
63.28640366 -0.2120000124
63.28960228 -0.20800000429
63.29280281 -0.18400001526
63.29600334 -0.17600001395
63.29920387 -0.17200000584
63.3024025 -0.1400000006
63.30560303 -0.1400000006
63.30880356 -0.1319999993
63.31200218 -0.1200000048
63.31520271 -0.084000006318
63.31840324 -0.080000005662
63.32160378 -0.05200000107
63.3248024 -0.04000000283
63.32800293 -0.0200000014
63.33120346 -0.0120000001
63.33440208 0
63.33760262 0.0120000001
63.34080315 0.03600000218
63.34400368 0.05200000107
63.3472023 0.05200000107
63.35040283 0.072000004351
63.35360336 0.072000004351
63.35680389 0.088000006974
63.36000252 0.092000007629
63.36320305 0.1000000015
63.36640358 0.1040000021
63.3696022 0.1080000028
63.37280273 0.1000000015
63.37600327 0.1120000035
63.3792038 0.1000000015
63.38240242 0.1040000021
63.38560295 0.1120000035
63.38880348 0.1200000048
63.39200211 0.1280000061
63.39520264 0.1360000074
63.39840317 0.1400000006
63.4016037 0.1480000019
63.40480232 0.16400000453
63.40800285 0.18000000715
63.41120338 0.18400001526
63.41440392 0.18800000846
63.41760254 0.2120000124
63.42080307 0.2120000124
63.4240036 0.22400000691
63.42720222 0.2160000056
63.43040276 0.22800001502
63.43360329 0.22800001502
63.43680382 0.22800001502
63.44000244 0.22800001502
63.44320297 0.22000001371
63.4464035 0.2160000056
63.44960213 0.20800000429
63.45280266 0.2120000124
63.45600319 0.20000000298
63.45920372 0.19600000978
63.46240234 0.18800000846
63.46560287 0.18400001526
63.46880341 0.18000000715
63.47200394 0.16400000453
63.47520256 0.1480000019
63.47840309 0.15200001001
63.48160362 0.1360000074
63.48480225 0.1280000061
63.48800278 0.1120000035
63.49120331 0.1040000021
63.49440384 0.092000007629
63.49760246 0.080000005662
63.50080299 0.084000006318
63.50400352 0.056000001729
63.50720215 0.04800000042
63.51040268 0.02400000021
63.51360321 0.04000000283
63.51680374 0.0200000014
63.52000237 0.0160000008
63.5232029 0.00800000038
63.52640343 -0.00400000019
63.52960396 -0.0120000001
63.53280258 -0.02400000021
63.53600311 -0.02800000086
63.53920364 -0.04000000283
63.54240227 -0.04400000349
63.5456028 -0.05200000107
63.54880333 -0.056000001729
63.55200386 -0.060000002384
63.55520248 -0.072000004351
63.55840302 -0.072000004351
63.56160355 -0.072000004351
63.56480217 -0.072000004351
63.5680027 -0.080000005662
63.57120323 -0.092000007629
63.57440376 -0.092000007629
63.57760239 -0.088000006974
63.58080292 -0.084000006318
63.58400345 -0.088000006974
63.58720207 -0.096000000834
63.5904026 -0.080000005662
63.59360313 -0.096000000834
63.59680367 -0.084000006318
63.60000229 -0.084000006318
63.60320282 -0.088000006974
63.60640335 -0.080000005662
63.60960388 -0.088000006974
63.61280251 -0.084000006318
63.61600304 -0.080000005662
63.61920357 -0.072000004351
63.62240219 -0.072000004351
63.62560272 -0.05200000107
63.62880325 -0.04400000349
63.63200378 -0.04000000283
63.63520241 -0.0160000008
63.63840294 -0.0160000008
63.64160347 -0.00400000019
63.64480209 0.00400000019
63.64800262 0.00800000038
63.65120316 0.02400000021
63.65440369 0.03200000152
63.65760231 0.06400000304
63.66080284 0.06400000304
63.66400337 0.072000004351
63.6672039 0.080000005662
63.67040253 0.084000006318
63.67360306 0.096000000834
63.67680359 0.1040000021
63.68000221 0.1120000035
63.68320274 0.1120000035
63.68640327 0.1280000061
63.68960381 0.1280000061
63.69280243 0.1240000054
63.69600296 0.1400000006
63.69920349 0.1480000019
63.70240211 0.1319999993
63.70560265 0.1440000087
63.70880318 0.1400000006
63.71200371 0.1400000006
63.71520233 0.1319999993
63.71840286 0.1280000061
63.72160339 0.1040000021
63.72480392 0.096000000834
63.72800255 0.080000005662
63.73120308 0.072000004351
63.73440361 0.060000002384
63.73760223 0.04000000283
63.74080276 0.03600000218
63.7440033 0.02400000021
63.74720383 0.0200000014
63.75040245 0.00800000038
63.75360298 0.00800000038
63.75680351 0
63.76000214 -0.00800000038
63.76320267 -0.00400000019
63.7664032 -0.0120000001
63.76960373 -0.0160000008
63.77280235 -0.0200000014
63.77600288 -0.0120000001
63.77920341 -0.02800000086
63.78240395 -0.02400000021
63.78560257 -0.02800000086
63.7888031 -0.02800000086
63.79200363 -0.04400000349
63.79520226 -0.04800000042
63.79840279 -0.076000005007
63.80160332 -0.060000002384
63.80480385 -0.060000002384
63.80800247 -0.076000005007
63.811203 -0.080000005662
63.81440353 -0.080000005662
63.81760216 -0.080000005662
63.82080269 -0.080000005662
63.82400322 -0.088000006974
63.82720375 -0.088000006974
63.83040237 -0.084000006318
63.83360291 -0.088000006974
63.83680344 -0.088000006974
63.84000397 -0.076000005007
63.84320259 -0.084000006318
63.84640312 -0.080000005662
63.84960365 -0.084000006318
63.85280228 -0.096000000834
63.85600281 -0.088000006974
63.85920334 -0.084000006318
63.86240387 -0.084000006318
63.86560249 -0.080000005662
63.86880302 -0.072000004351
63.87200356 -0.05200000107
63.87520218 -0.084000006318
63.87840271 -0.076000005007
63.88160324 -0.06400000304
63.88480377 -0.080000005662
63.8880024 -0.068000003695
63.89120293 -0.076000005007
63.89440346 -0.068000003695
63.89760208 -0.06400000304
63.90080261 -0.072000004351
63.90400314 -0.072000004351
63.90720367 -0.068000003695
63.9104023 -0.080000005662
63.91360283 -0.084000006318
63.91680336 -0.088000006974
63.92000389 -0.088000006974
63.92320251 -0.088000006974
63.92640305 -0.1000000015
63.92960358 -0.1120000035
63.9328022 -0.1040000021
63.93600273 -0.1080000028
63.93920326 -0.1240000054
63.94240379 -0.1240000054
63.94560242 -0.1319999993
63.94880295 -0.1360000074
63.95200348 -0.1440000087
63.9552021 -0.15600000322
63.95840263 -0.16000001132
63.96160316 -0.16000001132
63.9648037 -0.16400000453
63.96800232 -0.16800001264
63.97120285 -0.18000000715
63.97440338 -0.18400001526
63.97760391 -0.18800000846
63.98080254 -0.19600000978
63.98400307 -0.19600000978
63.9872036 -0.2120000124
63.99040222 0.26000002027
63.99360275 0.26000002027
63.99680328 0.26000002027
